1994,7,28,576,-131
1994,7,29,595,-112
1994,7,30,597,-110
1994,7,31,598,-109
1994,8,1,594,-113
1994,8,2,574,-133
1994,8,3,554,-153
1994,8,4,539,-168
1994,8,5,533,-174
1994,8,6,548,-159
1994,8,7,564,-143
1994,8,8,573,-134
1994,8,9,580,-127
1994,8,10,604,-103
1994,8,11,594,-113
1994,8,12,568,-139
1994,8,13,565,-142
1994,8,14,590,-117
1994,8,15,586,-121
1994,8,16,578,-129
1994,8,17,591,-116
1994,8,18,594,-113
1994,8,19,590,-117
1994,8,20,572,-135
1994,8,21,557,-150
1994,8,22,568,-139
1994,8,23,559,-148
1994,8,24,568,-139
1994,8,25,561,-146
1994,8,26,549,-158
1994,8,27,559,-148
1994,8,28,566,-141
1994,8,29,568,-139
1994,8,30,550,-157
1994,8,31,525,-182
1994,9,1,530,-177
1994,9,2,521,-186
1994,9,3,510,-197
1994,9,4,500,-207
1994,9,5,502,-205
1994,9,6,505,-202
1994,9,7,521,-186
1994,9,8,518,-189
1994,9,9,511,-196
1994,9,10,510,-197
1994,9,11,503,-204
1994,9,12,518,-189
1994,9,13,515,-192
1994,9,14,511,-196
1994,9,15,517,-190
1994,9,16,507,-200
1994,9,17,491,-216
1994,9,18,486,-221
1994,9,19,471,-236
1994,9,20,470,-237
1994,9,21,475,-232
1994,9,22,453,-254
1994,9,23,441,-266
1994,9,24,445,-262
1994,9,25,439,-268
1994,9,26,433,-274
1994,9,27,447,-260
1994,9,28,466,-241
1994,9,29,468,-239
1994,9,30,479,-228
1994,10,1,-32767,-33474
1994,10,2,-32767,-33474
1994,10,3,497,-210
1994,10,4,536,-171
1994,10,5,547,-160
1994,10,6,545,-162
1994,10,7,539,-168
1994,10,8,537,-170
1994,10,9,528,-179
1994,10,10,508,-199
1994,10,11,520,-187
1994,10,12,537,-170
1994,10,13,543,-164
1994,10,14,543,-164
1994,10,15,531,-176
1994,10,16,527,-180
1994,10,17,547,-160
1994,10,18,543,-164
1994,10,19,533,-174
1994,10,20,529,-178
1994,10,21,534,-173
1994,10,22,535,-172
1994,10,23,534,-173
1994,10,24,558,-149
1994,10,25,563,-144
1994,10,26,554,-153
1994,10,27,535,-172
1994,10,28,547,-160
1994,10,29,562,-145
1994,10,30,568,-139
1994,10,31,567,-140
1994,11,1,573,-134
1994,11,2,570,-137
1994,11,3,555,-152
1994,11,4,545,-162
1994,11,5,550,-157
1994,11,6,555,-152
1994,11,7,570,-137
1994,11,8,567,-140
1994,11,9,579,-128
1994,11,10,593,-114
1994,11,11,591,-116
1994,11,12,596,-111
1994,11,13,591,-116
1994,11,14,587,-120
1994,11,15,575,-132
1994,11,16,551,-156
1994,11,17,542,-165
1994,11,18,526,-181
1994,11,19,519,-188
1994,11,20,524,-183
1994,11,21,519,-188
1994,11,22,513,-194
1994,11,23,531,-176
1994,11,24,533,-174
1994,11,25,547,-160
1994,11,26,565,-142
1994,11,27,568,-139
1994,11,28,577,-130
1994,11,29,591,-116
1994,11,30,600,-107
1994,12,1,592,-115
1994,12,2,582,-125
1994,12,3,577,-130
1994,12,4,565,-142
1994,12,5,575,-132
1994,12,6,587,-120
1994,12,7,584,-123
1994,12,8,583,-124
1994,12,9,597,-110
1994,12,10,596,-111
1994,12,11,602,-105
1994,12,12,617,-90
1994,12,13,616,-91
1994,12,14,594,-113
1994,12,15,565,-142
1994,12,16,551,-156
1994,12,17,545,-162
1994,12,18,535,-172
1994,12,19,517,-190
1994,12,20,522,-185
1994,12,21,518,-189
1994,12,22,519,-188
1994,12,23,507,-200
1994,12,24,507,-200
1994,12,25,524,-183
1994,12,26,528,-179
1994,12,27,531,-176
1994,12,28,542,-165
1994,12,29,535,-172
1994,12,30,523,-184
1994,12,31,528,-179
1995,1,1,534,-173
1995,1,2,521,-186
1995,1,3,509,-198
1995,1,4,523,-184
1995,1,5,520,-187
1995,1,6,522,-185
1995,1,7,536,-171
1995,1,8,531,-176
1995,1,9,533,-174
1995,1,10,530,-177
1995,1,11,537,-170
1995,1,12,513,-194
1995,1,13,501,-206
1995,1,14,523,-184
1995,1,15,522,-185
1995,1,16,518,-189
1995,1,17,522,-185
1995,1,18,509,-198
1995,1,19,525,-182
1995,1,20,537,-170
1995,1,21,533,-174
1995,1,22,547,-160
1995,1,23,554,-153
1995,1,24,539,-168
1995,1,25,525,-182
1995,1,26,521,-186
1995,1,27,523,-184
1995,1,28,519,-188
1995,1,29,504,-203
1995,1,30,503,-204
1995,1,31,499,-208
1995,2,1,500,-207
1995,2,2,498,-209
1995,2,3,489,-218
1995,2,4,475,-232
1995,2,5,471,-236
1995,2,6,473,-234
1995,2,7,474,-233
1995,2,8,479,-228
1995,2,9,497,-210
1995,2,10,523,-184
1995,2,11,510,-197
1995,2,12,494,-213
1995,2,13,509,-198
1995,2,14,514,-193
1995,2,15,510,-197
1995,2,16,506,-201
1995,2,17,517,-190
1995,2,18,517,-190
1995,2,19,513,-194
1995,2,20,512,-195
1995,2,21,495,-212
1995,2,22,494,-213
1995,2,23,502,-205
1995,2,24,511,-196
1995,2,25,525,-182
1995,2,26,532,-175
1995,2,27,550,-157
1995,2,28,594,-113
1995,3,1,628,-79
1995,3,2,638,-69
1995,3,3,647,-60
1995,3,4,648,-59
1995,3,5,640,-67
1995,3,6,643,-64
1995,3,7,638,-69
1995,3,8,644,-63
1995,3,9,666,-41
1995,3,10,664,-43
1995,3,11,642,-65
1995,3,12,671,-36
1995,3,13,684,-23
1995,3,14,677,-30
1995,3,15,695,-12
1995,3,16,690,-17
1995,3,17,679,-28
1995,3,18,694,-13
1995,3,19,700,-7
1995,3,20,682,-25
1995,3,21,671,-36
1995,3,22,680,-27
1995,3,23,689,-18
1995,3,24,690,-17
1995,3,25,688,-19
1995,3,26,684,-23
1995,3,27,699,-8
1995,3,28,721,14
1995,3,29,724,17
1995,3,30,705,-2
1995,3,31,689,-18
1995,4,1,699,-8
1995,4,2,701,-6
1995,4,3,693,-14
1995,4,4,684,-23
1995,4,5,684,-23
1995,4,6,681,-26
1995,4,7,687,-20
1995,4,8,700,-7
1995,4,9,705,-2
1995,4,10,724,17
1995,4,11,721,14
1995,4,12,705,-2
1995,4,13,709,2
1995,4,14,715,8
1995,4,15,720,13
1995,4,16,726,19
1995,4,17,743,36
1995,4,18,761,54
1995,4,19,761,54
1995,4,20,765,58
1995,4,21,759,52
1995,4,22,749,42
1995,4,23,734,27
1995,4,24,747,40
1995,4,25,752,45
1995,4,26,744,37
1995,4,27,730,23
1995,4,28,719,12
1995,4,29,702,-5
1995,4,30,690,-17
1995,5,1,674,-33
1995,5,2,652,-55
1995,5,3,640,-67
1995,5,4,651,-56
1995,5,5,668,-39
1995,5,6,667,-40
1995,5,7,655,-52
1995,5,8,671,-36
1995,5,9,692,-15
1995,5,10,698,-9
1995,5,11,706,-1
1995,5,12,705,-2
1995,5,13,704,-3
1995,5,14,698,-9
1995,5,15,683,-24
1995,5,16,660,-47
1995,5,17,647,-60
1995,5,18,658,-49
1995,5,19,676,-31
1995,5,20,669,-38
1995,5,21,645,-62
1995,5,22,636,-71
1995,5,23,647,-60
1995,5,24,670,-37
1995,5,25,672,-35
1995,5,26,661,-46
1995,5,27,654,-53
1995,5,28,645,-62
1995,5,29,642,-65
1995,5,30,626,-81
1995,5,31,616,-91
1995,6,1,604,-103
1995,6,2,610,-97
1995,6,3,617,-90
1995,6,4,608,-99
1995,6,5,607,-100
1995,6,6,610,-97
1995,6,7,617,-90
1995,6,8,614,-93
1995,6,9,613,-94
1995,6,10,611,-96
1995,6,11,619,-88
1995,6,12,611,-96
1995,6,13,603,-104
1995,6,14,626,-81
1995,6,15,648,-59
1995,6,16,652,-55
1995,6,17,646,-61
1995,6,18,636,-71
1995,6,19,640,-67
1995,6,20,645,-62
1995,6,21,657,-50
1995,6,22,652,-55
1995,6,23,644,-63
1995,6,24,639,-68
1995,6,25,634,-73
1995,6,26,646,-61
1995,6,27,631,-76
1995,6,28,628,-79
1995,6,29,642,-65
1995,6,30,640,-67
1995,7,1,659,-48
1995,7,2,690,-17
1995,7,3,706,-1
1995,7,4,697,-10
1995,7,5,689,-18
1995,7,6,709,2
1995,7,7,679,-28
1995,7,8,668,-39
1995,7,9,680,-27
1995,7,10,682,-25
1995,7,11,698,-9
1995,7,12,703,-4
1995,7,13,686,-21
1995,7,14,688,-19
1995,7,15,700,-7
1995,7,16,692,-15
1995,7,17,680,-27
1995,7,18,669,-38
1995,7,19,666,-41
1995,7,20,643,-64
1995,7,21,653,-54
1995,7,22,676,-31
1995,7,23,647,-60
1995,7,24,649,-58
1995,7,25,666,-41
1995,7,26,649,-58
1995,7,27,637,-70
1995,7,28,644,-63
1995,7,29,661,-46
1995,7,30,677,-30
1995,7,31,672,-35
1995,8,1,686,-21
1995,8,2,698,-9
1995,8,3,688,-19
1995,8,4,683,-24
1995,8,5,668,-39
1995,8,6,671,-36
1995,8,7,681,-26
1995,8,8,662,-45
1995,8,9,660,-47
1995,8,10,683,-24
1995,8,11,685,-22
1995,8,12,650,-57
1995,8,13,638,-69
1995,8,14,632,-75
1995,8,15,627,-80
1995,8,16,624,-83
1995,8,17,634,-73
1995,8,18,624,-83
1995,8,19,622,-85
1995,8,20,640,-67
1995,8,21,644,-63
1995,8,22,627,-80
1995,8,23,617,-90
1995,8,24,630,-77
1995,8,25,645,-62
1995,8,26,649,-58
1995,8,27,645,-62
1995,8,28,639,-68
1995,8,29,616,-91
1995,8,30,624,-83
1995,8,31,635,-72
1995,9,1,625,-82
1995,9,2,619,-88
1995,9,3,644,-63
1995,9,4,643,-64
1995,9,5,648,-59
1995,9,6,644,-63
1995,9,7,630,-77
1995,9,8,642,-65
1995,9,9,653,-54
1995,9,10,647,-60
1995,9,11,623,-84
1995,9,12,604,-103
1995,9,13,617,-90
1995,9,14,648,-59
1995,9,15,633,-74
1995,9,16,607,-100
1995,9,17,612,-95
1995,9,18,650,-57
1995,9,19,661,-46
1995,9,20,646,-61
1995,9,21,673,-34
1995,9,22,675,-32
1995,9,23,663,-44
1995,9,24,658,-49
1995,9,25,677,-30
1995,9,26,679,-28
1995,9,27,651,-56
1995,9,28,643,-64
1995,9,29,652,-55
1995,9,30,645,-62
1995,10,1,647,-60
1995,10,2,649,-58
1995,10,3,656,-51
1995,10,4,668,-39
1995,10,5,677,-30
1995,10,6,686,-21
1995,10,7,674,-33
1995,10,8,677,-30
1995,10,9,687,-20
1995,10,10,670,-37
1995,10,11,655,-52
1995,10,12,650,-57
1995,10,13,672,-35
1995,10,14,698,-9
1995,10,15,698,-9
1995,10,16,680,-27
1995,10,17,666,-41
1995,10,18,666,-41
1995,10,19,681,-26
1995,10,20,697,-10
1995,10,21,694,-13
1995,10,22,694,-13
1995,10,23,704,-3
1995,10,24,716,9
1995,10,25,700,-7
1995,10,26,685,-22
1995,10,27,693,-14
1995,10,28,705,-2
1995,10,29,693,-14
1995,10,30,688,-19
1995,10,31,699,-8
1995,11,1,698,-9
1995,11,2,692,-15
1995,11,3,696,-11
1995,11,4,673,-34
1995,11,5,673,-34
1995,11,6,677,-30
1995,11,7,661,-46
1995,11,8,665,-42
1995,11,9,689,-18
1995,11,10,692,-15
1995,11,11,689,-18
1995,11,12,689,-18
1995,11,13,689,-18
1995,11,14,688,-19
1995,11,15,687,-20
1995,11,16,682,-25
1995,11,17,686,-21
1995,11,18,702,-5
1995,11,19,720,13
1995,11,20,730,23
1995,11,21,723,16
1995,11,22,731,24
1995,11,23,728,21
1995,11,24,713,6
1995,11,25,723,16
1995,11,26,728,21
1995,11,27,725,18
1995,11,28,747,40
1995,11,29,750,43
1995,11,30,741,34
1995,12,1,728,21
1995,12,2,725,18
1995,12,3,737,30
1995,12,4,745,38
1995,12,5,737,30
1995,12,6,714,7
1995,12,7,712,5
1995,12,8,706,-1
1995,12,9,702,-5
1995,12,10,708,1
1995,12,11,713,6
1995,12,12,696,-11
1995,12,13,695,-12
1995,12,14,702,-5
1995,12,15,701,-6
1995,12,16,707,0
1995,12,17,695,-12
1995,12,18,691,-16
1995,12,19,698,-9
1995,12,20,696,-11
1995,12,21,691,-16
1995,12,22,684,-23
1995,12,23,694,-13
1995,12,24,688,-19
1995,12,25,678,-29
1995,12,26,687,-20
1995,12,27,697,-10
1995,12,28,684,-23
1995,12,29,689,-18
1995,12,30,686,-21
1995,12,31,657,-50
1996,1,1,654,-53
1996,1,2,663,-44
1996,1,3,675,-32
1996,1,4,673,-34
1996,1,5,676,-31
1996,1,6,681,-26
1996,1,7,666,-41
1996,1,8,666,-41
1996,1,9,693,-14
1996,1,10,699,-8
1996,1,11,686,-21
1996,1,12,685,-22
1996,1,13,709,2
1996,1,14,705,-2
1996,1,15,688,-19
1996,1,16,701,-6
1996,1,17,701,-6
1996,1,18,702,-5
1996,1,19,709,2
1996,1,20,730,23
1996,1,21,747,40
1996,1,22,741,34
1996,1,23,739,32
1996,1,24,724,17
1996,1,25,715,8
1996,1,26,716,9
1996,1,27,709,2
1996,1,28,710,3
1996,1,29,712,5
1996,1,30,705,-2
1996,1,31,713,6
1996,2,1,699,-8
1996,2,2,697,-10
1996,2,3,726,19
1996,2,4,734,27
1996,2,5,738,31
1996,2,6,745,38
1996,2,7,748,41
1996,2,8,745,38
1996,2,9,762,55
1996,2,10,763,56
1996,2,11,759,52
1996,2,12,773,66
1996,2,13,787,80
1996,2,14,783,76
1996,2,15,797,90
1996,2,16,800,93
1996,2,17,802,95
1996,2,18,797,90
1996,2,19,810,103
1996,2,20,839,132
1996,2,21,844,137
1996,2,22,818,111
1996,2,23,793,86
1996,2,24,797,90
1996,2,25,783,76
1996,2,26,773,66
1996,2,27,764,57
1996,2,28,769,62
1996,2,29,786,79
1996,3,1,790,83
1996,3,2,806,99
1996,3,3,813,106
1996,3,4,808,101
1996,3,5,816,109
1996,3,6,822,115
1996,3,7,821,114
1996,3,8,821,114
1996,3,9,807,100
1996,3,10,795,88
1996,3,11,792,85
1996,3,12,762,55
1996,3,13,735,28
1996,3,14,758,51
1996,3,15,785,78
1996,3,16,792,85
1996,3,17,794,87
1996,3,18,794,87
1996,3,19,815,108
1996,3,20,827,120
1996,3,21,828,121
1996,3,22,819,112
1996,3,23,802,95
1996,3,24,802,95
1996,3,25,809,102
1996,3,26,803,96
1996,3,27,786,79
1996,3,28,780,73
1996,3,29,778,71
1996,3,30,792,85
1996,3,31,790,83
1996,4,1,797,90
1996,4,2,797,90
1996,4,3,795,88
1996,4,4,804,97
1996,4,5,811,104
1996,4,6,809,102
1996,4,7,793,86
1996,4,8,788,81
1996,4,9,800,93
1996,4,10,824,117
1996,4,11,832,125
1996,4,12,842,135
1996,4,13,846,139
1996,4,14,841,134
1996,4,15,854,147
1996,4,16,861,154
1996,4,17,852,145
1996,4,18,837,130
1996,4,19,831,124
1996,4,20,831,124
1996,4,21,852,145
1996,4,22,855,148
1996,4,23,827,120
1996,4,24,833,126
1996,4,25,847,140
1996,4,26,829,122
1996,4,27,833,126
1996,4,28,833,126
1996,4,29,829,122
1996,4,30,829,122
1996,5,1,830,123
1996,5,2,827,120
1996,5,3,827,120
1996,5,4,828,121
1996,5,5,825,118
1996,5,6,807,100
1996,5,7,815,108
1996,5,8,809,102
1996,5,9,806,99
1996,5,10,799,92
1996,5,11,791,84
1996,5,12,768,61
1996,5,13,756,49
1996,5,14,777,70
1996,5,15,765,58
1996,5,16,720,13
1996,5,17,707,0
1996,5,18,701,-6
1996,5,19,691,-16
1996,5,20,680,-27
1996,5,21,674,-33
1996,5,22,687,-20
1996,5,23,688,-19
1996,5,24,678,-29
1996,5,25,671,-36
1996,5,26,664,-43
1996,5,27,678,-29
1996,5,28,702,-5
1996,5,29,699,-8
1996,5,30,698,-9
1996,5,31,682,-25
1996,6,1,688,-19
1996,6,2,701,-6
1996,6,3,686,-21
1996,6,4,683,-24
1996,6,5,682,-25
1996,6,6,688,-19
1996,6,7,682,-25
1996,6,8,668,-39
1996,6,9,668,-39
1996,6,10,678,-29
1996,6,11,676,-31
1996,6,12,666,-41
1996,6,13,669,-38
1996,6,14,652,-55
1996,6,15,633,-74
1996,6,16,639,-68
1996,6,17,657,-50
1996,6,18,658,-49
1996,6,19,655,-52
1996,6,20,661,-46
1996,6,21,662,-45
1996,6,22,638,-69
1996,6,23,613,-94
1996,6,24,617,-90
1996,6,25,612,-95
1996,6,26,622,-85
1996,6,27,628,-79
1996,6,28,619,-88
1996,6,29,626,-81
1996,6,30,626,-81
1996,7,1,635,-72
1996,7,2,652,-55
1996,7,3,645,-62
1996,7,4,631,-76
1996,7,5,631,-76
1996,7,6,659,-48
1996,7,7,682,-25
1996,7,8,672,-35
1996,7,9,648,-59
1996,7,10,660,-47
1996,7,11,676,-31
1996,7,12,666,-41
1996,7,13,650,-57
1996,7,14,645,-62
1996,7,15,653,-54
1996,7,16,665,-42
1996,7,17,678,-29
1996,7,18,669,-38
1996,7,19,658,-49
1996,7,20,653,-54
1996,7,21,642,-65
1996,7,22,641,-66
1996,7,23,668,-39
1996,7,24,675,-32
1996,7,25,665,-42
1996,7,26,661,-46
1996,7,27,674,-33
1996,7,28,681,-26
1996,7,29,701,-6
1996,7,30,700,-7
1996,7,31,671,-36
1996,8,1,672,-35
1996,8,2,680,-27
1996,8,3,659,-48
1996,8,4,659,-48
1996,8,5,673,-34
1996,8,6,672,-35
1996,8,7,657,-50
1996,8,8,647,-60
1996,8,9,662,-45
1996,8,10,678,-29
1996,8,11,672,-35
1996,8,12,658,-49
1996,8,13,644,-63
1996,8,14,656,-51
1996,8,15,662,-45
1996,8,16,663,-44
1996,8,17,659,-48
1996,8,18,659,-48
1996,8,19,679,-28
1996,8,20,668,-39
1996,8,21,650,-57
1996,8,22,664,-43
1996,8,23,663,-44
1996,8,24,664,-43
1996,8,25,676,-31
1996,8,26,667,-40
1996,8,27,658,-49
1996,8,28,667,-40
1996,8,29,662,-45
1996,8,30,659,-48
1996,8,31,674,-33
1996,9,1,685,-22
1996,9,2,689,-18
1996,9,3,705,-2
1996,9,4,697,-10
1996,9,5,677,-30
1996,9,6,682,-25
1996,9,7,695,-12
1996,9,8,707,0
1996,9,9,707,0
1996,9,10,717,10
1996,9,11,728,21
1996,9,12,720,13
1996,9,13,693,-14
1996,9,14,696,-11
1996,9,15,709,2
1996,9,16,702,-5
1996,9,17,682,-25
1996,9,18,681,-26
1996,9,19,691,-16
1996,9,20,694,-13
1996,9,21,685,-22
1996,9,22,687,-20
1996,9,23,681,-26
1996,9,24,668,-39
1996,9,25,667,-40
1996,9,26,663,-44
1996,9,27,671,-36
1996,9,28,653,-54
1996,9,29,638,-69
1996,9,30,646,-61
1996,10,1,640,-67
1996,10,2,638,-69
1996,10,3,646,-61
1996,10,4,644,-63
1996,10,5,650,-57
1996,10,6,653,-54
1996,10,7,660,-47
1996,10,8,644,-63
1996,10,9,654,-53
1996,10,10,664,-43
1996,10,11,663,-44
1996,10,12,644,-63
1996,10,13,634,-73
1996,10,14,646,-61
1996,10,15,652,-55
1996,10,16,645,-62
1996,10,17,647,-60
1996,10,18,686,-21
1996,10,19,708,1
1996,10,20,686,-21
1996,10,21,676,-31
1996,10,22,690,-17
1996,10,23,723,16
1996,10,24,734,27
1996,10,25,703,-4
1996,10,26,695,-12
1996,10,27,712,5
1996,10,28,720,13
1996,10,29,703,-4
1996,10,30,695,-12
1996,10,31,708,1
1996,11,1,726,19
1996,11,2,736,29
1996,11,3,741,34
1996,11,4,736,29
1996,11,5,744,37
1996,11,6,730,23
1996,11,7,724,17
1996,11,8,727,20
1996,11,9,718,11
1996,11,10,700,-7
1996,11,11,682,-25
1996,11,12,688,-19
1996,11,13,701,-6
1996,11,14,684,-23
1996,11,15,669,-38
1996,11,16,698,-9
1996,11,17,715,8
1996,11,18,701,-6
1996,11,19,691,-16
1996,11,20,714,7
1996,11,21,740,33
1996,11,22,723,16
1996,11,23,673,-34
1996,11,24,665,-42
1996,11,25,665,-42
1996,11,26,670,-37
1996,11,27,663,-44
1996,11,28,653,-54
1996,11,29,656,-51
1996,11,30,652,-55
1996,12,1,656,-51
1996,12,2,677,-30
1996,12,3,693,-14
1996,12,4,698,-9
1996,12,5,703,-4
1996,12,6,720,13
1996,12,7,702,-5
1996,12,8,680,-27
1996,12,9,705,-2
1996,12,10,725,18
1996,12,11,713,6
1996,12,12,721,14
1996,12,13,719,12
1996,12,14,734,27
1996,12,15,750,43
1996,12,16,726,19
1996,12,17,711,4
1996,12,18,725,18
1996,12,19,745,38
1996,12,20,748,41
1996,12,21,737,30
1996,12,22,747,40
1996,12,23,737,30
1996,12,24,759,52
1996,12,25,825,118
1996,12,26,786,79
1996,12,27,715,8
1996,12,28,700,-7
1996,12,29,725,18
1996,12,30,699,-8
1996,12,31,672,-35
1997,1,1,673,-34
1997,1,2,674,-33
1997,1,3,666,-41
1997,1,4,692,-15
1997,1,5,693,-14
1997,1,6,658,-49
1997,1,7,677,-30
1997,1,8,679,-28
1997,1,9,661,-46
1997,1,10,666,-41
1997,1,11,670,-37
1997,1,12,653,-54
1997,1,13,660,-47
1997,1,14,672,-35
1997,1,15,679,-28
1997,1,16,662,-45
1997,1,17,667,-40
1997,1,18,676,-31
1997,1,19,657,-50
1997,1,20,664,-43
1997,1,21,659,-48
1997,1,22,650,-57
1997,1,23,665,-42
1997,1,24,678,-29
1997,1,25,682,-25
1997,1,26,691,-16
1997,1,27,711,4
1997,1,28,720,13
1997,1,29,699,-8
1997,1,30,704,-3
1997,1,31,697,-10
1997,2,1,701,-6
1997,2,2,724,17
1997,2,3,721,14
1997,2,4,715,8
1997,2,5,715,8
1997,2,6,714,7
1997,2,7,728,21
1997,2,8,714,7
1997,2,9,714,7
1997,2,10,728,21
1997,2,11,729,22
1997,2,12,723,16
1997,2,13,725,18
1997,2,14,732,25
1997,2,15,731,24
1997,2,16,721,14
1997,2,17,725,18
1997,2,18,749,42
1997,2,19,755,48
1997,2,20,750,43
1997,2,21,744,37
1997,2,22,728,21
1997,2,23,755,48
1997,2,24,752,45
1997,2,25,734,27
1997,2,26,729,22
1997,2,27,737,30
1997,2,28,761,54
1997,3,1,755,48
1997,3,2,732,25
1997,3,3,738,31
1997,3,4,747,40
1997,3,5,779,72
1997,3,6,807,100
1997,3,7,834,127
1997,3,8,836,129
1997,3,9,845,138
1997,3,10,860,153
1997,3,11,824,117
1997,3,12,811,104
1997,3,13,793,86
1997,3,14,759,52
1997,3,15,753,46
1997,3,16,774,67
1997,3,17,781,74
1997,3,18,763,56
1997,3,19,759,52
1997,3,20,748,41
1997,3,21,701,-6
1997,3,22,687,-20
1997,3,23,708,1
1997,3,24,694,-13
1997,3,25,683,-24
1997,3,26,687,-20
1997,3,27,683,-24
1997,3,28,685,-22
1997,3,29,696,-11
1997,3,30,690,-17
1997,3,31,697,-10
1997,4,1,699,-8
1997,4,2,702,-5
1997,4,3,703,-4
1997,4,4,699,-8
1997,4,5,676,-31
1997,4,6,677,-30
1997,4,7,667,-40
1997,4,8,646,-61
1997,4,9,627,-80
1997,4,10,625,-82
1997,4,11,628,-79
1997,4,12,633,-74
1997,4,13,630,-77
1997,4,14,596,-111
1997,4,15,608,-99
1997,4,16,591,-116
1997,4,17,559,-148
1997,4,18,553,-154
1997,4,19,544,-163
1997,4,20,564,-143
1997,4,21,565,-142
1997,4,22,553,-154
1997,4,23,544,-163
1997,4,24,515,-192
1997,4,25,517,-190
1997,4,26,522,-185
1997,4,27,537,-170
1997,4,28,561,-146
1997,4,29,575,-132
1997,4,30,589,-118
1997,5,1,580,-127
1997,5,2,576,-131
1997,5,3,565,-142
1997,5,4,557,-150
1997,5,5,570,-137
1997,5,6,548,-159
1997,5,7,529,-178
1997,5,8,525,-182
1997,5,9,513,-194
1997,5,10,498,-209
1997,5,11,504,-203
1997,5,12,510,-197
1997,5,13,531,-176
1997,5,14,556,-151
1997,5,15,559,-148
1997,5,16,564,-143
1997,5,17,595,-112
1997,5,18,600,-107
1997,5,19,604,-103
1997,5,20,617,-90
1997,5,21,611,-96
1997,5,22,599,-108
1997,5,23,589,-118
1997,5,24,595,-112
1997,5,25,602,-105
1997,5,26,604,-103
1997,5,27,612,-95
1997,5,28,625,-82
1997,5,29,617,-90
1997,5,30,596,-111
1997,5,31,603,-104
1997,6,1,611,-96
1997,6,2,586,-121
1997,6,3,559,-148
1997,6,4,548,-159
1997,6,5,557,-150
1997,6,6,574,-133
1997,6,7,560,-147
1997,6,8,543,-164
1997,6,9,551,-156
1997,6,10,557,-150
1997,6,11,556,-151
1997,6,12,564,-143
1997,6,13,570,-137
1997,6,14,577,-130
1997,6,15,575,-132
1997,6,16,574,-133
1997,6,17,566,-141
1997,6,18,554,-153
1997,6,19,550,-157
1997,6,20,541,-166
1997,6,21,535,-172
1997,6,22,537,-170
1997,6,23,560,-147
1997,6,24,577,-130
1997,6,25,571,-136
1997,6,26,577,-130
1997,6,27,575,-132
1997,6,28,574,-133
1997,6,29,575,-132
1997,6,30,569,-138
1997,7,1,-32767,-33474
1997,7,2,-32767,-33474
1997,7,3,-32767,-33474
1997,7,4,-32767,-33474
1997,7,5,-32767,-33474
1997,7,6,-32767,-33474
1997,7,7,-32767,-33474
1997,7,8,-32767,-33474
1997,7,9,-32767,-33474
1997,7,10,-32767,-33474
1997,7,11,-32767,-33474
1997,7,12,-32767,-33474
1997,7,13,-32767,-33474
1997,7,14,-32767,-33474
1997,7,15,-32767,-33474
1997,7,16,-32767,-33474
1997,7,17,-32767,-33474
1997,7,18,-32767,-33474
1997,7,19,-32767,-33474
1997,7,20,-32767,-33474
1997,7,21,-32767,-33474
1997,7,22,-32767,-33474
1997,7,23,-32767,-33474
1997,7,24,-32767,-33474
1997,7,25,-32767,-33474
1997,7,26,-32767,-33474
1997,7,27,-32767,-33474
1997,7,28,-32767,-33474
1997,7,29,-32767,-33474
1997,7,30,-32767,-33474
1997,7,31,-32767,-33474
1997,8,1,-32767,-33474
1997,8,2,-32767,-33474
1997,8,3,-32767,-33474
1997,8,4,-32767,-33474
1997,8,5,-32767,-33474
1997,8,6,-32767,-33474
1997,8,7,-32767,-33474
1997,8,8,-32767,-33474
1997,8,9,-32767,-33474
1997,8,10,-32767,-33474
1997,8,11,-32767,-33474
1997,8,12,-32767,-33474
1997,8,13,-32767,-33474
1997,8,14,-32767,-33474
1997,8,15,-32767,-33474
1997,8,16,-32767,-33474
1997,8,17,-32767,-33474
1997,8,18,-32767,-33474
1997,8,19,-32767,-33474
1997,8,20,-32767,-33474
1997,8,21,-32767,-33474
1997,8,22,-32767,-33474
1997,8,23,-32767,-33474
1997,8,24,-32767,-33474
1997,8,25,-32767,-33474
1997,8,26,-32767,-33474
1997,8,27,-32767,-33474
1997,8,28,-32767,-33474
1997,8,29,-32767,-33474
1997,8,30,-32767,-33474
1997,8,31,-32767,-33474
1997,9,1,-32767,-33474
1997,9,2,-32767,-33474
1997,9,3,-32767,-33474
1997,9,4,-32767,-33474
1997,9,5,-32767,-33474
1997,9,6,-32767,-33474
1997,9,7,-32767,-33474
1997,9,8,423,-284
1997,9,9,430,-277
1997,9,10,430,-277
1997,9,11,430,-277
1997,9,12,420,-287
1997,9,13,387,-320
1997,9,14,369,-338
1997,9,15,370,-337
1997,9,16,354,-353
1997,9,17,343,-364
1997,9,18,355,-352
1997,9,19,362,-345
1997,9,20,369,-338
1997,9,21,361,-346
1997,9,22,368,-339
1997,9,23,386,-321
1997,9,24,391,-316
1997,9,25,381,-326
1997,9,26,381,-326
1997,9,27,382,-325
1997,9,28,398,-309
1997,9,29,406,-301
1997,9,30,400,-307
1997,10,1,401,-306
1997,10,2,413,-294
1997,10,3,411,-296
1997,10,4,402,-305
1997,10,5,402,-305
1997,10,6,411,-296
1997,10,7,417,-290
1997,10,8,419,-288
1997,10,9,417,-290
1997,10,10,428,-279
1997,10,11,436,-271
1997,10,12,451,-256
1997,10,13,451,-256
1997,10,14,447,-260
1997,10,15,451,-256
1997,10,16,451,-256
1997,10,17,436,-271
1997,10,18,415,-292
1997,10,19,416,-291
1997,10,20,422,-285
1997,10,21,419,-288
1997,10,22,421,-286
1997,10,23,439,-268
1997,10,24,448,-259
1997,10,25,438,-269
1997,10,26,433,-274
1997,10,27,438,-269
1997,10,28,438,-269
1997,10,29,432,-275
1997,10,30,432,-275
1997,10,31,420,-287
1997,11,1,388,-319
1997,11,2,374,-333
1997,11,3,382,-325
1997,11,4,388,-319
1997,11,5,386,-321
1997,11,6,388,-319
1997,11,7,386,-321
1997,11,8,391,-316
1997,11,9,404,-303
1997,11,10,409,-298
1997,11,11,420,-287
1997,11,12,429,-278
1997,11,13,433,-274
1997,11,14,422,-285
1997,11,15,428,-279
1997,11,16,438,-269
1997,11,17,435,-272
1997,11,18,430,-277
1997,11,19,424,-283
1997,11,20,423,-284
1997,11,21,446,-261
1997,11,22,456,-251
1997,11,23,462,-245
1997,11,24,479,-228
1997,11,25,461,-246
1997,11,26,447,-260
1997,11,27,458,-249
1997,11,28,453,-254
1997,11,29,448,-259
1997,11,30,444,-263
1997,12,1,441,-266
1997,12,2,450,-257
1997,12,3,460,-247
1997,12,4,475,-232
1997,12,5,481,-226
1997,12,6,481,-226
1997,12,7,488,-219
1997,12,8,498,-209
1997,12,9,495,-212
1997,12,10,486,-221
1997,12,11,477,-230
1997,12,12,466,-241
1997,12,13,460,-247
1997,12,14,455,-252
1997,12,15,455,-252
1997,12,16,456,-251
1997,12,17,465,-242
1997,12,18,461,-246
1997,12,19,468,-239
1997,12,20,484,-223
1997,12,21,493,-214
1997,12,22,479,-228
1997,12,23,484,-223
1997,12,24,502,-205
1997,12,25,486,-221
1997,12,26,484,-223
1997,12,27,506,-201
1997,12,28,508,-199
1997,12,29,494,-213
1997,12,30,476,-231
1997,12,31,486,-221
1998,1,1,488,-219
1998,1,2,486,-221
1998,1,3,494,-213
1998,1,4,511,-196
1998,1,5,525,-182
1998,1,6,537,-170
1998,1,7,552,-155
1998,1,8,545,-162
1998,1,9,492,-215
1998,1,10,469,-238
1998,1,11,473,-234
1998,1,12,468,-239
1998,1,13,458,-249
1998,1,14,463,-244
1998,1,15,466,-241
1998,1,16,469,-238
1998,1,17,500,-207
1998,1,18,507,-200
1998,1,19,499,-208
1998,1,20,490,-217
1998,1,21,484,-223
1998,1,22,499,-208
1998,1,23,488,-219
1998,1,24,477,-230
1998,1,25,465,-242
1998,1,26,468,-239
1998,1,27,482,-225
1998,1,28,482,-225
1998,1,29,478,-229
1998,1,30,475,-232
1998,1,31,472,-235
1998,2,1,463,-244
1998,2,2,474,-233
1998,2,3,469,-238
1998,2,4,453,-254
1998,2,5,452,-255
1998,2,6,443,-264
1998,2,7,442,-265
1998,2,8,452,-255
1998,2,9,461,-246
1998,2,10,451,-256
1998,2,11,438,-269
1998,2,12,422,-285
1998,2,13,417,-290
1998,2,14,425,-282
1998,2,15,431,-276
1998,2,16,430,-277
1998,2,17,423,-284
1998,2,18,428,-279
1998,2,19,452,-255
1998,2,20,446,-261
1998,2,21,436,-271
1998,2,22,444,-263
1998,2,23,442,-265
1998,2,24,437,-270
1998,2,25,439,-268
1998,2,26,460,-247
1998,2,27,479,-228
1998,2,28,484,-223
1998,3,1,493,-214
1998,3,2,488,-219
1998,3,3,464,-243
1998,3,4,448,-259
1998,3,5,437,-270
1998,3,6,452,-255
1998,3,7,434,-273
1998,3,8,403,-304
1998,3,9,404,-303
1998,3,10,412,-295
1998,3,11,407,-300
1998,3,12,408,-299
1998,3,13,419,-288
1998,3,14,428,-279
1998,3,15,443,-264
1998,3,16,457,-250
1998,3,17,452,-255
1998,3,18,457,-250
1998,3,19,467,-240
1998,3,20,443,-264
1998,3,21,423,-284
1998,3,22,428,-279
1998,3,23,438,-269
1998,3,24,451,-256
1998,3,25,464,-243
1998,3,26,464,-243
1998,3,27,453,-254
1998,3,28,441,-266
1998,3,29,437,-270
1998,3,30,444,-263
1998,3,31,452,-255
1998,4,1,447,-260
1998,4,2,439,-268
1998,4,3,446,-261
1998,4,4,454,-253
1998,4,5,454,-253
1998,4,6,454,-253
1998,4,7,463,-244
1998,4,8,475,-232
1998,4,9,485,-222
1998,4,10,495,-212
1998,4,11,507,-200
1998,4,12,498,-209
1998,4,13,501,-206
1998,4,14,510,-197
1998,4,15,512,-195
1998,4,16,497,-210
1998,4,17,508,-199
1998,4,18,515,-192
1998,4,19,504,-203
1998,4,20,504,-203
1998,4,21,508,-199
1998,4,22,520,-187
1998,4,23,530,-177
1998,4,24,529,-178
1998,4,25,523,-184
1998,4,26,509,-198
1998,4,27,509,-198
1998,4,28,504,-203
1998,4,29,510,-197
1998,4,30,515,-192
1998,5,1,506,-201
1998,5,2,485,-222
1998,5,3,473,-234
1998,5,4,481,-226
1998,5,5,497,-210
1998,5,6,498,-209
1998,5,7,492,-215
1998,5,8,484,-223
1998,5,9,481,-226
1998,5,10,488,-219
1998,5,11,487,-220
1998,5,12,486,-221
1998,5,13,479,-228
1998,5,14,483,-224
1998,5,15,505,-202
1998,5,16,521,-186
1998,5,17,513,-194
1998,5,18,517,-190
1998,5,19,521,-186
1998,5,20,506,-201
1998,5,21,505,-202
1998,5,22,506,-201
1998,5,23,512,-195
1998,5,24,513,-194
1998,5,25,522,-185
1998,5,26,512,-195
1998,5,27,498,-209
1998,5,28,506,-201
1998,5,29,513,-194
1998,5,30,502,-205
1998,5,31,497,-210
1998,6,1,498,-209
1998,6,2,516,-191
1998,6,3,513,-194
1998,6,4,514,-193
1998,6,5,542,-165
1998,6,6,545,-162
1998,6,7,520,-187
1998,6,8,513,-194
1998,6,9,527,-180
1998,6,10,538,-169
1998,6,11,534,-173
1998,6,12,514,-193
1998,6,13,509,-198
1998,6,14,516,-191
1998,6,15,504,-203
1998,6,16,504,-203
1998,6,17,495,-212
1998,6,18,488,-219
1998,6,19,487,-220
1998,6,20,483,-224
1998,6,21,475,-232
1998,6,22,466,-241
1998,6,23,472,-235
1998,6,24,461,-246
1998,6,25,457,-250
1998,6,26,463,-244
1998,6,27,452,-255
1998,6,28,449,-258
1998,6,29,447,-260
1998,6,30,440,-267
1998,7,1,435,-272
1998,7,2,428,-279
1998,7,3,425,-282
1998,7,4,421,-286
1998,7,5,406,-301
1998,7,6,401,-306
1998,7,7,414,-293
1998,7,8,424,-283
1998,7,9,415,-292
1998,7,10,404,-303
1998,7,11,396,-311
1998,7,12,384,-323
1998,7,13,394,-313
1998,7,14,402,-305
1998,7,15,414,-293
1998,7,16,419,-288
1998,7,17,416,-291
1998,7,18,415,-292
1998,7,19,420,-287
1998,7,20,412,-295
1998,7,21,410,-297
1998,7,22,390,-317
1998,7,23,391,-316
1998,7,24,399,-308
1998,7,25,363,-344
1998,7,26,385,-322
1998,7,27,-32767,-33474
1998,7,28,-32767,-33474
1998,7,29,-32767,-33474
1998,7,30,-32767,-33474
1998,7,31,-32767,-33474
1998,8,1,-32767,-33474
1998,8,2,-32767,-33474
1998,8,3,-32767,-33474
1998,8,4,394,-313
1998,8,5,439,-268
1998,8,6,450,-257
1998,8,7,431,-276
1998,8,8,473,-234
1998,8,9,477,-230
1998,8,10,491,-216
1998,8,11,491,-216
1998,8,12,491,-216
1998,8,13,491,-216
1998,8,14,500,-207
1998,8,15,486,-221
1998,8,16,477,-230
1998,8,17,495,-212
1998,8,18,502,-205
1998,8,19,497,-210
1998,8,20,484,-223
1998,8,21,467,-240
1998,8,22,488,-219
1998,8,23,507,-200
1998,8,24,495,-212
1998,8,25,496,-211
1998,8,26,516,-191
1998,8,27,508,-199
1998,8,28,486,-221
1998,8,29,481,-226
1998,8,30,497,-210
1998,8,31,487,-220
1998,9,1,480,-227
1998,9,2,475,-232
1998,9,3,474,-233
1998,9,4,486,-221
1998,9,5,491,-216
1998,9,6,477,-230
1998,9,7,488,-219
1998,9,8,-32767,-33474
1998,9,9,-32767,-33474
1998,9,10,-32767,-33474
1998,9,11,466,-241
1998,9,12,489,-218
1998,9,13,503,-204
1998,9,14,485,-222
1998,9,15,491,-216
1998,9,16,498,-209
1998,9,17,502,-205
1998,9,18,488,-219
1998,9,19,476,-231
1998,9,20,485,-222
1998,9,21,480,-227
1998,9,22,472,-235
1998,9,23,474,-233
1998,9,24,510,-197
1998,9,25,540,-167
1998,9,26,500,-207
1998,9,27,487,-220
1998,9,28,519,-188
1998,9,29,550,-157
1998,9,30,-32767,-33474
1998,10,1,-32767,-33474
1998,10,2,-32767,-33474
1998,10,3,-32767,-33474
1998,10,4,-32767,-33474
1998,10,5,-32767,-33474
1998,10,6,-32767,-33474
1998,10,7,-32767,-33474
1998,10,8,-32767,-33474
1998,10,9,540,-167
1998,10,10,530,-177
1998,10,11,529,-178
1998,10,12,510,-197
1998,10,13,514,-193
1998,10,14,521,-186
1998,10,15,532,-175
1998,10,16,538,-169
1998,10,17,522,-185
1998,10,18,516,-191
1998,10,19,521,-186
1998,10,20,514,-193
1998,10,21,504,-203
1998,10,22,498,-209
1998,10,23,494,-213
1998,10,24,510,-197
1998,10,25,507,-200
1998,10,26,527,-180
1998,10,27,524,-183
1998,10,28,517,-190
1998,10,29,530,-177
1998,10,30,546,-161
1998,10,31,564,-143
1998,11,1,559,-148
1998,11,2,540,-167
1998,11,3,543,-164
1998,11,4,557,-150
1998,11,5,564,-143
1998,11,6,566,-141
1998,11,7,562,-145
1998,11,8,561,-146
1998,11,9,563,-144
1998,11,10,549,-158
1998,11,11,561,-146
1998,11,12,590,-117
1998,11,13,603,-104
1998,11,14,605,-102
1998,11,15,607,-100
1998,11,16,591,-116
1998,11,17,590,-117
1998,11,18,582,-125
1998,11,19,571,-136
1998,11,20,563,-144
1998,11,21,542,-165
1998,11,22,538,-169
1998,11,23,530,-177
1998,11,24,523,-184
1998,11,25,555,-152
1998,11,26,581,-126
1998,11,27,579,-128
1998,11,28,571,-136
1998,11,29,581,-126
1998,11,30,588,-119
1998,12,1,598,-109
1998,12,2,614,-93
1998,12,3,605,-102
1998,12,4,588,-119
1998,12,5,586,-121
1998,12,6,586,-121
1998,12,7,583,-124
1998,12,8,578,-129
1998,12,9,590,-117
1998,12,10,623,-84
1998,12,11,616,-91
1998,12,12,569,-138
1998,12,13,542,-165
1998,12,14,559,-148
1998,12,15,576,-131
1998,12,16,547,-160
1998,12,17,543,-164
1998,12,18,560,-147
1998,12,19,580,-127
1998,12,20,601,-106
1998,12,21,612,-95
1998,12,22,633,-74
1998,12,23,646,-61
1998,12,24,638,-69
1998,12,25,642,-65
1998,12,26,663,-44
1998,12,27,655,-52
1998,12,28,673,-34
1998,12,29,-32767,-33474
1998,12,30,-32767,-33474
1998,12,31,678,-29
1999,1,1,649,-58
1999,1,2,630,-77
1999,1,3,644,-63
1999,1,4,655,-52
1999,1,5,651,-56
1999,1,6,644,-63
1999,1,7,657,-50
1999,1,8,674,-33
1999,1,9,662,-45
1999,1,10,660,-47
1999,1,11,675,-32
1999,1,12,686,-21
1999,1,13,679,-28
1999,1,14,682,-25
1999,1,15,695,-12
1999,1,16,697,-10
1999,1,17,700,-7
1999,1,18,725,18
1999,1,19,740,33
1999,1,20,749,42
1999,1,21,763,56
1999,1,22,764,57
1999,1,23,775,68
1999,1,24,795,88
1999,1,25,795,88
1999,1,26,778,71
1999,1,27,783,76
1999,1,28,791,84
1999,1,29,774,67
1999,1,30,777,70
1999,1,31,786,79
1999,2,1,801,94
1999,2,2,829,122
1999,2,3,831,124
1999,2,4,828,121
1999,2,5,852,145
1999,2,6,876,169
1999,2,7,891,184
1999,2,8,882,175
1999,2,9,914,207
1999,2,10,933,226
1999,2,11,861,154
1999,2,12,831,124
1999,2,13,829,122
1999,2,14,838,131
1999,2,15,832,125
1999,2,16,847,140
1999,2,17,864,157
1999,2,18,868,161
1999,2,19,870,163
1999,2,20,876,169
1999,2,21,890,183
1999,2,22,877,170
1999,2,23,854,147
1999,2,24,835,128
1999,2,25,815,108
1999,2,26,814,107
1999,2,27,811,104
1999,2,28,804,97
1999,3,1,809,102
1999,3,2,797,90
1999,3,3,797,90
1999,3,4,811,104
1999,3,5,798,91
1999,3,6,808,101
1999,3,7,820,113
1999,3,8,813,106
1999,3,9,817,110
1999,3,10,816,109
1999,3,11,802,95
1999,3,12,811,104
1999,3,13,818,111
1999,3,14,816,109
1999,3,15,840,133
1999,3,16,859,152
1999,3,17,860,153
1999,3,18,867,160
1999,3,19,866,159
1999,3,20,875,168
1999,3,21,878,171
1999,3,22,868,161
1999,3,23,876,169
1999,3,24,893,186
1999,3,25,892,185
1999,3,26,885,178
1999,3,27,893,186
1999,3,28,888,181
1999,3,29,888,181
1999,3,30,882,175
1999,3,31,865,158
1999,4,1,867,160
1999,4,2,872,165
1999,4,3,859,152
1999,4,4,848,141
1999,4,5,838,131
1999,4,6,815,108
1999,4,7,804,97
1999,4,8,801,94
1999,4,9,798,91
1999,4,10,789,82
1999,4,11,785,78
1999,4,12,796,89
1999,4,13,793,86
1999,4,14,791,84
1999,4,15,790,83
1999,4,16,775,68
1999,4,17,771,64
1999,4,18,769,62
1999,4,19,756,49
1999,4,20,749,42
1999,4,21,738,31
1999,4,22,751,44
1999,4,23,747,40
1999,4,24,734,27
1999,4,25,734,27
1999,4,26,728,21
1999,4,27,736,29
1999,4,28,743,36
1999,4,29,737,30
1999,4,30,724,17
1999,5,1,721,14
1999,5,2,731,24
1999,5,3,728,21
1999,5,4,705,-2
1999,5,5,684,-23
1999,5,6,689,-18
1999,5,7,709,2
1999,5,8,716,9
1999,5,9,712,5
1999,5,10,716,9
1999,5,11,730,23
1999,5,12,727,20
1999,5,13,737,30
1999,5,14,750,43
1999,5,15,744,37
1999,5,16,736,29
1999,5,17,732,25
1999,5,18,733,26
1999,5,19,735,28
1999,5,20,740,33
1999,5,21,742,35
1999,5,22,732,25
1999,5,23,731,24
1999,5,24,745,38
1999,5,25,734,27
1999,5,26,708,1
1999,5,27,720,13
1999,5,28,727,20
1999,5,29,710,3
1999,5,30,707,0
1999,5,31,719,12
1999,6,1,691,-16
1999,6,2,669,-38
1999,6,3,669,-38
1999,6,4,670,-37
1999,6,5,667,-40
1999,6,6,675,-32
1999,6,7,689,-18
1999,6,8,701,-6
1999,6,9,691,-16
1999,6,10,679,-28
1999,6,11,666,-41
1999,6,12,654,-53
1999,6,13,648,-59
1999,6,14,644,-63
1999,6,15,617,-90
1999,6,16,612,-95
1999,6,17,636,-71
1999,6,18,652,-55
1999,6,19,654,-53
1999,6,20,648,-59
1999,6,21,645,-62
1999,6,22,655,-52
1999,6,23,639,-68
1999,6,24,614,-93
1999,6,25,618,-89
1999,6,26,617,-90
1999,6,27,609,-98
1999,6,28,605,-102
1999,6,29,-32767,-33474
1999,6,30,-32767,-33474
1999,7,1,610,-97
1999,7,2,616,-91
1999,7,3,622,-85
1999,7,4,640,-67
1999,7,5,647,-60
1999,7,6,615,-92
1999,7,7,626,-81
1999,7,8,650,-57
1999,7,9,636,-71
1999,7,10,627,-80
1999,7,11,642,-65
1999,7,12,634,-73
1999,7,13,629,-78
1999,7,14,625,-82
1999,7,15,636,-71
1999,7,16,647,-60
1999,7,17,639,-68
1999,7,18,645,-62
1999,7,19,632,-75
1999,7,20,630,-77
1999,7,21,657,-50
1999,7,22,664,-43
1999,7,23,657,-50
1999,7,24,659,-48
1999,7,25,655,-52
1999,7,26,673,-34
1999,7,27,670,-37
1999,7,28,630,-77
1999,7,29,619,-88
1999,7,30,623,-84
1999,7,31,618,-89
1999,8,1,620,-87
1999,8,2,636,-71
1999,8,3,661,-46
1999,8,4,666,-41
1999,8,5,664,-43
1999,8,6,646,-61
1999,8,7,648,-59
1999,8,8,663,-44
1999,8,9,664,-43
1999,8,10,669,-38
1999,8,11,686,-21
1999,8,12,690,-17
1999,8,13,684,-23
1999,8,14,675,-32
1999,8,15,668,-39
1999,8,16,669,-38
1999,8,17,664,-43
1999,8,18,658,-49
1999,8,19,645,-62
1999,8,20,646,-61
1999,8,21,655,-52
1999,8,22,647,-60
1999,8,23,641,-66
1999,8,24,646,-61
1999,8,25,661,-46
1999,8,26,673,-34
1999,8,27,689,-18
1999,8,28,686,-21
1999,8,29,679,-28
1999,8,30,676,-31
1999,8,31,674,-33
1999,9,1,683,-24
1999,9,2,688,-19
1999,9,3,674,-33
1999,9,4,665,-42
1999,9,5,670,-37
1999,9,6,687,-20
1999,9,7,688,-19
1999,9,8,684,-23
1999,9,9,695,-12
1999,9,10,691,-16
1999,9,11,681,-26
1999,9,12,689,-18
1999,9,13,709,2
1999,9,14,720,13
1999,9,15,705,-2
1999,9,16,698,-9
1999,9,17,720,13
1999,9,18,723,16
1999,9,19,695,-12
1999,9,20,687,-20
1999,9,21,695,-12
1999,9,22,700,-7
1999,9,23,700,-7
1999,9,24,703,-4
1999,9,25,729,22
1999,9,26,742,35
1999,9,27,730,23
1999,9,28,717,10
1999,9,29,721,14
1999,9,30,711,4
1999,10,1,698,-9
1999,10,2,702,-5
1999,10,3,721,14
1999,10,4,717,10
1999,10,5,712,5
1999,10,6,711,4
1999,10,7,723,16
1999,10,8,725,18
1999,10,9,724,17
1999,10,10,729,22
1999,10,11,721,14
1999,10,12,718,11
1999,10,13,727,20
1999,10,14,713,6
1999,10,15,718,11
1999,10,16,731,24
1999,10,17,730,23
1999,10,18,692,-15
1999,10,19,691,-16
1999,10,20,705,-2
1999,10,21,721,14
1999,10,22,732,25
1999,10,23,728,21
1999,10,24,707,0
1999,10,25,706,-1
1999,10,26,722,15
1999,10,27,736,29
1999,10,28,733,26
1999,10,29,723,16
1999,10,30,727,20
1999,10,31,730,23
1999,11,1,722,15
1999,11,2,718,11
1999,11,3,727,20
1999,11,4,727,20
1999,11,5,713,6
1999,11,6,715,8
1999,11,7,713,6
1999,11,8,712,5
1999,11,9,703,-4
1999,11,10,691,-16
1999,11,11,690,-17
1999,11,12,691,-16
1999,11,13,700,-7
1999,11,14,707,0
1999,11,15,718,11
1999,11,16,725,18
1999,11,17,734,27
1999,11,18,729,22
1999,11,19,727,20
1999,11,20,748,41
1999,11,21,738,31
1999,11,22,732,25
1999,11,23,755,48
1999,11,24,776,69
1999,11,25,770,63
1999,11,26,752,45
1999,11,27,755,48
1999,11,28,755,48
1999,11,29,748,41
1999,11,30,737,30
1999,12,1,744,37
1999,12,2,755,48
1999,12,3,775,68
1999,12,4,777,70
1999,12,5,777,70
1999,12,6,797,90
1999,12,7,789,82
1999,12,8,761,54
1999,12,9,766,59
1999,12,10,789,82
1999,12,11,783,76
1999,12,12,785,78
1999,12,13,798,91
1999,12,14,796,89
1999,12,15,779,72
1999,12,16,804,97
1999,12,17,809,102
1999,12,18,788,81
1999,12,19,792,85
1999,12,20,792,85
1999,12,21,771,64
1999,12,22,760,53
1999,12,23,770,63
1999,12,24,763,56
1999,12,25,749,42
1999,12,26,760,53
1999,12,27,779,72
1999,12,28,766,59
1999,12,29,767,60
1999,12,30,777,70
1999,12,31,772,65
2000,1,1,787,80
2000,1,2,786,79
2000,1,3,749,42
2000,1,4,736,29
2000,1,5,753,46
2000,1,6,761,54
2000,1,7,751,44
2000,1,8,783,76
2000,1,9,818,111
2000,1,10,816,109
2000,1,11,831,124
2000,1,12,838,131
2000,1,13,834,127
2000,1,14,831,124
2000,1,15,830,123
2000,1,16,840,133
2000,1,17,850,143
2000,1,18,820,113
2000,1,19,813,106
2000,1,20,815,108
2000,1,21,828,121
2000,1,22,838,131
2000,1,23,828,121
2000,1,24,815,108
2000,1,25,808,101
2000,1,26,794,87
2000,1,27,776,69
2000,1,28,767,60
2000,1,29,768,61
2000,1,30,758,51
2000,1,31,752,45
2000,2,1,751,44
2000,2,2,743,36
2000,2,3,730,23
2000,2,4,733,26
2000,2,5,757,50
2000,2,6,763,56
2000,2,7,771,64
2000,2,8,775,68
2000,2,9,766,59
2000,2,10,771,64
2000,2,11,793,86
2000,2,12,792,85
2000,2,13,788,81
2000,2,14,800,93
2000,2,15,802,95
2000,2,16,798,91
2000,2,17,807,100
2000,2,18,813,106
2000,2,19,821,114
2000,2,20,837,130
2000,2,21,840,133
2000,2,22,842,135
2000,2,23,853,146
2000,2,24,855,148
2000,2,25,839,132
2000,2,26,842,135
2000,2,27,858,151
2000,2,28,854,147
2000,2,29,860,153
2000,3,1,864,157
2000,3,2,851,144
2000,3,3,856,149
2000,3,4,864,157
2000,3,5,866,159
2000,3,6,856,149
2000,3,7,857,150
2000,3,8,870,163
2000,3,9,857,150
2000,3,10,853,146
2000,3,11,868,161
2000,3,12,872,165
2000,3,13,848,141
2000,3,14,837,130
2000,3,15,849,142
2000,3,16,879,172
2000,3,17,890,183
2000,3,18,873,166
2000,3,19,876,169
2000,3,20,893,186
2000,3,21,888,181
2000,3,22,886,179
2000,3,23,889,182
2000,3,24,872,165
2000,3,25,864,157
2000,3,26,870,163
2000,3,27,882,175
2000,3,28,854,147
2000,3,29,843,136
2000,3,30,859,152
2000,3,31,871,164
2000,4,1,857,150
2000,4,2,866,159
2000,4,3,890,183
2000,4,4,883,176
2000,4,5,893,186
2000,4,6,900,193
2000,4,7,896,189
2000,4,8,880,173
2000,4,9,859,152
2000,4,10,858,151
2000,4,11,863,156
2000,4,12,871,164
2000,4,13,872,165
2000,4,14,876,169
2000,4,15,879,172
2000,4,16,880,173
2000,4,17,883,176
2000,4,18,865,158
2000,4,19,857,150
2000,4,20,860,153
2000,4,21,841,134
2000,4,22,827,120
2000,4,23,829,122
2000,4,24,841,134
2000,4,25,829,122
2000,4,26,817,110
2000,4,27,818,111
2000,4,28,844,137
2000,4,29,860,153
2000,4,30,868,161
2000,5,1,871,164
2000,5,2,864,157
2000,5,3,855,148
2000,5,4,860,153
2000,5,5,857,150
2000,5,6,842,135
2000,5,7,826,119
2000,5,8,837,130
2000,5,9,860,153
2000,5,10,842,135
2000,5,11,836,129
2000,5,12,843,136
2000,5,13,827,120
2000,5,14,821,114
2000,5,15,820,113
2000,5,16,806,99
2000,5,17,782,75
2000,5,18,767,60
2000,5,19,772,65
2000,5,20,767,60
2000,5,21,751,44
2000,5,22,756,49
2000,5,23,765,58
2000,5,24,771,64
2000,5,25,781,74
2000,5,26,771,64
2000,5,27,779,72
2000,5,28,801,94
2000,5,29,781,74
2000,5,30,779,72
2000,5,31,810,103
2000,6,1,796,89
2000,6,2,780,73
2000,6,3,779,72
2000,6,4,758,51
2000,6,5,756,49
2000,6,6,765,58
2000,6,7,768,61
2000,6,8,766,59
2000,6,9,763,56
2000,6,10,767,60
2000,6,11,767,60
2000,6,12,750,43
2000,6,13,737,30
2000,6,14,737,30
2000,6,15,721,14
2000,6,16,704,-3
2000,6,17,703,-4
2000,6,18,690,-17
2000,6,19,688,-19
2000,6,20,704,-3
2000,6,21,711,4
2000,6,22,731,24
2000,6,23,742,35
2000,6,24,723,16
2000,6,25,725,18
2000,6,26,723,16
2000,6,27,728,21
2000,6,28,724,17
2000,6,29,727,20
2000,6,30,736,29
2000,7,1,719,12
2000,7,2,725,18
2000,7,3,732,25
2000,7,4,737,30
2000,7,5,728,21
2000,7,6,718,11
2000,7,7,734,27
2000,7,8,731,24
2000,7,9,718,11
2000,7,10,714,7
2000,7,11,709,2
2000,7,12,708,1
2000,7,13,686,-21
2000,7,14,675,-32
2000,7,15,678,-29
2000,7,16,664,-43
2000,7,17,647,-60
2000,7,18,656,-51
2000,7,19,665,-42
2000,7,20,676,-31
2000,7,21,666,-41
2000,7,22,653,-54
2000,7,23,661,-46
2000,7,24,664,-43
2000,7,25,647,-60
2000,7,26,629,-78
2000,7,27,632,-75
2000,7,28,635,-72
2000,7,29,621,-86
2000,7,30,619,-88
2000,7,31,620,-87
2000,8,1,616,-91
2000,8,2,622,-85
2000,8,3,632,-75
2000,8,4,624,-83
2000,8,5,615,-92
2000,8,6,604,-103
2000,8,7,605,-102
2000,8,8,600,-107
2000,8,9,577,-130
2000,8,10,577,-130
2000,8,11,597,-110
2000,8,12,602,-105
2000,8,13,591,-116
2000,8,14,578,-129
2000,8,15,578,-129
2000,8,16,588,-119
2000,8,17,602,-105
2000,8,18,608,-99
2000,8,19,615,-92
2000,8,20,623,-84
2000,8,21,630,-77
2000,8,22,619,-88
2000,8,23,614,-93
2000,8,24,616,-91
2000,8,25,607,-100
2000,8,26,603,-104
2000,8,27,604,-103
2000,8,28,607,-100
2000,8,29,643,-64
2000,8,30,647,-60
2000,8,31,633,-74
2000,9,1,640,-67
2000,9,2,633,-74
2000,9,3,608,-99
2000,9,4,613,-94
2000,9,5,616,-91
2000,9,6,610,-97
2000,9,7,629,-78
2000,9,8,644,-63
2000,9,9,635,-72
2000,9,10,639,-68
2000,9,11,667,-40
2000,9,12,683,-24
2000,9,13,670,-37
2000,9,14,680,-27
2000,9,15,693,-14
2000,9,16,674,-33
2000,9,17,657,-50
2000,9,18,669,-38
2000,9,19,670,-37
2000,9,20,677,-30
2000,9,21,682,-25
2000,9,22,668,-39
2000,9,23,661,-46
2000,9,24,674,-33
2000,9,25,680,-27
2000,9,26,669,-38
2000,9,27,668,-39
2000,9,28,681,-26
2000,9,29,677,-30
2000,9,30,677,-30
2000,10,1,679,-28
2000,10,2,690,-17
2000,10,3,700,-7
2000,10,4,686,-21
2000,10,5,699,-8
2000,10,6,711,4
2000,10,7,701,-6
2000,10,8,709,2
2000,10,9,713,6
2000,10,10,726,19
2000,10,11,726,19
2000,10,12,727,20
2000,10,13,733,26
2000,10,14,740,33
2000,10,15,738,31
2000,10,16,728,21
2000,10,17,726,19
2000,10,18,724,17
2000,10,19,717,10
2000,10,20,723,16
2000,10,21,727,20
2000,10,22,729,22
2000,10,23,730,23
2000,10,24,730,23
2000,10,25,734,27
2000,10,26,737,30
2000,10,27,739,32
2000,10,28,726,19
2000,10,29,715,8
2000,10,30,704,-3
2000,10,31,697,-10
2000,11,1,721,14
2000,11,2,725,18
2000,11,3,704,-3
2000,11,4,725,18
2000,11,5,730,23
2000,11,6,726,19
2000,11,7,735,28
2000,11,8,767,60
2000,11,9,791,84
2000,11,10,759,52
2000,11,11,745,38
2000,11,12,766,59
2000,11,13,771,64
2000,11,14,766,59
2000,11,15,765,58
2000,11,16,759,52
2000,11,17,746,39
2000,11,18,754,47
2000,11,19,771,64
2000,11,20,773,66
2000,11,21,786,79
2000,11,22,794,87
2000,11,23,799,92
2000,11,24,797,90
2000,11,25,787,80
2000,11,26,774,67
2000,11,27,784,77
2000,11,28,797,90
2000,11,29,780,73
2000,11,30,777,70
2000,12,1,785,78
2000,12,2,801,94
2000,12,3,816,109
2000,12,4,816,109
2000,12,5,816,109
2000,12,6,838,131
2000,12,7,846,139
2000,12,8,856,149
2000,12,9,852,145
2000,12,10,838,131
2000,12,11,820,113
2000,12,12,816,109
2000,12,13,801,94
2000,12,14,814,107
2000,12,15,824,117
2000,12,16,810,103
2000,12,17,827,120
2000,12,18,839,132
2000,12,19,822,115
2000,12,20,805,98
2000,12,21,792,85
2000,12,22,782,75
2000,12,23,774,67
2000,12,24,762,55
2000,12,25,771,64
2000,12,26,758,51
2000,12,27,754,47
2000,12,28,772,65
2000,12,29,765,58
2000,12,30,769,62
2000,12,31,786,79
2001,1,1,769,62
2001,1,2,762,55
2001,1,3,784,77
2001,1,4,785,78
2001,1,5,774,67
2001,1,6,783,76
2001,1,7,784,77
2001,1,8,786,79
2001,1,9,792,85
2001,1,10,784,77
2001,1,11,779,72
2001,1,12,790,83
2001,1,13,794,87
2001,1,14,793,86
2001,1,15,783,76
2001,1,16,776,69
2001,1,17,776,69
2001,1,18,787,80
2001,1,19,788,81
2001,1,20,767,60
2001,1,21,754,47
2001,1,22,790,83
2001,1,23,777,70
2001,1,24,763,56
2001,1,25,774,67
2001,1,26,793,86
2001,1,27,809,102
2001,1,28,824,117
2001,1,29,846,139
2001,1,30,853,146
2001,1,31,846,139
2001,2,1,862,155
2001,2,2,881,174
2001,2,3,857,150
2001,2,4,856,149
2001,2,5,867,160
2001,2,6,865,158
2001,2,7,881,174
2001,2,8,895,188
2001,2,9,908,201
2001,2,10,902,195
2001,2,11,893,186
2001,2,12,899,192
2001,2,13,903,196
2001,2,14,885,178
2001,2,15,872,165
2001,2,16,870,163
2001,2,17,874,167
2001,2,18,893,186
2001,2,19,895,188
2001,2,20,890,183
2001,2,21,900,193
2001,2,22,886,179
2001,2,23,878,171
2001,2,24,896,189
2001,2,25,906,199
2001,2,26,905,198
2001,2,27,886,179
2001,2,28,874,167
2001,3,1,858,151
2001,3,2,849,142
2001,3,3,853,146
2001,3,4,854,147
2001,3,5,828,121
2001,3,6,842,135
2001,3,7,851,144
2001,3,8,845,138
2001,3,9,850,143
2001,3,10,864,157
2001,3,11,876,169
2001,3,12,864,157
2001,3,13,853,146
2001,3,14,827,120
2001,3,15,834,127
2001,3,16,837,130
2001,3,17,831,124
2001,3,18,829,122
2001,3,19,824,117
2001,3,20,828,121
2001,3,21,843,136
2001,3,22,855,148
2001,3,23,870,163
2001,3,24,861,154
2001,3,25,876,169
2001,3,26,914,207
2001,3,27,896,189
2001,3,28,891,184
2001,3,29,915,208
2001,3,30,913,206
2001,3,31,894,187
2001,4,1,895,188
2001,4,2,899,192
2001,4,3,902,195
2001,4,4,903,196
2001,4,5,897,190
2001,4,6,899,192
2001,4,7,895,188
2001,4,8,881,174
2001,4,9,865,158
2001,4,10,839,132
2001,4,11,845,138
2001,4,12,848,141
2001,4,13,833,126
2001,4,14,851,144
2001,4,15,846,139
2001,4,16,830,123
2001,4,17,845,138
2001,4,18,865,158
2001,4,19,866,159
2001,4,20,867,160
2001,4,21,886,179
2001,4,22,903,196
2001,4,23,889,182
2001,4,24,874,167
2001,4,25,889,182
2001,4,26,887,180
2001,4,27,870,163
2001,4,28,874,167
2001,4,29,881,174
2001,4,30,876,169
2001,5,1,858,151
2001,5,2,846,139
2001,5,3,851,144
2001,5,4,866,159
2001,5,5,857,150
2001,5,6,834,127
2001,5,7,820,113
2001,5,8,824,117
2001,5,9,811,104
2001,5,10,793,86
2001,5,11,788,81
2001,5,12,781,74
2001,5,13,774,67
2001,5,14,757,50
2001,5,15,763,56
2001,5,16,774,67
2001,5,17,770,63
2001,5,18,769,62
2001,5,19,756,49
2001,5,20,758,51
2001,5,21,754,47
2001,5,22,749,42
2001,5,23,751,44
2001,5,24,733,26
2001,5,25,725,18
2001,5,26,739,32
2001,5,27,748,41
2001,5,28,749,42
2001,5,29,749,42
2001,5,30,761,54
2001,5,31,764,57
2001,6,1,744,37
2001,6,2,723,16
2001,6,3,683,-24
2001,6,4,648,-59
2001,6,5,643,-64
2001,6,6,657,-50
2001,6,7,655,-52
2001,6,8,626,-81
2001,6,9,624,-83
2001,6,10,634,-73
2001,6,11,616,-91
2001,6,12,590,-117
2001,6,13,610,-97
2001,6,14,628,-79
2001,6,15,630,-77
2001,6,16,624,-83
2001,6,17,614,-93
2001,6,18,619,-88
2001,6,19,634,-73
2001,6,20,602,-105
2001,6,21,594,-113
2001,6,22,592,-115
2001,6,23,575,-132
2001,6,24,555,-152
2001,6,25,541,-166
2001,6,26,517,-190
2001,6,27,527,-180
2001,6,28,530,-177
2001,6,29,539,-168
2001,6,30,547,-160
2001,7,1,529,-178
2001,7,2,520,-187
2001,7,3,489,-218
2001,7,4,465,-242
2001,7,5,458,-249
2001,7,6,426,-281
2001,7,7,403,-304
2001,7,8,-32767,-33474
2001,7,9,-32767,-33474
2001,7,10,-32767,-33474
2001,7,11,-32767,-33474
2001,7,12,414,-293
2001,7,13,409,-298
2001,7,14,407,-300
2001,7,15,405,-302
2001,7,16,417,-290
2001,7,17,428,-279
2001,7,18,428,-279
2001,7,19,417,-290
2001,7,20,416,-291
2001,7,21,433,-274
2001,7,22,433,-274
2001,7,23,433,-274
2001,7,24,411,-296
2001,7,25,413,-294
2001,7,26,427,-280
2001,7,27,427,-280
2001,7,28,440,-267
2001,7,29,465,-242
2001,7,30,472,-235
2001,7,31,463,-244
2001,8,1,562,-145
2001,8,2,613,-94
2001,8,3,577,-130
2001,8,4,559,-148
2001,8,5,573,-134
2001,8,6,582,-125
2001,8,7,591,-116
2001,8,8,600,-107
2001,8,9,604,-103
2001,8,10,619,-88
2001,8,11,634,-73
2001,8,12,630,-77
2001,8,13,622,-85
2001,8,14,616,-91
2001,8,15,601,-106
2001,8,16,567,-140
2001,8,17,555,-152
2001,8,18,561,-146
2001,8,19,571,-136
2001,8,20,568,-139
2001,8,21,557,-150
2001,8,22,574,-133
2001,8,23,587,-120
2001,8,24,572,-135
2001,8,25,572,-135
2001,8,26,569,-138
2001,8,27,589,-118
2001,8,28,585,-122
2001,8,29,570,-137
2001,8,30,590,-117
2001,8,31,594,-113
2001,9,1,588,-119
2001,9,2,594,-113
2001,9,3,614,-93
2001,9,4,601,-106
2001,9,5,602,-105
2001,9,6,622,-85
2001,9,7,623,-84
2001,9,8,610,-97
2001,9,9,608,-99
2001,9,10,625,-82
2001,9,11,625,-82
2001,9,12,611,-96
2001,9,13,622,-85
2001,9,14,650,-57
2001,9,15,649,-58
2001,9,16,646,-61
2001,9,17,658,-49
2001,9,18,664,-43
2001,9,19,662,-45
2001,9,20,654,-53
2001,9,21,640,-67
2001,9,22,630,-77
2001,9,23,632,-75
2001,9,24,630,-77
2001,9,25,642,-65
2001,9,26,656,-51
2001,9,27,651,-56
2001,9,28,642,-65
2001,9,29,663,-44
2001,9,30,688,-19
2001,10,1,704,-3
2001,10,2,698,-9
2001,10,3,688,-19
2001,10,4,695,-12
2001,10,5,677,-30
2001,10,6,658,-49
2001,10,7,663,-44
2001,10,8,665,-42
2001,10,9,658,-49
2001,10,10,657,-50
2001,10,11,656,-51
2001,10,12,673,-34
2001,10,13,698,-9
2001,10,14,687,-20
2001,10,15,676,-31
2001,10,16,682,-25
2001,10,17,702,-5
2001,10,18,701,-6
2001,10,19,685,-22
2001,10,20,689,-18
2001,10,21,678,-29
2001,10,22,656,-51
2001,10,23,621,-86
2001,10,24,598,-109
2001,10,25,604,-103
2001,10,26,608,-99
2001,10,27,603,-104
2001,10,28,618,-89
2001,10,29,634,-73
2001,10,30,640,-67
2001,10,31,652,-55
2001,11,1,663,-44
2001,11,2,667,-40
2001,11,3,675,-32
2001,11,4,675,-32
2001,11,5,675,-32
2001,11,6,667,-40
2001,11,7,681,-26
2001,11,8,705,-2
2001,11,9,718,11
2001,11,10,727,20
2001,11,11,740,33
2001,11,12,740,33
2001,11,13,732,25
2001,11,14,723,16
2001,11,15,724,17
2001,11,16,729,22
2001,11,17,723,16
2001,11,18,718,11
2001,11,19,707,0
2001,11,20,706,-1
2001,11,21,708,1
2001,11,22,718,11
2001,11,23,731,24
2001,11,24,732,25
2001,11,25,736,29
2001,11,26,737,30
2001,11,27,740,33
2001,11,28,743,36
2001,11,29,763,56
2001,11,30,769,62
2001,12,1,744,37
2001,12,2,725,18
2001,12,3,732,25
2001,12,4,726,19
2001,12,5,724,17
2001,12,6,732,25
2001,12,7,740,33
2001,12,8,738,31
2001,12,9,743,36
2001,12,10,754,47
2001,12,11,736,29
2001,12,12,715,8
2001,12,13,706,-1
2001,12,14,699,-8
2001,12,15,681,-26
2001,12,16,678,-29
2001,12,17,678,-29
2001,12,18,658,-49
2001,12,19,645,-62
2001,12,20,651,-56
2001,12,21,659,-48
2001,12,22,636,-71
2001,12,23,615,-92
2001,12,24,616,-91
2001,12,25,626,-81
2001,12,26,629,-78
2001,12,27,620,-87
2001,12,28,618,-89
2001,12,29,620,-87
2001,12,30,618,-89
2001,12,31,607,-100
2002,1,1,600,-107
2002,1,2,608,-99
2002,1,3,617,-90
2002,1,4,619,-88
2002,1,5,616,-91
2002,1,6,611,-96
2002,1,7,602,-105
2002,1,8,590,-117
2002,1,9,581,-126
2002,1,10,580,-127
2002,1,11,578,-129
2002,1,12,569,-138
2002,1,13,592,-115
2002,1,14,592,-115
2002,1,15,576,-131
2002,1,16,601,-106
2002,1,17,617,-90
2002,1,18,602,-105
2002,1,19,615,-92
2002,1,20,640,-67
2002,1,21,638,-69
2002,1,22,640,-67
2002,1,23,648,-59
2002,1,24,646,-61
2002,1,25,644,-63
2002,1,26,641,-66
2002,1,27,638,-69
2002,1,28,635,-72
2002,1,29,638,-69
2002,1,30,650,-57
2002,1,31,674,-33
2002,2,1,662,-45
2002,2,2,637,-70
2002,2,3,621,-86
2002,2,4,613,-94
2002,2,5,608,-99
2002,2,6,598,-109
2002,2,7,601,-106
2002,2,8,611,-96
2002,2,9,608,-99
2002,2,10,602,-105
2002,2,11,612,-95
2002,2,12,612,-95
2002,2,13,622,-85
2002,2,14,648,-59
2002,2,15,661,-46
2002,2,16,666,-41
2002,2,17,673,-34
2002,2,18,655,-52
2002,2,19,668,-39
2002,2,20,670,-37
2002,2,21,648,-59
2002,2,22,644,-63
2002,2,23,626,-81
2002,2,24,634,-73
2002,2,25,643,-64
2002,2,26,654,-53
2002,2,27,654,-53
2002,2,28,650,-57
2002,3,1,663,-44
2002,3,2,653,-54
2002,3,3,634,-73
2002,3,4,625,-82
2002,3,5,627,-80
2002,3,6,628,-79
2002,3,7,630,-77
2002,3,8,626,-81
2002,3,9,625,-82
2002,3,10,637,-70
2002,3,11,658,-49
2002,3,12,671,-36
2002,3,13,666,-41
2002,3,14,646,-61
2002,3,15,654,-53
2002,3,16,670,-37
2002,3,17,655,-52
2002,3,18,656,-51
2002,3,19,681,-26
2002,3,20,688,-19
2002,3,21,681,-26
2002,3,22,685,-22
2002,3,23,693,-14
2002,3,24,715,8
2002,3,25,729,22
2002,3,26,752,45
2002,3,27,783,76
2002,3,28,783,76
2002,3,29,778,71
2002,3,30,771,64
2002,3,31,748,41
2002,4,1,715,8
2002,4,2,699,-8
2002,4,3,676,-31
2002,4,4,671,-36
2002,4,5,673,-34
2002,4,6,669,-38
2002,4,7,679,-28
2002,4,8,689,-18
2002,4,9,707,0
2002,4,10,725,18
2002,4,11,733,26
2002,4,12,741,34
2002,4,13,749,42
2002,4,14,753,46
2002,4,15,760,53
2002,4,16,752,45
2002,4,17,733,26
2002,4,18,730,23
2002,4,19,731,24
2002,4,20,735,28
2002,4,21,744,37
2002,4,22,758,51
2002,4,23,766,59
2002,4,24,763,56
2002,4,25,774,67
2002,4,26,783,76
2002,4,27,779,72
2002,4,28,756,49
2002,4,29,742,35
2002,4,30,745,38
2002,5,1,736,29
2002,5,2,742,35
2002,5,3,753,46
2002,5,4,732,25
2002,5,5,727,20
2002,5,6,757,50
2002,5,7,773,66
2002,5,8,764,57
2002,5,9,773,66
2002,5,10,777,70
2002,5,11,759,52
2002,5,12,743,36
2002,5,13,734,27
2002,5,14,717,10
2002,5,15,698,-9
2002,5,16,695,-12
2002,5,17,703,-4
2002,5,18,687,-20
2002,5,19,694,-13
2002,5,20,731,24
2002,5,21,755,48
2002,5,22,755,48
2002,5,23,755,48
2002,5,24,739,32
2002,5,25,721,14
2002,5,26,702,-5
2002,5,27,707,0
2002,5,28,706,-1
2002,5,29,690,-17
2002,5,30,706,-1
2002,5,31,712,5
2002,6,1,722,15
2002,6,2,725,18
2002,6,3,702,-5
2002,6,4,715,8
2002,6,5,724,17
2002,6,6,719,12
2002,6,7,717,10
2002,6,8,712,5
2002,6,9,698,-9
2002,6,10,704,-3
2002,6,11,711,4
2002,6,12,699,-8
2002,6,13,696,-11
2002,6,14,700,-7
2002,6,15,717,10
2002,6,16,738,31
2002,6,17,741,34
2002,6,18,748,41
2002,6,19,753,46
2002,6,20,737,30
2002,6,21,727,20
2002,6,22,712,5
2002,6,23,703,-4
2002,6,24,708,1
2002,6,25,699,-8
2002,6,26,696,-11
2002,6,27,714,7
2002,6,28,720,13
2002,6,29,703,-4
2002,6,30,691,-16
2002,7,1,698,-9
2002,7,2,695,-12
2002,7,3,666,-41
2002,7,4,663,-44
2002,7,5,653,-54
2002,7,6,638,-69
2002,7,7,624,-83
2002,7,8,610,-97
2002,7,9,616,-91
2002,7,10,613,-94
2002,7,11,610,-97
2002,7,12,610,-97
2002,7,13,623,-84
2002,7,14,615,-92
2002,7,15,608,-99
2002,7,16,601,-106
2002,7,17,597,-110
2002,7,18,581,-126
2002,7,19,572,-135
2002,7,20,577,-130
2002,7,21,577,-130
2002,7,22,573,-134
2002,7,23,576,-131
2002,7,24,591,-116
2002,7,25,622,-85
2002,7,26,648,-59
2002,7,27,656,-51
2002,7,28,648,-59
2002,7,29,632,-75
2002,7,30,630,-77
2002,7,31,643,-64
2002,8,1,616,-91
2002,8,2,604,-103
2002,8,3,613,-94
2002,8,4,619,-88
2002,8,5,633,-74
2002,8,6,651,-56
2002,8,7,644,-63
2002,8,8,644,-63
2002,8,9,651,-56
2002,8,10,654,-53
2002,8,11,650,-57
2002,8,12,656,-51
2002,8,13,662,-45
2002,8,14,651,-56
2002,8,15,645,-62
2002,8,16,615,-92
2002,8,17,605,-102
2002,8,18,611,-96
2002,8,19,605,-102
2002,8,20,607,-100
2002,8,21,615,-92
2002,8,22,607,-100
2002,8,23,582,-125
2002,8,24,566,-141
2002,8,25,587,-120
2002,8,26,592,-115
2002,8,27,571,-136
2002,8,28,583,-124
2002,8,29,571,-136
2002,8,30,539,-168
2002,8,31,547,-160
2002,9,1,551,-156
2002,9,2,551,-156
2002,9,3,560,-147
2002,9,4,554,-153
2002,9,5,555,-152
2002,9,6,559,-148
2002,9,7,570,-137
2002,9,8,566,-141
2002,9,9,560,-147
2002,9,10,571,-136
2002,9,11,576,-131
2002,9,12,554,-153
2002,9,13,554,-153
2002,9,14,560,-147
2002,9,15,527,-180
2002,9,16,499,-208
2002,9,17,495,-212
2002,9,18,509,-198
2002,9,19,504,-203
2002,9,20,508,-199
2002,9,21,513,-194
2002,9,22,513,-194
2002,9,23,521,-186
2002,9,24,536,-171
2002,9,25,535,-172
2002,9,26,528,-179
2002,9,27,523,-184
2002,9,28,538,-169
2002,9,29,549,-158
2002,9,30,562,-145
2002,10,1,577,-130
2002,10,2,603,-104
2002,10,3,605,-102
2002,10,4,621,-86
2002,10,5,628,-79
2002,10,6,635,-72
2002,10,7,647,-60
2002,10,8,638,-69
2002,10,9,578,-129
2002,10,10,527,-180
2002,10,11,502,-205
2002,10,12,488,-219
2002,10,13,502,-205
2002,10,14,514,-193
2002,10,15,506,-201
2002,10,16,528,-179
2002,10,17,546,-161
2002,10,18,541,-166
2002,10,19,543,-164
2002,10,20,527,-180
2002,10,21,522,-185
2002,10,22,514,-193
2002,10,23,501,-206
2002,10,24,502,-205
2002,10,25,502,-205
2002,10,26,491,-216
2002,10,27,495,-212
2002,10,28,500,-207
2002,10,29,512,-195
2002,10,30,536,-171
2002,10,31,550,-157
2002,11,1,546,-161
2002,11,2,552,-155
2002,11,3,566,-141
2002,11,4,587,-120
2002,11,5,571,-136
2002,11,6,543,-164
2002,11,7,559,-148
2002,11,8,567,-140
2002,11,9,572,-135
2002,11,10,591,-116
2002,11,11,598,-109
2002,11,12,608,-99
2002,11,13,640,-67
2002,11,14,651,-56
2002,11,15,642,-65
2002,11,16,634,-73
2002,11,17,648,-59
2002,11,18,648,-59
2002,11,19,634,-73
2002,11,20,620,-87
2002,11,21,597,-110
2002,11,22,584,-123
2002,11,23,584,-123
2002,11,24,609,-98
2002,11,25,611,-96
2002,11,26,604,-103
2002,11,27,633,-74
2002,11,28,650,-57
2002,11,29,640,-67
2002,11,30,639,-68
2002,12,1,642,-65
2002,12,2,617,-90
2002,12,3,607,-100
2002,12,4,597,-110
2002,12,5,578,-129
2002,12,6,585,-122
2002,12,7,588,-119
2002,12,8,568,-139
2002,12,9,554,-153
2002,12,10,567,-140
2002,12,11,562,-145
2002,12,12,560,-147
2002,12,13,576,-131
2002,12,14,579,-128
2002,12,15,587,-120
2002,12,16,593,-114
2002,12,17,588,-119
2002,12,18,568,-139
2002,12,19,581,-126
2002,12,20,592,-115
2002,12,21,569,-138
2002,12,22,588,-119
2002,12,23,607,-100
2002,12,24,597,-110
2002,12,25,612,-95
2002,12,26,632,-75
2002,12,27,645,-62
2002,12,28,639,-68
2002,12,29,625,-82
2002,12,30,632,-75
2002,12,31,628,-79
2003,1,1,604,-103
2003,1,2,597,-110
2003,1,3,601,-106
2003,1,4,597,-110
2003,1,5,601,-106
2003,1,6,616,-91
2003,1,7,602,-105
2003,1,8,605,-102
2003,1,9,608,-99
2003,1,10,599,-108
2003,1,11,610,-97
2003,1,12,617,-90
2003,1,13,606,-101
2003,1,14,572,-135
2003,1,15,547,-160
2003,1,16,536,-171
2003,1,17,516,-191
2003,1,18,517,-190
2003,1,19,528,-179
2003,1,20,522,-185
2003,1,21,515,-192
2003,1,22,524,-183
2003,1,23,544,-163
2003,1,24,548,-159
2003,1,25,561,-146
2003,1,26,558,-149
2003,1,27,536,-171
2003,1,28,509,-198
2003,1,29,526,-181
2003,1,30,546,-161
2003,1,31,545,-162
2003,2,1,548,-159
2003,2,2,545,-162
2003,2,3,536,-171
2003,2,4,534,-173
2003,2,5,548,-159
2003,2,6,554,-153
2003,2,7,547,-160
2003,2,8,532,-175
2003,2,9,547,-160
2003,2,10,550,-157
2003,2,11,539,-168
2003,2,12,545,-162
2003,2,13,553,-154
2003,2,14,556,-151
2003,2,15,565,-142
2003,2,16,571,-136
2003,2,17,571,-136
2003,2,18,587,-120
2003,2,19,600,-107
2003,2,20,588,-119
2003,2,21,588,-119
2003,2,22,588,-119
2003,2,23,577,-130
2003,2,24,568,-139
2003,2,25,560,-147
2003,2,26,550,-157
2003,2,27,556,-151
2003,2,28,565,-142
2003,3,1,572,-135
2003,3,2,576,-131
2003,3,3,590,-117
2003,3,4,602,-105
2003,3,5,615,-92
2003,3,6,631,-76
2003,3,7,632,-75
2003,3,8,610,-97
2003,3,9,610,-97
2003,3,10,633,-74
2003,3,11,630,-77
2003,3,12,606,-101
2003,3,13,595,-112
2003,3,14,602,-105
2003,3,15,591,-116
2003,3,16,604,-103
2003,3,17,643,-64
2003,3,18,655,-52
2003,3,19,655,-52
2003,3,20,655,-52
2003,3,21,663,-44
2003,3,22,664,-43
2003,3,23,661,-46
2003,3,24,661,-46
2003,3,25,658,-49
2003,3,26,681,-26
2003,3,27,685,-22
2003,3,28,690,-17
2003,3,29,708,1
2003,3,30,712,5
2003,3,31,730,23
2003,4,1,726,19
2003,4,2,726,19
2003,4,3,720,13
2003,4,4,709,2
2003,4,5,709,2
2003,4,6,697,-10
2003,4,7,687,-20
2003,4,8,677,-30
2003,4,9,650,-57
2003,4,10,636,-71
2003,4,11,630,-77
2003,4,12,618,-89
2003,4,13,642,-65
2003,4,14,662,-45
2003,4,15,667,-40
2003,4,16,659,-48
2003,4,17,639,-68
2003,4,18,632,-75
2003,4,19,638,-69
2003,4,20,625,-82
2003,4,21,608,-99
2003,4,22,612,-95
2003,4,23,623,-84
2003,4,24,634,-73
2003,4,25,632,-75
2003,4,26,634,-73
2003,4,27,632,-75
2003,4,28,640,-67
2003,4,29,650,-57
2003,4,30,648,-59
2003,5,1,642,-65
2003,5,2,635,-72
2003,5,3,637,-70
2003,5,4,650,-57
2003,5,5,624,-83
2003,5,6,619,-88
2003,5,7,653,-54
2003,5,8,666,-41
2003,5,9,683,-24
2003,5,10,737,30
2003,5,11,753,46
2003,5,12,763,56
2003,5,13,792,85
2003,5,14,795,88
2003,5,15,774,67
2003,5,16,773,66
2003,5,17,783,76
2003,5,18,771,64
2003,5,19,752,45
2003,5,20,748,41
2003,5,21,762,55
2003,5,22,767,60
2003,5,23,781,74
2003,5,24,795,88
2003,5,25,774,67
2003,5,26,765,58
2003,5,27,786,79
2003,5,28,794,87
2003,5,29,793,86
2003,5,30,787,80
2003,5,31,759,52
2003,6,1,746,39
2003,6,2,749,42
2003,6,3,735,28
2003,6,4,738,31
2003,6,5,749,42
2003,6,6,766,59
2003,6,7,764,57
2003,6,8,739,32
2003,6,9,735,28
2003,6,10,735,28
2003,6,11,700,-7
2003,6,12,678,-29
2003,6,13,685,-22
2003,6,14,676,-31
2003,6,15,653,-54
2003,6,16,647,-60
2003,6,17,639,-68
2003,6,18,642,-65
2003,6,19,649,-58
2003,6,20,663,-44
2003,6,21,692,-15
2003,6,22,702,-5
2003,6,23,690,-17
2003,6,24,699,-8
2003,6,25,699,-8
2003,6,26,685,-22
2003,6,27,697,-10
2003,6,28,690,-17
2003,6,29,677,-30
2003,6,30,680,-27
2003,7,1,695,-12
2003,7,2,686,-21
2003,7,3,689,-18
2003,7,4,716,9
2003,7,5,735,28
2003,7,6,727,20
2003,7,7,715,8
2003,7,8,709,2
2003,7,9,693,-14
2003,7,10,677,-30
2003,7,11,688,-19
2003,7,12,696,-11
2003,7,13,695,-12
2003,7,14,688,-19
2003,7,15,684,-23
2003,7,16,681,-26
2003,7,17,685,-22
2003,7,18,696,-11
2003,7,19,681,-26
2003,7,20,676,-31
2003,7,21,660,-47
2003,7,22,653,-54
2003,7,23,666,-41
2003,7,24,659,-48
2003,7,25,643,-64
2003,7,26,644,-63
2003,7,27,636,-71
2003,7,28,625,-82
2003,7,29,622,-85
2003,7,30,631,-76
2003,7,31,639,-68
2003,8,1,640,-67
2003,8,2,650,-57
2003,8,3,645,-62
2003,8,4,632,-75
2003,8,5,626,-81
2003,8,6,622,-85
2003,8,7,620,-87
2003,8,8,619,-88
2003,8,9,610,-97
2003,8,10,602,-105
2003,8,11,602,-105
2003,8,12,617,-90
2003,8,13,623,-84
2003,8,14,625,-82
2003,8,15,630,-77
2003,8,16,634,-73
2003,8,17,625,-82
2003,8,18,638,-69
2003,8,19,654,-53
2003,8,20,663,-44
2003,8,21,662,-45
2003,8,22,643,-64
2003,8,23,635,-72
2003,8,24,640,-67
2003,8,25,650,-57
2003,8,26,661,-46
2003,8,27,675,-32
2003,8,28,660,-47
2003,8,29,667,-40
2003,8,30,675,-32
2003,8,31,667,-40
2003,9,1,647,-60
2003,9,2,655,-52
2003,9,3,679,-28
2003,9,4,652,-55
2003,9,5,660,-47
2003,9,6,656,-51
2003,9,7,644,-63
2003,9,8,645,-62
2003,9,9,645,-62
2003,9,10,652,-55
2003,9,11,641,-66
2003,9,12,648,-59
2003,9,13,663,-44
2003,9,14,664,-43
2003,9,15,665,-42
2003,9,16,662,-45
2003,9,17,663,-44
2003,9,18,668,-39
2003,9,19,663,-44
2003,9,20,646,-61
2003,9,21,651,-56
2003,9,22,646,-61
2003,9,23,652,-55
2003,9,24,659,-48
2003,9,25,668,-39
2003,9,26,687,-20
2003,9,27,693,-14
2003,9,28,692,-15
2003,9,29,679,-28
2003,9,30,656,-51
2003,10,1,645,-62
2003,10,2,645,-62
2003,10,3,648,-59
2003,10,4,648,-59
2003,10,5,668,-39
2003,10,6,689,-18
2003,10,7,700,-7
2003,10,8,697,-10
2003,10,9,710,3
2003,10,10,717,10
2003,10,11,711,4
2003,10,12,691,-16
2003,10,13,695,-12
2003,10,14,671,-36
2003,10,15,651,-56
2003,10,16,678,-29
2003,10,17,686,-21
2003,10,18,685,-22
2003,10,19,681,-26
2003,10,20,685,-22
2003,10,21,680,-27
2003,10,22,696,-11
2003,10,23,703,-4
2003,10,24,678,-29
2003,10,25,667,-40
2003,10,26,668,-39
2003,10,27,651,-56
2003,10,28,638,-69
2003,10,29,644,-63
2003,10,30,646,-61
2003,10,31,653,-54
2003,11,1,661,-46
2003,11,2,643,-64
2003,11,3,647,-60
2003,11,4,671,-36
2003,11,5,668,-39
2003,11,6,651,-56
2003,11,7,657,-50
2003,11,8,659,-48
2003,11,9,652,-55
2003,11,10,660,-47
2003,11,11,663,-44
2003,11,12,654,-53
2003,11,13,647,-60
2003,11,14,655,-52
2003,11,15,662,-45
2003,11,16,661,-46
2003,11,17,664,-43
2003,11,18,684,-23
2003,11,19,689,-18
2003,11,20,690,-17
2003,11,21,680,-27
2003,11,22,667,-40
2003,11,23,681,-26
2003,11,24,681,-26
2003,11,25,650,-57
2003,11,26,627,-80
2003,11,27,637,-70
2003,11,28,654,-53
2003,11,29,671,-36
2003,11,30,666,-41
2003,12,1,676,-31
2003,12,2,688,-19
2003,12,3,682,-25
2003,12,4,670,-37
2003,12,5,679,-28
2003,12,6,686,-21
2003,12,7,679,-28
2003,12,8,670,-37
2003,12,9,668,-39
2003,12,10,665,-42
2003,12,11,668,-39
2003,12,12,680,-27
2003,12,13,680,-27
2003,12,14,676,-31
2003,12,15,701,-6
2003,12,16,737,30
2003,12,17,734,27
2003,12,18,722,15
2003,12,19,733,26
2003,12,20,740,33
2003,12,21,703,-4
2003,12,22,677,-30
2003,12,23,671,-36
2003,12,24,674,-33
2003,12,25,683,-24
2003,12,26,719,12
2003,12,27,739,32
2003,12,28,735,28
2003,12,29,755,48
2003,12,30,755,48
2003,12,31,735,28
2004,1,1,734,27
2004,1,2,716,9
2004,1,3,677,-30
2004,1,4,666,-41
2004,1,5,654,-53
2004,1,6,641,-66
2004,1,7,637,-70
2004,1,8,643,-64
2004,1,9,632,-75
2004,1,10,652,-55
2004,1,11,663,-44
2004,1,12,637,-70
2004,1,13,652,-55
2004,1,14,658,-49
2004,1,15,644,-63
2004,1,16,649,-58
2004,1,17,643,-64
2004,1,18,621,-86
2004,1,19,631,-76
2004,1,20,636,-71
2004,1,21,626,-81
2004,1,22,611,-96
2004,1,23,612,-95
2004,1,24,618,-89
2004,1,25,629,-78
2004,1,26,649,-58
2004,1,27,649,-58
2004,1,28,658,-49
2004,1,29,660,-47
2004,1,30,643,-64
2004,1,31,645,-62
2004,2,1,645,-62
2004,2,2,634,-73
2004,2,3,630,-77
2004,2,4,641,-66
2004,2,5,656,-51
2004,2,6,657,-50
2004,2,7,659,-48
2004,2,8,657,-50
2004,2,9,668,-39
2004,2,10,658,-49
2004,2,11,660,-47
2004,2,12,645,-62
2004,2,13,641,-66
2004,2,14,658,-49
2004,2,15,652,-55
2004,2,16,645,-62
2004,2,17,635,-72
2004,2,18,637,-70
2004,2,19,639,-68
2004,2,20,636,-71
2004,2,21,647,-60
2004,2,22,671,-36
2004,2,23,691,-16
2004,2,24,707,0
2004,2,25,705,-2
2004,2,26,710,3
2004,2,27,711,4
2004,2,28,711,4
2004,2,29,713,6
2004,3,1,721,14
2004,3,2,729,22
2004,3,3,731,24
2004,3,4,734,27
2004,3,5,742,35
2004,3,6,764,57
2004,3,7,789,82
2004,3,8,790,83
2004,3,9,793,86
2004,3,10,784,77
2004,3,11,769,62
2004,3,12,772,65
2004,3,13,777,70
2004,3,14,799,92
2004,3,15,788,81
2004,3,16,778,71
2004,3,17,815,108
2004,3,18,828,121
2004,3,19,817,110
2004,3,20,821,114
2004,3,21,847,140
2004,3,22,838,131
2004,3,23,826,119
2004,3,24,832,125
2004,3,25,823,116
2004,3,26,791,84
2004,3,27,786,79
2004,3,28,783,76
2004,3,29,776,69
2004,3,30,790,83
2004,3,31,788,81
2004,4,1,785,78
2004,4,2,805,98
2004,4,3,817,110
2004,4,4,811,104
2004,4,5,811,104
2004,4,6,814,107
2004,4,7,782,75
2004,4,8,730,23
2004,4,9,688,-19
2004,4,10,701,-6
2004,4,11,699,-8
2004,4,12,655,-52
2004,4,13,685,-22
2004,4,14,682,-25
2004,4,15,633,-74
2004,4,16,643,-64
2004,4,17,664,-43
2004,4,18,660,-47
2004,4,19,652,-55
2004,4,20,650,-57
2004,4,21,659,-48
2004,4,22,662,-45
2004,4,23,671,-36
2004,4,24,661,-46
2004,4,25,664,-43
2004,4,26,686,-21
2004,4,27,692,-15
2004,4,28,694,-13
2004,4,29,716,9
2004,4,30,746,39
2004,5,1,750,43
2004,5,2,756,49
2004,5,3,771,64
2004,5,4,774,67
2004,5,5,747,40
2004,5,6,724,17
2004,5,7,733,26
2004,5,8,745,38
2004,5,9,737,30
2004,5,10,730,23
2004,5,11,736,29
2004,5,12,744,37
2004,5,13,731,24
2004,5,14,720,13
2004,5,15,728,21
2004,5,16,725,18
2004,5,17,710,3
2004,5,18,706,-1
2004,5,19,696,-11
2004,5,20,688,-19
2004,5,21,685,-22
2004,5,22,671,-36
2004,5,23,640,-67
2004,5,24,641,-66
2004,5,25,669,-38
2004,5,26,694,-13
2004,5,27,700,-7
2004,5,28,695,-12
2004,5,29,703,-4
2004,5,30,708,1
2004,5,31,703,-4
2004,6,1,677,-30
2004,6,2,656,-51
2004,6,3,649,-58
2004,6,4,648,-59
2004,6,5,669,-38
2004,6,6,680,-27
2004,6,7,675,-32
2004,6,8,680,-27
2004,6,9,702,-5
2004,6,10,697,-10
2004,6,11,676,-31
2004,6,12,653,-54
2004,6,13,644,-63
2004,6,14,646,-61
2004,6,15,620,-87
2004,6,16,631,-76
2004,6,17,648,-59
2004,6,18,625,-82
2004,6,19,618,-89
2004,6,20,621,-86
2004,6,21,618,-89
2004,6,22,620,-87
2004,6,23,611,-96
2004,6,24,627,-80
2004,6,25,649,-58
2004,6,26,633,-74
2004,6,27,633,-74
2004,6,28,633,-74
2004,6,29,617,-90
2004,6,30,598,-109
2004,7,1,590,-117
2004,7,2,586,-121
2004,7,3,595,-112
2004,7,4,604,-103
2004,7,5,598,-109
2004,7,6,602,-105
2004,7,7,613,-94
2004,7,8,605,-102
2004,7,9,632,-75
2004,7,10,627,-80
2004,7,11,616,-91
2004,7,12,615,-92
2004,7,13,613,-94
2004,7,14,618,-89
2004,7,15,617,-90
2004,7,16,599,-108
2004,7,17,586,-121
2004,7,18,593,-114
2004,7,19,600,-107
2004,7,20,612,-95
2004,7,21,615,-92
2004,7,22,604,-103
2004,7,23,608,-99
2004,7,24,592,-115
2004,7,25,599,-108
2004,7,26,588,-119
2004,7,27,565,-142
2004,7,28,580,-127
2004,7,29,583,-124
2004,7,30,572,-135
2004,7,31,580,-127
2004,8,1,597,-110
2004,8,2,608,-99
2004,8,3,607,-100
2004,8,4,608,-99
2004,8,5,596,-111
2004,8,6,586,-121
2004,8,7,594,-113
2004,8,8,592,-115
2004,8,9,597,-110
2004,8,10,591,-116
2004,8,11,570,-137
2004,8,12,546,-161
2004,8,13,533,-174
2004,8,14,545,-162
2004,8,15,547,-160
2004,8,16,551,-156
2004,8,17,570,-137
2004,8,18,572,-135
2004,8,19,573,-134
2004,8,20,577,-130
2004,8,21,559,-148
2004,8,22,533,-174
2004,8,23,535,-172
2004,8,24,547,-160
2004,8,25,549,-158
2004,8,26,555,-152
2004,8,27,557,-150
2004,8,28,556,-151
2004,8,29,561,-146
2004,8,30,558,-149
2004,8,31,561,-146
2004,9,1,566,-141
2004,9,2,577,-130
2004,9,3,580,-127
2004,9,4,589,-118
2004,9,5,595,-112
2004,9,6,584,-123
2004,9,7,582,-125
2004,9,8,591,-116
2004,9,9,609,-98
2004,9,10,624,-83
2004,9,11,618,-89
2004,9,12,622,-85
2004,9,13,624,-83
2004,9,14,631,-76
2004,9,15,633,-74
2004,9,16,617,-90
2004,9,17,611,-96
2004,9,18,607,-100
2004,9,19,593,-114
2004,9,20,585,-122
2004,9,21,578,-129
2004,9,22,583,-124
2004,9,23,598,-109
2004,9,24,614,-93
2004,9,25,616,-91
2004,9,26,624,-83
2004,9,27,630,-77
2004,9,28,647,-60
2004,9,29,636,-71
2004,9,30,613,-94
2004,10,1,596,-111
2004,10,2,601,-106
2004,10,3,601,-106
2004,10,4,596,-111
2004,10,5,592,-115
2004,10,6,609,-98
2004,10,7,626,-81
2004,10,8,624,-83
2004,10,9,614,-93
2004,10,10,609,-98
2004,10,11,618,-89
2004,10,12,616,-91
2004,10,13,601,-106
2004,10,14,606,-101
2004,10,15,601,-106
2004,10,16,596,-111
2004,10,17,600,-107
2004,10,18,593,-114
2004,10,19,599,-108
2004,10,20,593,-114
2004,10,21,567,-140
2004,10,22,586,-121
2004,10,23,627,-80
2004,10,24,633,-74
2004,10,25,634,-73
2004,10,26,631,-76
2004,10,27,657,-50
2004,10,28,676,-31
2004,10,29,670,-37
2004,10,30,667,-40
2004,10,31,644,-63
2004,11,1,633,-74
2004,11,2,629,-78
2004,11,3,641,-66
2004,11,4,646,-61
2004,11,5,641,-66
2004,11,6,671,-36
2004,11,7,681,-26
2004,11,8,674,-33
2004,11,9,684,-23
2004,11,10,677,-30
2004,11,11,666,-41
2004,11,12,657,-50
2004,11,13,644,-63
2004,11,14,640,-67
2004,11,15,647,-60
2004,11,16,647,-60
2004,11,17,651,-56
2004,11,18,660,-47
2004,11,19,668,-39
2004,11,20,675,-32
2004,11,21,680,-27
2004,11,22,680,-27
2004,11,23,669,-38
2004,11,24,670,-37
2004,11,25,658,-49
2004,11,26,640,-67
2004,11,27,623,-84
2004,11,28,622,-85
2004,11,29,636,-71
2004,11,30,622,-85
2004,12,1,605,-102
2004,12,2,631,-76
2004,12,3,666,-41
2004,12,4,669,-38
2004,12,5,661,-46
2004,12,6,665,-42
2004,12,7,656,-51
2004,12,8,639,-68
2004,12,9,623,-84
2004,12,10,608,-99
2004,12,11,596,-111
2004,12,12,595,-112
2004,12,13,586,-121
2004,12,14,590,-117
2004,12,15,608,-99
2004,12,16,613,-94
2004,12,17,605,-102
2004,12,18,615,-92
2004,12,19,623,-84
2004,12,20,623,-84
2004,12,21,614,-93
2004,12,22,611,-96
2004,12,23,615,-92
2004,12,24,606,-101
2004,12,25,608,-99
2004,12,26,614,-93
2004,12,27,624,-83
2004,12,28,635,-72
2004,12,29,623,-84
2004,12,30,646,-61
2004,12,31,664,-43
2005,1,1,662,-45
2005,1,2,680,-27
2005,1,3,703,-4
2005,1,4,715,8
2005,1,5,709,2
2005,1,6,698,-9
2005,1,7,704,-3
2005,1,8,682,-25
2005,1,9,669,-38
2005,1,10,663,-44
2005,1,11,644,-63
2005,1,12,649,-58
2005,1,13,665,-42
2005,1,14,665,-42
2005,1,15,687,-20
2005,1,16,671,-36
2005,1,17,628,-79
2005,1,18,624,-83
2005,1,19,631,-76
2005,1,20,633,-74
2005,1,21,633,-74
2005,1,22,646,-61
2005,1,23,658,-49
2005,1,24,656,-51
2005,1,25,667,-40
2005,1,26,680,-27
2005,1,27,683,-24
2005,1,28,695,-12
2005,1,29,702,-5
2005,1,30,709,2
2005,1,31,713,6
2005,2,1,713,6
2005,2,2,685,-22
2005,2,3,666,-41
2005,2,4,665,-42
2005,2,5,667,-40
2005,2,6,664,-43
2005,2,7,647,-60
2005,2,8,640,-67
2005,2,9,653,-54
2005,2,10,651,-56
2005,2,11,644,-63
2005,2,12,648,-59
2005,2,13,660,-47
2005,2,14,657,-50
2005,2,15,645,-62
2005,2,16,629,-78
2005,2,17,624,-83
2005,2,18,608,-99
2005,2,19,612,-95
2005,2,20,620,-87
2005,2,21,633,-74
2005,2,22,634,-73
2005,2,23,633,-74
2005,2,24,635,-72
2005,2,25,641,-66
2005,2,26,639,-68
2005,2,27,633,-74
2005,2,28,646,-61
2005,3,1,635,-72
2005,3,2,621,-86
2005,3,3,614,-93
2005,3,4,591,-116
2005,3,5,575,-132
2005,3,6,582,-125
2005,3,7,569,-138
2005,3,8,572,-135
2005,3,9,584,-123
2005,3,10,586,-121
2005,3,11,576,-131
2005,3,12,577,-130
2005,3,13,582,-125
2005,3,14,562,-145
2005,3,15,559,-148
2005,3,16,563,-144
2005,3,17,556,-151
2005,3,18,558,-149
2005,3,19,557,-150
2005,3,20,563,-144
2005,3,21,572,-135
2005,3,22,570,-137
2005,3,23,567,-140
2005,3,24,580,-127
2005,3,25,588,-119
2005,3,26,587,-120
2005,3,27,595,-112
2005,3,28,617,-90
2005,3,29,616,-91
2005,3,30,607,-100
2005,3,31,598,-109
2005,4,1,607,-100
2005,4,2,630,-77
2005,4,3,642,-65
2005,4,4,668,-39
2005,4,5,683,-24
2005,4,6,702,-5
2005,4,7,718,11
2005,4,8,712,5
2005,4,9,712,5
2005,4,10,726,19
2005,4,11,730,23
2005,4,12,726,19
2005,4,13,739,32
2005,4,14,757,50
2005,4,15,746,39
2005,4,16,733,26
2005,4,17,735,28
2005,4,18,738,31
2005,4,19,719,12
2005,4,20,705,-2
2005,4,21,719,12
2005,4,22,704,-3
2005,4,23,702,-5
2005,4,24,720,13
2005,4,25,717,10
2005,4,26,679,-28
2005,4,27,644,-63
2005,4,28,634,-73
2005,4,29,632,-75
2005,4,30,639,-68
2005,5,1,650,-57
2005,5,2,643,-64
2005,5,3,644,-63
2005,5,4,676,-31
2005,5,5,686,-21
2005,5,6,686,-21
2005,5,7,682,-25
2005,5,8,668,-39
2005,5,9,659,-48
2005,5,10,656,-51
2005,5,11,652,-55
2005,5,12,642,-65
2005,5,13,638,-69
2005,5,14,646,-61
2005,5,15,646,-61
2005,5,16,655,-52
2005,5,17,675,-32
2005,5,18,683,-24
2005,5,19,684,-23
2005,5,20,680,-27
2005,5,21,690,-17
2005,5,22,686,-21
2005,5,23,672,-35
2005,5,24,669,-38
2005,5,25,674,-33
2005,5,26,666,-41
2005,5,27,666,-41
2005,5,28,677,-30
2005,5,29,660,-47
2005,5,30,671,-36
2005,5,31,686,-21
2005,6,1,681,-26
2005,6,2,679,-28
2005,6,3,683,-24
2005,6,4,683,-24
2005,6,5,669,-38
2005,6,6,647,-60
2005,6,7,638,-69
2005,6,8,643,-64
2005,6,9,651,-56
2005,6,10,661,-46
2005,6,11,663,-44
2005,6,12,677,-30
2005,6,13,681,-26
2005,6,14,671,-36
2005,6,15,677,-30
2005,6,16,662,-45
2005,6,17,666,-41
2005,6,18,666,-41
2005,6,19,663,-44
2005,6,20,671,-36
2005,6,21,665,-42
2005,6,22,657,-50
2005,6,23,670,-37
2005,6,24,663,-44
2005,6,25,660,-47
2005,6,26,687,-20
2005,6,27,690,-17
2005,6,28,685,-22
2005,6,29,687,-20
2005,6,30,682,-25
2005,7,1,683,-24
2005,7,2,670,-37
2005,7,3,658,-49
2005,7,4,652,-55
2005,7,5,644,-63
2005,7,6,599,-108
2005,7,7,594,-113
2005,7,8,612,-95
2005,7,9,619,-88
2005,7,10,631,-76
2005,7,11,614,-93
2005,7,12,602,-105
2005,7,13,599,-108
2005,7,14,593,-114
2005,7,15,608,-99
2005,7,16,642,-65
2005,7,17,638,-69
2005,7,18,631,-76
2005,7,19,621,-86
2005,7,20,602,-105
2005,7,21,601,-106
2005,7,22,601,-106
2005,7,23,622,-85
2005,7,24,636,-71
2005,7,25,618,-89
2005,7,26,632,-75
2005,7,27,624,-83
2005,7,28,605,-102
2005,7,29,607,-100
2005,7,30,608,-99
2005,7,31,615,-92
2005,8,1,595,-112
2005,8,2,589,-118
2005,8,3,608,-99
2005,8,4,601,-106
2005,8,5,607,-100
2005,8,6,618,-89
2005,8,7,624,-83
2005,8,8,620,-87
2005,8,9,611,-96
2005,8,10,612,-95
2005,8,11,609,-98
2005,8,12,599,-108
2005,8,13,599,-108
2005,8,14,610,-97
2005,8,15,625,-82
2005,8,16,613,-94
2005,8,17,609,-98
2005,8,18,628,-79
2005,8,19,633,-74
2005,8,20,651,-56
2005,8,21,661,-46
2005,8,22,639,-68
2005,8,23,640,-67
2005,8,24,645,-62
2005,8,25,643,-64
2005,8,26,657,-50
2005,8,27,642,-65
2005,8,28,633,-74
2005,8,29,621,-86
2005,8,30,627,-80
2005,8,31,645,-62
2005,9,1,638,-69
2005,9,2,629,-78
2005,9,3,646,-61
2005,9,4,658,-49
2005,9,5,655,-52
2005,9,6,663,-44
2005,9,7,672,-35
2005,9,8,667,-40
2005,9,9,646,-61
2005,9,10,644,-63
2005,9,11,652,-55
2005,9,12,670,-37
2005,9,13,683,-24
2005,9,14,660,-47
2005,9,15,668,-39
2005,9,16,682,-25
2005,9,17,674,-33
2005,9,18,664,-43
2005,9,19,673,-34
2005,9,20,689,-18
2005,9,21,694,-13
2005,9,22,676,-31
2005,9,23,663,-44
2005,9,24,669,-38
2005,9,25,683,-24
2005,9,26,681,-26
2005,9,27,661,-46
2005,9,28,662,-45
2005,9,29,689,-18
2005,9,30,699,-8
2005,10,1,684,-23
2005,10,2,687,-20
2005,10,3,699,-8
2005,10,4,681,-26
2005,10,5,661,-46
2005,10,6,644,-63
2005,10,7,622,-85
2005,10,8,623,-84
2005,10,9,647,-60
2005,10,10,645,-62
2005,10,11,654,-53
2005,10,12,686,-21
2005,10,13,704,-3
2005,10,14,720,13
2005,10,15,721,14
2005,10,16,729,22
2005,10,17,729,22
2005,10,18,720,13
2005,10,19,698,-9
2005,10,20,687,-20
2005,10,21,682,-25
2005,10,22,690,-17
2005,10,23,700,-7
2005,10,24,699,-8
2005,10,25,706,-1
2005,10,26,739,32
2005,10,27,760,53
2005,10,28,763,56
2005,10,29,753,46
2005,10,30,739,32
2005,10,31,747,40
2005,11,1,752,45
2005,11,2,730,23
2005,11,3,713,6
2005,11,4,712,5
2005,11,5,716,9
2005,11,6,698,-9
2005,11,7,693,-14
2005,11,8,720,13
2005,11,9,744,37
2005,11,10,764,57
2005,11,11,781,74
2005,11,12,776,69
2005,11,13,765,58
2005,11,14,762,55
2005,11,15,751,44
2005,11,16,740,33
2005,11,17,748,41
2005,11,18,748,41
2005,11,19,743,36
2005,11,20,751,44
2005,11,21,758,51
2005,11,22,750,43
2005,11,23,750,43
2005,11,24,763,56
2005,11,25,804,97
2005,11,26,809,102
2005,11,27,814,107
2005,11,28,806,99
2005,11,29,788,81
2005,11,30,786,79
2005,12,1,768,61
2005,12,2,758,51
2005,12,3,757,50
2005,12,4,752,45
2005,12,5,764,57
2005,12,6,782,75
2005,12,7,791,84
2005,12,8,784,77
2005,12,9,785,78
2005,12,10,799,92
2005,12,11,790,83
2005,12,12,759,52
2005,12,13,747,40
2005,12,14,746,39
2005,12,15,747,40
2005,12,16,745,38
2005,12,17,743,36
2005,12,18,751,44
2005,12,19,747,40
2005,12,20,743,36
2005,12,21,739,32
2005,12,22,723,16
2005,12,23,739,32
2005,12,24,751,44
2005,12,25,747,40
2005,12,26,755,48
2005,12,27,745,38
2005,12,28,735,28
2005,12,29,743,36
2005,12,30,749,42
2005,12,31,743,36
2006,1,1,755,48
2006,1,2,773,66
2006,1,3,780,73
2006,1,4,775,68
2006,1,5,787,80
2006,1,6,800,93
2006,1,7,797,90
2006,1,8,800,93
2006,1,9,797,90
2006,1,10,799,92
2006,1,11,791,84
2006,1,12,783,76
2006,1,13,790,83
2006,1,14,788,81
2006,1,15,788,81
2006,1,16,792,85
2006,1,17,804,97
2006,1,18,816,109
2006,1,19,807,100
2006,1,20,822,115
2006,1,21,827,120
2006,1,22,821,114
2006,1,23,808,101
2006,1,24,797,90
2006,1,25,800,93
2006,1,26,826,119
2006,1,27,846,139
2006,1,28,846,139
2006,1,29,866,159
2006,1,30,882,175
2006,1,31,910,203
2006,2,1,915,208
2006,2,2,919,212
2006,2,3,912,205
2006,2,4,895,188
2006,2,5,879,172
2006,2,6,868,161
2006,2,7,856,149
2006,2,8,838,131
2006,2,9,840,133
2006,2,10,837,130
2006,2,11,823,116
2006,2,12,832,125
2006,2,13,841,134
2006,2,14,844,137
2006,2,15,851,144
2006,2,16,832,125
2006,2,17,829,122
2006,2,18,859,152
2006,2,19,879,172
2006,2,20,867,160
2006,2,21,876,169
2006,2,22,868,161
2006,2,23,857,150
2006,2,24,860,153
2006,2,25,864,157
2006,2,26,859,152
2006,2,27,856,149
2006,2,28,868,161
2006,3,1,887,180
2006,3,2,886,179
2006,3,3,895,188
2006,3,4,875,168
2006,3,5,841,134
2006,3,6,832,125
2006,3,7,855,148
2006,3,8,868,161
2006,3,9,865,158
2006,3,10,873,166
2006,3,11,879,172
2006,3,12,895,188
2006,3,13,911,204
2006,3,14,917,210
2006,3,15,932,225
2006,3,16,945,238
2006,3,17,948,241
2006,3,18,935,228
2006,3,19,929,222
2006,3,20,923,216
2006,3,21,904,197
2006,3,22,907,200
2006,3,23,919,212
2006,3,24,915,208
2006,3,25,909,202
2006,3,26,934,227
2006,3,27,940,233
2006,3,28,945,238
2006,3,29,944,237
2006,3,30,912,205
2006,3,31,884,177
2006,4,1,886,179
2006,4,2,877,170
2006,4,3,849,142
2006,4,4,848,141
2006,4,5,854,147
2006,4,6,842,135
2006,4,7,846,139
2006,4,8,870,163
2006,4,9,881,174
2006,4,10,869,162
2006,4,11,875,168
2006,4,12,906,199
2006,4,13,902,195
2006,4,14,877,170
2006,4,15,854,147
2006,4,16,843,136
2006,4,17,858,151
2006,4,18,861,154
2006,4,19,846,139
2006,4,20,843,136
2006,4,21,847,140
2006,4,22,850,143
2006,4,23,843,136
2006,4,24,868,161
2006,4,25,882,175
2006,4,26,858,151
2006,4,27,852,145
2006,4,28,851,144
2006,4,29,823,116
2006,4,30,798,91
2006,5,1,789,82
2006,5,2,785,78
2006,5,3,786,79
2006,5,4,792,85
2006,5,5,795,88
2006,5,6,803,96
2006,5,7,801,94
2006,5,8,815,108
2006,5,9,826,119
2006,5,10,818,111
2006,5,11,799,92
2006,5,12,796,89
2006,5,13,799,92
2006,5,14,784,77
2006,5,15,775,68
2006,5,16,770,63
2006,5,17,769,62
2006,5,18,769,62
2006,5,19,772,65
2006,5,20,794,87
2006,5,21,800,93
2006,5,22,793,86
2006,5,23,788,81
2006,5,24,801,94
2006,5,25,807,100
2006,5,26,771,64
2006,5,27,749,42
2006,5,28,731,24
2006,5,29,736,29
2006,5,30,731,24
2006,5,31,735,28
2006,6,1,738,31
2006,6,2,737,30
2006,6,3,748,41
2006,6,4,760,53
2006,6,5,766,59
2006,6,6,752,45
2006,6,7,746,39
2006,6,8,742,35
2006,6,9,729,22
2006,6,10,722,15
2006,6,11,723,16
2006,6,12,718,11
2006,6,13,722,15
2006,6,14,715,8
2006,6,15,706,-1
2006,6,16,713,6
2006,6,17,721,14
2006,6,18,732,25
2006,6,19,739,32
2006,6,20,735,28
2006,6,21,712,5
2006,6,22,709,2
2006,6,23,700,-7
2006,6,24,685,-22
2006,6,25,674,-33
2006,6,26,659,-48
2006,6,27,664,-43
2006,6,28,672,-35
2006,6,29,678,-29
2006,6,30,671,-36
2006,7,1,673,-34
2006,7,2,671,-36
2006,7,3,659,-48
2006,7,4,672,-35
2006,7,5,656,-51
2006,7,6,641,-66
2006,7,7,628,-79
2006,7,8,627,-80
2006,7,9,639,-68
2006,7,10,632,-75
2006,7,11,624,-83
2006,7,12,638,-69
2006,7,13,662,-45
2006,7,14,665,-42
2006,7,15,661,-46
2006,7,16,648,-59
2006,7,17,651,-56
2006,7,18,642,-65
2006,7,19,621,-86
2006,7,20,626,-81
2006,7,21,619,-88
2006,7,22,611,-96
2006,7,23,616,-91
2006,7,24,599,-108
2006,7,25,603,-104
2006,7,26,612,-95
2006,7,27,618,-89
2006,7,28,644,-63
2006,7,29,671,-36
2006,7,30,673,-34
2006,7,31,654,-53
2006,8,1,659,-48
2006,8,2,693,-14
2006,8,3,678,-29
2006,8,4,654,-53
2006,8,5,652,-55
2006,8,6,635,-72
2006,8,7,621,-86
2006,8,8,625,-82
2006,8,9,593,-114
2006,8,10,577,-130
2006,8,11,571,-136
2006,8,12,567,-140
2006,8,13,564,-143
2006,8,14,575,-132
2006,8,15,569,-138
2006,8,16,576,-131
2006,8,17,576,-131
2006,8,18,560,-147
2006,8,19,543,-164
2006,8,20,527,-180
2006,8,21,521,-186
2006,8,22,525,-182
2006,8,23,517,-190
2006,8,24,510,-197
2006,8,25,512,-195
2006,8,26,513,-194
2006,8,27,523,-184
2006,8,28,543,-164
2006,8,29,529,-178
2006,8,30,519,-188
2006,8,31,537,-170
2006,9,1,538,-169
2006,9,2,518,-189
2006,9,3,530,-177
2006,9,4,544,-163
2006,9,5,541,-166
2006,9,6,535,-172
2006,9,7,560,-147
2006,9,8,581,-126
2006,9,9,560,-147
2006,9,10,556,-151
2006,9,11,570,-137
2006,9,12,576,-131
2006,9,13,571,-136
2006,9,14,541,-166
2006,9,15,525,-182
2006,9,16,540,-167
2006,9,17,560,-147
2006,9,18,570,-137
2006,9,19,585,-122
2006,9,20,595,-112
2006,9,21,606,-101
2006,9,22,618,-89
2006,9,23,624,-83
2006,9,24,625,-82
2006,9,25,610,-97
2006,9,26,635,-72
2006,9,27,649,-58
2006,9,28,638,-69
2006,9,29,627,-80
2006,9,30,611,-96
2006,10,1,607,-100
2006,10,2,597,-110
2006,10,3,593,-114
2006,10,4,600,-107
2006,10,5,629,-78
2006,10,6,623,-84
2006,10,7,611,-96
2006,10,8,586,-121
2006,10,9,547,-160
2006,10,10,539,-168
2006,10,11,535,-172
2006,10,12,515,-192
2006,10,13,516,-191
2006,10,14,531,-176
2006,10,15,527,-180
2006,10,16,519,-188
2006,10,17,546,-161
2006,10,18,582,-125
2006,10,19,592,-115
2006,10,20,575,-132
2006,10,21,577,-130
2006,10,22,599,-108
2006,10,23,598,-109
2006,10,24,582,-125
2006,10,25,562,-145
2006,10,26,550,-157
2006,10,27,541,-166
2006,10,28,549,-158
2006,10,29,570,-137
2006,10,30,576,-131
2006,10,31,576,-131
2006,11,1,588,-119
2006,11,2,603,-104
2006,11,3,601,-106
2006,11,4,590,-117
2006,11,5,568,-139
2006,11,6,547,-160
2006,11,7,528,-179
2006,11,8,520,-187
2006,11,9,532,-175
2006,11,10,553,-154
2006,11,11,562,-145
2006,11,12,556,-151
2006,11,13,572,-135
2006,11,14,594,-113
2006,11,15,602,-105
2006,11,16,616,-91
2006,11,17,627,-80
2006,11,18,621,-86
2006,11,19,614,-93
2006,11,20,618,-89
2006,11,21,616,-91
2006,11,22,600,-107
2006,11,23,586,-121
2006,11,24,579,-128
2006,11,25,578,-129
2006,11,26,575,-132
2006,11,27,580,-127
2006,11,28,593,-114
2006,11,29,609,-98
2006,11,30,637,-70
2006,12,1,644,-63
2006,12,2,605,-102
2006,12,3,589,-118
2006,12,4,592,-115
2006,12,5,587,-120
2006,12,6,580,-127
2006,12,7,572,-135
2006,12,8,575,-132
2006,12,9,581,-126
2006,12,10,594,-113
2006,12,11,597,-110
2006,12,12,599,-108
2006,12,13,607,-100
2006,12,14,620,-87
2006,12,15,631,-76
2006,12,16,636,-71
2006,12,17,619,-88
2006,12,18,607,-100
2006,12,19,610,-97
2006,12,20,597,-110
2006,12,21,601,-106
2006,12,22,599,-108
2006,12,23,597,-110
2006,12,24,608,-99
2006,12,25,626,-81
2006,12,26,657,-50
2006,12,27,661,-46
2006,12,28,654,-53
2006,12,29,654,-53
2006,12,30,658,-49
2006,12,31,657,-50
2007,1,1,643,-64
2007,1,2,647,-60
2007,1,3,657,-50
2007,1,4,660,-47
2007,1,5,651,-56
2007,1,6,653,-54
2007,1,7,655,-52
2007,1,8,661,-46
2007,1,9,655,-52
2007,1,10,654,-53
2007,1,11,682,-25
2007,1,12,683,-24
2007,1,13,663,-44
2007,1,14,673,-34
2007,1,15,667,-40
2007,1,16,648,-59
2007,1,17,637,-70
2007,1,18,628,-79
2007,1,19,625,-82
2007,1,20,613,-94
2007,1,21,621,-86
2007,1,22,644,-63
2007,1,23,642,-65
2007,1,24,629,-78
2007,1,25,635,-72
2007,1,26,640,-67
2007,1,27,612,-95
2007,1,28,588,-119
2007,1,29,597,-110
2007,1,30,609,-98
2007,1,31,612,-95
2007,2,1,606,-101
2007,2,2,605,-102
2007,2,3,627,-80
2007,2,4,609,-98
2007,2,5,599,-108
2007,2,6,609,-98
2007,2,7,606,-101
2007,2,8,581,-126
2007,2,9,593,-114
2007,2,10,597,-110
2007,2,11,587,-120
2007,2,12,574,-133
2007,2,13,564,-143
2007,2,14,568,-139
2007,2,15,582,-125
2007,2,16,626,-81
2007,2,17,647,-60
2007,2,18,659,-48
2007,2,19,668,-39
2007,2,20,658,-49
2007,2,21,664,-43
2007,2,22,674,-33
2007,2,23,686,-21
2007,2,24,693,-14
2007,2,25,682,-25
2007,2,26,682,-25
2007,2,27,677,-30
2007,2,28,679,-28
2007,3,1,691,-16
2007,3,2,682,-25
2007,3,3,695,-12
2007,3,4,710,3
2007,3,5,701,-6
2007,3,6,683,-24
2007,3,7,667,-40
2007,3,8,671,-36
2007,3,9,674,-33
2007,3,10,683,-24
2007,3,11,688,-19
2007,3,12,671,-36
2007,3,13,670,-37
2007,3,14,701,-6
2007,3,15,723,16
2007,3,16,725,18
2007,3,17,751,44
2007,3,18,752,45
2007,3,19,762,55
2007,3,20,791,84
2007,3,21,793,86
2007,3,22,776,69
2007,3,23,761,54
2007,3,24,762,55
2007,3,25,783,76
2007,3,26,780,73
2007,3,27,764,57
2007,3,28,757,50
2007,3,29,757,50
2007,3,30,746,39
2007,3,31,728,21
2007,4,1,723,16
2007,4,2,727,20
2007,4,3,718,11
2007,4,4,708,1
2007,4,5,713,6
2007,4,6,721,14
2007,4,7,730,23
2007,4,8,728,21
2007,4,9,718,11
2007,4,10,738,31
2007,4,11,759,52
2007,4,12,762,55
2007,4,13,771,64
2007,4,14,775,68
2007,4,15,767,60
2007,4,16,770,63
2007,4,17,780,73
2007,4,18,785,78
2007,4,19,784,77
2007,4,20,781,74
2007,4,21,769,62
2007,4,22,760,53
2007,4,23,743,36
2007,4,24,743,36
2007,4,25,748,41
2007,4,26,760,53
2007,4,27,771,64
2007,4,28,770,63
2007,4,29,761,54
2007,4,30,762,55
2007,5,1,766,59
2007,5,2,754,47
2007,5,3,757,50
2007,5,4,764,57
2007,5,5,764,57
2007,5,6,763,56
2007,5,7,754,47
2007,5,8,761,54
2007,5,9,777,70
2007,5,10,777,70
2007,5,11,780,73
2007,5,12,774,67
2007,5,13,750,43
2007,5,14,734,27
2007,5,15,734,27
2007,5,16,730,23
2007,5,17,725,18
2007,5,18,734,27
2007,5,19,726,19
2007,5,20,707,0
2007,5,21,714,7
2007,5,22,728,21
2007,5,23,738,31
2007,5,24,750,43
2007,5,25,742,35
2007,5,26,734,27
2007,5,27,748,41
2007,5,28,736,29
2007,5,29,731,24
2007,5,30,725,18
2007,5,31,712,5
2007,6,1,720,13
2007,6,2,710,3
2007,6,3,699,-8
2007,6,4,699,-8
2007,6,5,702,-5
2007,6,6,714,7
2007,6,7,733,26
2007,6,8,750,43
2007,6,9,764,57
2007,6,10,758,51
2007,6,11,751,44
2007,6,12,764,57
2007,6,13,753,46
2007,6,14,751,44
2007,6,15,735,28
2007,6,16,727,20
2007,6,17,753,46
2007,6,18,756,49
2007,6,19,744,37
2007,6,20,752,45
2007,6,21,756,49
2007,6,22,755,48
2007,6,23,750,43
2007,6,24,732,25
2007,6,25,735,28
2007,6,26,737,30
2007,6,27,734,27
2007,6,28,720,13
2007,6,29,711,4
2007,6,30,719,12
2007,7,1,722,15
2007,7,2,708,1
2007,7,3,720,13
2007,7,4,715,8
2007,7,5,703,-4
2007,7,6,698,-9
2007,7,7,696,-11
2007,7,8,681,-26
2007,7,9,668,-39
2007,7,10,673,-34
2007,7,11,659,-48
2007,7,12,638,-69
2007,7,13,637,-70
2007,7,14,635,-72
2007,7,15,619,-88
2007,7,16,622,-85
2007,7,17,645,-62
2007,7,18,644,-63
2007,7,19,629,-78
2007,7,20,631,-76
2007,7,21,641,-66
2007,7,22,647,-60
2007,7,23,642,-65
2007,7,24,662,-45
2007,7,25,665,-42
2007,7,26,649,-58
2007,7,27,657,-50
2007,7,28,671,-36
2007,7,29,696,-11
2007,7,30,699,-8
2007,7,31,694,-13
2007,8,1,722,15
2007,8,2,714,7
2007,8,3,694,-13
2007,8,4,699,-8
2007,8,5,718,11
2007,8,6,717,10
2007,8,7,713,6
2007,8,8,715,8
2007,8,9,697,-10
2007,8,10,701,-6
2007,8,11,694,-13
2007,8,12,709,2
2007,8,13,739,32
2007,8,14,731,24
2007,8,15,736,29
2007,8,16,733,26
2007,8,17,736,29
2007,8,18,727,20
2007,8,19,718,11
2007,8,20,721,14
2007,8,21,693,-14
2007,8,22,694,-13
2007,8,23,707,0
2007,8,24,698,-9
2007,8,25,696,-11
2007,8,26,702,-5
2007,8,27,713,6
2007,8,28,716,9
2007,8,29,690,-17
2007,8,30,673,-34
2007,8,31,681,-26
2007,9,1,692,-15
2007,9,2,680,-27
2007,9,3,674,-33
2007,9,4,681,-26
2007,9,5,671,-36
2007,9,6,668,-39
2007,9,7,677,-30
2007,9,8,675,-32
2007,9,9,682,-25
2007,9,10,676,-31
2007,9,11,692,-15
2007,9,12,691,-16
2007,9,13,680,-27
2007,9,14,695,-12
2007,9,15,704,-3
2007,9,16,707,0
2007,9,17,699,-8
2007,9,18,691,-16
2007,9,19,694,-13
2007,9,20,695,-12
2007,9,21,698,-9
2007,9,22,705,-2
2007,9,23,729,22
2007,9,24,736,29
2007,9,25,724,17
2007,9,26,720,13
2007,9,27,730,23
2007,9,28,730,23
2007,9,29,704,-3
2007,9,30,675,-32
2007,10,1,671,-36
2007,10,2,671,-36
2007,10,3,677,-30
2007,10,4,691,-16
2007,10,5,688,-19
2007,10,6,696,-11
2007,10,7,710,3
2007,10,8,708,1
2007,10,9,700,-7
2007,10,10,718,11
2007,10,11,733,26
2007,10,12,707,0
2007,10,13,685,-22
2007,10,14,678,-29
2007,10,15,682,-25
2007,10,16,687,-20
2007,10,17,686,-21
2007,10,18,705,-2
2007,10,19,712,5
2007,10,20,712,5
2007,10,21,711,4
2007,10,22,714,7
2007,10,23,730,23
2007,10,24,750,43
2007,10,25,746,39
2007,10,26,722,15
2007,10,27,736,29
2007,10,28,736,29
2007,10,29,725,18
2007,10,30,719,12
2007,10,31,724,17
2007,11,1,745,38
2007,11,2,753,46
2007,11,3,753,46
2007,11,4,756,49
2007,11,5,759,52
2007,11,6,772,65
2007,11,7,786,79
2007,11,8,756,49
2007,11,9,771,64
2007,11,10,811,104
2007,11,11,798,91
2007,11,12,782,75
2007,11,13,797,90
2007,11,14,805,98
2007,11,15,820,113
2007,11,16,831,124
2007,11,17,843,136
2007,11,18,852,145
2007,11,19,856,149
2007,11,20,863,156
2007,11,21,869,162
2007,11,22,902,195
2007,11,23,922,215
2007,11,24,862,155
2007,11,25,814,107
2007,11,26,828,121
2007,11,27,823,116
2007,11,28,784,77
2007,11,29,769,62
2007,11,30,777,70
2007,12,1,768,61
2007,12,2,772,65
2007,12,3,768,61
2007,12,4,783,76
2007,12,5,780,73
2007,12,6,768,61
2007,12,7,764,57
2007,12,8,770,63
2007,12,9,769,62
2007,12,10,759,52
2007,12,11,763,56
2007,12,12,772,65
2007,12,13,768,61
2007,12,14,760,53
2007,12,15,775,68
2007,12,16,810,103
2007,12,17,815,108
2007,12,18,820,113
2007,12,19,831,124
2007,12,20,833,126
2007,12,21,816,109
2007,12,22,808,101
2007,12,23,822,115
2007,12,24,839,132
2007,12,25,840,133
2007,12,26,851,144
2007,12,27,875,168
2007,12,28,892,185
2007,12,29,885,178
2007,12,30,886,179
2007,12,31,890,183
2008,1,1,882,175
2008,1,2,895,188
2008,1,3,894,187
2008,1,4,868,161
2008,1,5,846,139
2008,1,6,850,143
2008,1,7,855,148
2008,1,8,851,144
2008,1,9,856,149
2008,1,10,861,154
2008,1,11,868,161
2008,1,12,888,181
2008,1,13,894,187
2008,1,14,878,171
2008,1,15,884,177
2008,1,16,881,174
2008,1,17,852,145
2008,1,18,847,140
2008,1,19,837,130
2008,1,20,840,133
2008,1,21,847,140
2008,1,22,862,155
2008,1,23,868,161
2008,1,24,850,143
2008,1,25,845,138
2008,1,26,837,130
2008,1,27,828,121
2008,1,28,827,120
2008,1,29,814,107
2008,1,30,823,116
2008,1,31,828,121
2008,2,1,825,118
2008,2,2,830,123
2008,2,3,823,116
2008,2,4,832,125
2008,2,5,830,123
2008,2,6,845,138
2008,2,7,865,158
2008,2,8,865,158
2008,2,9,859,152
2008,2,10,880,173
2008,2,11,891,184
2008,2,12,891,184
2008,2,13,875,168
2008,2,14,875,168
2008,2,15,878,171
2008,2,16,885,178
2008,2,17,872,165
2008,2,18,888,181
2008,2,19,916,209
2008,2,20,932,225
2008,2,21,936,229
2008,2,22,932,225
2008,2,23,933,226
2008,2,24,938,231
2008,2,25,929,222
2008,2,26,910,203
2008,2,27,897,190
2008,2,28,920,213
2008,2,29,934,227
2008,3,1,903,196
2008,3,2,906,199
2008,3,3,937,230
2008,3,4,948,241
2008,3,5,936,229
2008,3,6,946,239
2008,3,7,971,264
2008,3,8,979,272
2008,3,9,958,251
2008,3,10,953,246
2008,3,11,950,243
2008,3,12,944,237
2008,3,13,929,222
2008,3,14,937,230
2008,3,15,922,215
2008,3,16,920,213
2008,3,17,948,241
2008,3,18,961,254
2008,3,19,959,252
2008,3,20,976,269
2008,3,21,979,272
2008,3,22,958,251
2008,3,23,944,237
2008,3,24,927,220
2008,3,25,929,222
2008,3,26,942,235
2008,3,27,935,228
2008,3,28,886,179
2008,3,29,872,165
2008,3,30,895,188
2008,3,31,901,194
2008,4,1,893,186
2008,4,2,905,198
2008,4,3,936,229
2008,4,4,968,261
2008,4,5,961,254
2008,4,6,927,220
2008,4,7,917,210
2008,4,8,899,192
2008,4,9,883,176
2008,4,10,882,175
2008,4,11,903,196
2008,4,12,910,203
2008,4,13,929,222
2008,4,14,947,240
2008,4,15,947,240
2008,4,16,939,232
2008,4,17,950,243
2008,4,18,944,237
2008,4,19,922,215
2008,4,20,895,188
2008,4,21,875,168
2008,4,22,860,153
2008,4,23,873,166
2008,4,24,880,173
2008,4,25,853,146
2008,4,26,836,129
2008,4,27,848,141
2008,4,28,860,153
2008,4,29,872,165
2008,4,30,876,169
2008,5,1,890,183
2008,5,2,893,186
2008,5,3,885,178
2008,5,4,874,167
2008,5,5,868,161
2008,5,6,868,161
2008,5,7,848,141
2008,5,8,847,140
2008,5,9,834,127
2008,5,10,837,130
2008,5,11,843,136
2008,5,12,837,130
2008,5,13,832,125
2008,5,14,831,124
2008,5,15,830,123
2008,5,16,818,111
2008,5,17,812,105
2008,5,18,803,96
2008,5,19,779,72
2008,5,20,768,61
2008,5,21,759,52
2008,5,22,746,39
2008,5,23,737,30
2008,5,24,733,26
2008,5,25,749,42
2008,5,26,751,44
2008,5,27,744,37
2008,5,28,767,60
2008,5,29,785,78
2008,5,30,774,67
2008,5,31,753,46
2008,6,1,764,57
2008,6,2,780,73
2008,6,3,758,51
2008,6,4,731,24
2008,6,5,742,35
2008,6,6,764,57
2008,6,7,765,58
2008,6,8,750,43
2008,6,9,752,45
2008,6,10,758,51
2008,6,11,761,54
2008,6,12,764,57
2008,6,13,770,63
2008,6,14,759,52
2008,6,15,736,29
2008,6,16,726,19
2008,6,17,716,9
2008,6,18,722,15
2008,6,19,719,12
2008,6,20,707,0
2008,6,21,701,-6
2008,6,22,717,10
2008,6,23,727,20
2008,6,24,707,0
2008,6,25,706,-1
2008,6,26,721,14
2008,6,27,719,12
2008,6,28,708,1
2008,6,29,706,-1
2008,6,30,694,-13
2008,7,1,668,-39
2008,7,2,651,-56
2008,7,3,663,-44
2008,7,4,674,-33
2008,7,5,678,-29
2008,7,6,680,-27
2008,7,7,684,-23
2008,7,8,682,-25
2008,7,9,677,-30
2008,7,10,670,-37
2008,7,11,673,-34
2008,7,12,680,-27
2008,7,13,676,-31
2008,7,14,674,-33
2008,7,15,655,-52
2008,7,16,660,-47
2008,7,17,668,-39
2008,7,18,660,-47
2008,7,19,677,-30
2008,7,20,671,-36
2008,7,21,679,-28
2008,7,22,698,-9
2008,7,23,712,5
2008,7,24,707,0
2008,7,25,683,-24
2008,7,26,686,-21
2008,7,27,674,-33
2008,7,28,669,-38
2008,7,29,666,-41
2008,7,30,674,-33
2008,7,31,683,-24
2008,8,1,696,-11
2008,8,2,707,0
2008,8,3,702,-5
2008,8,4,696,-11
2008,8,5,680,-27
2008,8,6,680,-27
2008,8,7,690,-17
2008,8,8,685,-22
2008,8,9,681,-26
2008,8,10,689,-18
2008,8,11,690,-17
2008,8,12,679,-28
2008,8,13,668,-39
2008,8,14,663,-44
2008,8,15,675,-32
2008,8,16,685,-22
2008,8,17,692,-15
2008,8,18,686,-21
2008,8,19,693,-14
2008,8,20,695,-12
2008,8,21,686,-21
2008,8,22,691,-16
2008,8,23,694,-13
2008,8,24,681,-26
2008,8,25,685,-22
2008,8,26,696,-11
2008,8,27,685,-22
2008,8,28,671,-36
2008,8,29,677,-30
2008,8,30,682,-25
2008,8,31,688,-19
2008,9,1,701,-6
2008,9,2,693,-14
2008,9,3,686,-21
2008,9,4,675,-32
2008,9,5,676,-31
2008,9,6,689,-18
2008,9,7,679,-28
2008,9,8,680,-27
2008,9,9,678,-29
2008,9,10,664,-43
2008,9,11,675,-32
2008,9,12,682,-25
2008,9,13,676,-31
2008,9,14,688,-19
2008,9,15,697,-10
2008,9,16,700,-7
2008,9,17,705,-2
2008,9,18,693,-14
2008,9,19,675,-32
2008,9,20,684,-23
2008,9,21,694,-13
2008,9,22,679,-28
2008,9,23,670,-37
2008,9,24,687,-20
2008,9,25,700,-7
2008,9,26,695,-12
2008,9,27,697,-10
2008,9,28,713,6
2008,9,29,701,-6
2008,9,30,680,-27
2008,10,1,676,-31
2008,10,2,664,-43
2008,10,3,658,-49
2008,10,4,674,-33
2008,10,5,662,-45
2008,10,6,652,-55
2008,10,7,670,-37
2008,10,8,684,-23
2008,10,9,674,-33
2008,10,10,669,-38
2008,10,11,689,-18
2008,10,12,692,-15
2008,10,13,686,-21
2008,10,14,699,-8
2008,10,15,704,-3
2008,10,16,681,-26
2008,10,17,667,-40
2008,10,18,668,-39
2008,10,19,663,-44
2008,10,20,670,-37
2008,10,21,689,-18
2008,10,22,688,-19
2008,10,23,696,-11
2008,10,24,710,3
2008,10,25,707,0
2008,10,26,701,-6
2008,10,27,692,-15
2008,10,28,660,-47
2008,10,29,658,-49
2008,10,30,671,-36
2008,10,31,654,-53
2008,11,1,638,-69
2008,11,2,641,-66
2008,11,3,649,-58
2008,11,4,653,-54
2008,11,5,672,-35
2008,11,6,710,3
2008,11,7,726,19
2008,11,8,725,18
2008,11,9,727,20
2008,11,10,742,35
2008,11,11,748,41
2008,11,12,731,24
2008,11,13,715,8
2008,11,14,711,4
2008,11,15,722,15
2008,11,16,727,20
2008,11,17,728,21
2008,11,18,734,27
2008,11,19,709,2
2008,11,20,718,11
2008,11,21,733,26
2008,11,22,740,33
2008,11,23,750,43
2008,11,24,723,16
2008,11,25,715,8
2008,11,26,722,15
2008,11,27,707,0
2008,11,28,714,7
2008,11,29,729,22
2008,11,30,728,21
2008,12,1,734,27
2008,12,2,759,52
2008,12,3,776,69
2008,12,4,778,71
2008,12,5,781,74
2008,12,6,786,79
2008,12,7,800,93
2008,12,8,819,112
2008,12,9,812,105
2008,12,10,809,102
2008,12,11,797,90
2008,12,12,760,53
2008,12,13,767,60
2008,12,14,796,89
2008,12,15,809,102
2008,12,16,815,108
2008,12,17,806,99
2008,12,18,813,106
2008,12,19,823,116
2008,12,20,831,124
2008,12,21,812,105
2008,12,22,797,90
2008,12,23,808,101
2008,12,24,802,95
2008,12,25,782,75
2008,12,26,803,96
2008,12,27,811,104
2008,12,28,816,109
2008,12,29,811,104
2008,12,30,822,115
2008,12,31,827,120
2009,1,1,804,97
2009,1,2,794,87
2009,1,3,811,104
2009,1,4,832,125
2009,1,5,837,130
2009,1,6,829,122
2009,1,7,836,129
2009,1,8,844,137
2009,1,9,842,135
2009,1,10,840,133
2009,1,11,843,136
2009,1,12,854,147
2009,1,13,840,133
2009,1,14,823,116
2009,1,15,819,112
2009,1,16,832,125
2009,1,17,823,116
2009,1,18,785,78
2009,1,19,793,86
2009,1,20,817,110
2009,1,21,807,100
2009,1,22,799,92
2009,1,23,814,107
2009,1,24,858,151
2009,1,25,847,140
2009,1,26,835,128
2009,1,27,858,151
2009,1,28,880,173
2009,1,29,882,175
2009,1,30,872,165
2009,1,31,870,163
2009,2,1,884,177
2009,2,2,885,178
2009,2,3,859,152
2009,2,4,853,146
2009,2,5,881,174
2009,2,6,905,198
2009,2,7,904,197
2009,2,8,912,205
2009,2,9,924,217
2009,2,10,928,221
2009,2,11,924,217
2009,2,12,920,213
2009,2,13,911,204
2009,2,14,906,199
2009,2,15,904,197
2009,2,16,905,198
2009,2,17,902,195
2009,2,18,888,181
2009,2,19,870,163
2009,2,20,864,157
2009,2,21,883,176
2009,2,22,895,188
2009,2,23,916,209
2009,2,24,910,203
2009,2,25,914,207
2009,2,26,919,212
2009,2,27,919,212
2009,2,28,912,205
2009,3,1,896,189
2009,3,2,901,194
2009,3,3,911,204
2009,3,4,912,205
2009,3,5,911,204
2009,3,6,906,199
2009,3,7,907,200
2009,3,8,905,198
2009,3,9,912,205
2009,3,10,908,201
2009,3,11,910,203
2009,3,12,908,201
2009,3,13,907,200
2009,3,14,906,199
2009,3,15,904,197
2009,3,16,909,202
2009,3,17,919,212
2009,3,18,902,195
2009,3,19,893,186
2009,3,20,894,187
2009,3,21,902,195
2009,3,22,921,214
2009,3,23,912,205
2009,3,24,907,200
2009,3,25,901,194
2009,3,26,896,189
2009,3,27,904,197
2009,3,28,896,189
2009,3,29,888,181
2009,3,30,880,173
2009,3,31,871,164
2009,4,1,861,154
2009,4,2,861,154
2009,4,3,862,155
2009,4,4,862,155
2009,4,5,870,163
2009,4,6,870,163
2009,4,7,866,159
2009,4,8,863,156
2009,4,9,857,150
2009,4,10,843,136
2009,4,11,812,105
2009,4,12,797,90
2009,4,13,810,103
2009,4,14,812,105
2009,4,15,818,111
2009,4,16,817,110
2009,4,17,814,107
2009,4,18,805,98
2009,4,19,812,105
2009,4,20,816,109
2009,4,21,816,109
2009,4,22,818,111
2009,4,23,823,116
2009,4,24,822,115
2009,4,25,789,82
2009,4,26,778,71
2009,4,27,776,69
2009,4,28,779,72
2009,4,29,790,83
2009,4,30,801,94
2009,5,1,808,101
2009,5,2,812,105
2009,5,3,822,115
2009,5,4,812,105
2009,5,5,805,98
2009,5,6,800,93
2009,5,7,793,86
2009,5,8,774,67
2009,5,9,780,73
2009,5,10,782,75
2009,5,11,764,57
2009,5,12,760,53
2009,5,13,758,51
2009,5,14,747,40
2009,5,15,767,60
2009,5,16,772,65
2009,5,17,782,75
2009,5,18,796,89
2009,5,19,795,88
2009,5,20,809,102
2009,5,21,804,97
2009,5,22,791,84
2009,5,23,770,63
2009,5,24,746,39
2009,5,25,733,26
2009,5,26,729,22
2009,5,27,734,27
2009,5,28,751,44
2009,5,29,752,45
2009,5,30,753,46
2009,5,31,763,56
2009,6,1,755,48
2009,6,2,747,40
2009,6,3,724,17
2009,6,4,706,-1
2009,6,5,693,-14
2009,6,6,692,-15
2009,6,7,690,-17
2009,6,8,677,-30
2009,6,9,679,-28
2009,6,10,673,-34
2009,6,11,682,-25
2009,6,12,675,-32
2009,6,13,662,-45
2009,6,14,688,-19
2009,6,15,700,-7
2009,6,16,705,-2
2009,6,17,706,-1
2009,6,18,688,-19
2009,6,19,689,-18
2009,6,20,681,-26
2009,6,21,680,-27
2009,6,22,667,-40
2009,6,23,653,-54
2009,6,24,668,-39
2009,6,25,678,-29
2009,6,26,687,-20
2009,6,27,690,-17
2009,6,28,690,-17
2009,6,29,694,-13
2009,6,30,706,-1
2009,7,1,707,0
2009,7,2,686,-21
2009,7,3,670,-37
2009,7,4,667,-40
2009,7,5,655,-52
2009,7,6,637,-70
2009,7,7,656,-51
2009,7,8,668,-39
2009,7,9,670,-37
2009,7,10,671,-36
2009,7,11,677,-30
2009,7,12,678,-29
2009,7,13,664,-43
2009,7,14,641,-66
2009,7,15,638,-69
2009,7,16,633,-74
2009,7,17,627,-80
2009,7,18,625,-82
2009,7,19,631,-76
2009,7,20,631,-76
2009,7,21,635,-72
2009,7,22,634,-73
2009,7,23,639,-68
2009,7,24,656,-51
2009,7,25,667,-40
2009,7,26,658,-49
2009,7,27,661,-46
2009,7,28,653,-54
2009,7,29,635,-72
2009,7,30,624,-83
2009,7,31,626,-81
2009,8,1,636,-71
2009,8,2,645,-62
2009,8,3,649,-58
2009,8,4,650,-57
2009,8,5,660,-47
2009,8,6,656,-51
2009,8,7,650,-57
2009,8,8,667,-40
2009,8,9,677,-30
2009,8,10,668,-39
2009,8,11,644,-63
2009,8,12,628,-79
2009,8,13,640,-67
2009,8,14,645,-62
2009,8,15,629,-78
2009,8,16,636,-71
2009,8,17,652,-55
2009,8,18,637,-70
2009,8,19,620,-87
2009,8,20,625,-82
2009,8,21,631,-76
2009,8,22,615,-92
2009,8,23,605,-102
2009,8,24,617,-90
2009,8,25,615,-92
2009,8,26,613,-94
2009,8,27,606,-101
2009,8,28,602,-105
2009,8,29,618,-89
2009,8,30,632,-75
2009,8,31,629,-78
2009,9,1,629,-78
2009,9,2,640,-67
2009,9,3,639,-68
2009,9,4,619,-88
2009,9,5,612,-95
2009,9,6,626,-81
2009,9,7,652,-55
2009,9,8,623,-84
2009,9,9,582,-125
2009,9,10,583,-124
2009,9,11,613,-94
2009,9,12,624,-83
2009,9,13,608,-99
2009,9,14,616,-91
2009,9,15,623,-84
2009,9,16,628,-79
2009,9,17,616,-91
2009,9,18,615,-92
2009,9,19,639,-68
2009,9,20,634,-73
2009,9,21,636,-71
2009,9,22,632,-75
2009,9,23,632,-75
2009,9,24,630,-77
2009,9,25,625,-82
2009,9,26,658,-49
2009,9,27,672,-35
2009,9,28,682,-25
2009,9,29,690,-17
2009,9,30,664,-43
2009,10,1,626,-81
2009,10,2,628,-79
2009,10,3,640,-67
2009,10,4,641,-66
2009,10,5,656,-51
2009,10,6,640,-67
2009,10,7,623,-84
2009,10,8,611,-96
2009,10,9,593,-114
2009,10,10,600,-107
2009,10,11,596,-111
2009,10,12,612,-95
2009,10,13,627,-80
2009,10,14,619,-88
2009,10,15,624,-83
2009,10,16,634,-73
2009,10,17,642,-65
2009,10,18,649,-58
2009,10,19,627,-80
2009,10,20,625,-82
2009,10,21,629,-78
2009,10,22,613,-94
2009,10,23,597,-110
2009,10,24,602,-105
2009,10,25,626,-81
2009,10,26,619,-88
2009,10,27,592,-115
2009,10,28,574,-133
2009,10,29,579,-128
2009,10,30,582,-125
2009,10,31,570,-137
2009,11,1,569,-138
2009,11,2,558,-149
2009,11,3,548,-159
2009,11,4,548,-159
2009,11,5,568,-139
2009,11,6,588,-119
2009,11,7,588,-119
2009,11,8,583,-124
2009,11,9,604,-103
2009,11,10,622,-85
2009,11,11,611,-96
2009,11,12,621,-86
2009,11,13,638,-69
2009,11,14,642,-65
2009,11,15,638,-69
2009,11,16,630,-77
2009,11,17,632,-75
2009,11,18,625,-82
2009,11,19,626,-81
2009,11,20,642,-65
2009,11,21,661,-46
2009,11,22,663,-44
2009,11,23,675,-32
2009,11,24,679,-28
2009,11,25,666,-41
2009,11,26,675,-32
2009,11,27,692,-15
2009,11,28,691,-16
2009,11,29,690,-17
2009,11,30,696,-11
2009,12,1,687,-20
2009,12,2,667,-40
2009,12,3,652,-55
2009,12,4,655,-52
2009,12,5,664,-43
2009,12,6,670,-37
2009,12,7,675,-32
2009,12,8,690,-17
2009,12,9,700,-7
2009,12,10,675,-32
2009,12,11,666,-41
2009,12,12,668,-39
2009,12,13,646,-61
2009,12,14,616,-91
2009,12,15,599,-108
2009,12,16,609,-98
2009,12,17,591,-116
2009,12,18,582,-125
2009,12,19,588,-119
2009,12,20,579,-128
2009,12,21,581,-126
2009,12,22,587,-120
2009,12,23,586,-121
2009,12,24,595,-112
2009,12,25,599,-108
2009,12,26,599,-108
2009,12,27,608,-99
2009,12,28,600,-107
2009,12,29,584,-123
2009,12,30,589,-118
2009,12,31,588,-119
2010,1,1,586,-121
2010,1,2,589,-118
2010,1,3,591,-116
2010,1,4,596,-111
2010,1,5,596,-111
2010,1,6,603,-104
2010,1,7,612,-95
2010,1,8,605,-102
2010,1,9,601,-106
2010,1,10,599,-108
2010,1,11,606,-101
2010,1,12,610,-97
2010,1,13,594,-113
2010,1,14,589,-118
2010,1,15,607,-100
2010,1,16,613,-94
2010,1,17,608,-99
2010,1,18,626,-81
2010,1,19,648,-59
2010,1,20,642,-65
2010,1,21,614,-93
2010,1,22,587,-120
2010,1,23,606,-101
2010,1,24,623,-84
2010,1,25,627,-80
2010,1,26,610,-97
2010,1,27,595,-112
2010,1,28,598,-109
2010,1,29,579,-128
2010,1,30,585,-122
2010,1,31,600,-107
2010,2,1,603,-104
2010,2,2,613,-94
2010,2,3,596,-111
2010,2,4,581,-126
2010,2,5,579,-128
2010,2,6,569,-138
2010,2,7,557,-150
2010,2,8,553,-154
2010,2,9,539,-168
2010,2,10,534,-173
2010,2,11,520,-187
2010,2,12,521,-186
2010,2,13,534,-173
2010,2,14,549,-158
2010,2,15,539,-168
2010,2,16,542,-165
2010,2,17,546,-161
2010,2,18,521,-186
2010,2,19,517,-190
2010,2,20,523,-184
2010,2,21,534,-173
2010,2,22,541,-166
2010,2,23,531,-176
2010,2,24,539,-168
2010,2,25,553,-154
2010,2,26,549,-158
2010,2,27,561,-146
2010,2,28,582,-125
2010,3,1,580,-127
2010,3,2,546,-161
2010,3,3,529,-178
2010,3,4,526,-181
2010,3,5,526,-181
2010,3,6,521,-186
2010,3,7,522,-185
2010,3,8,520,-187
2010,3,9,531,-176
2010,3,10,523,-184
2010,3,11,519,-188
2010,3,12,524,-183
2010,3,13,540,-167
2010,3,14,558,-149
2010,3,15,570,-137
2010,3,16,583,-124
2010,3,17,576,-131
2010,3,18,570,-137
2010,3,19,555,-152
2010,3,20,529,-178
2010,3,21,541,-166
2010,3,22,558,-149
2010,3,23,552,-155
2010,3,24,549,-158
2010,3,25,562,-145
2010,3,26,575,-132
2010,3,27,586,-121
2010,3,28,636,-71
2010,3,29,646,-61
2010,3,30,642,-65
2010,3,31,644,-63
2010,4,1,634,-73
2010,4,2,637,-70
2010,4,3,630,-77
2010,4,4,617,-90
2010,4,5,613,-94
2010,4,6,593,-114
2010,4,7,591,-116
2010,4,8,608,-99
2010,4,9,606,-101
2010,4,10,616,-91
2010,4,11,623,-84
2010,4,12,618,-89
2010,4,13,612,-95
2010,4,14,609,-98
2010,4,15,626,-81
2010,4,16,617,-90
2010,4,17,589,-118
2010,4,18,570,-137
2010,4,19,583,-124
2010,4,20,596,-111
2010,4,21,588,-119
2010,4,22,588,-119
2010,4,23,602,-105
2010,4,24,609,-98
2010,4,25,614,-93
2010,4,26,611,-96
2010,4,27,586,-121
2010,4,28,582,-125
2010,4,29,580,-127
2010,4,30,573,-134
2010,5,1,584,-123
2010,5,2,590,-117
2010,5,3,577,-130
2010,5,4,594,-113
2010,5,5,611,-96
2010,5,6,604,-103
2010,5,7,619,-88
2010,5,8,623,-84
2010,5,9,618,-89
2010,5,10,621,-86
2010,5,11,628,-79
2010,5,12,635,-72
2010,5,13,634,-73
2010,5,14,630,-77
2010,5,15,640,-67
2010,5,16,639,-68
2010,5,17,641,-66
2010,5,18,647,-60
2010,5,19,638,-69
2010,5,20,631,-76
2010,5,21,646,-61
2010,5,22,660,-47
2010,5,23,652,-55
2010,5,24,651,-56
2010,5,25,654,-53
2010,5,26,637,-70
2010,5,27,623,-84
2010,5,28,618,-89
2010,5,29,620,-87
2010,5,30,606,-101
2010,5,31,598,-109
2010,6,1,616,-91
2010,6,2,636,-71
2010,6,3,630,-77
2010,6,4,612,-95
2010,6,5,638,-69
2010,6,6,652,-55
2010,6,7,646,-61
2010,6,8,641,-66
2010,6,9,638,-69
2010,6,10,618,-89
2010,6,11,602,-105
2010,6,12,611,-96
2010,6,13,622,-85
2010,6,14,633,-74
2010,6,15,649,-58
2010,6,16,642,-65
2010,6,17,636,-71
2010,6,18,662,-45
2010,6,19,659,-48
2010,6,20,663,-44
2010,6,21,677,-30
2010,6,22,664,-43
2010,6,23,654,-53
2010,6,24,655,-52
2010,6,25,658,-49
2010,6,26,652,-55
2010,6,27,651,-56
2010,6,28,654,-53
2010,6,29,664,-43
2010,6,30,679,-28
2010,7,1,684,-23
2010,7,2,663,-44
2010,7,3,671,-36
2010,7,4,706,-1
2010,7,5,716,9
2010,7,6,710,3
2010,7,7,711,4
2010,7,8,685,-22
2010,7,9,677,-30
2010,7,10,697,-10
2010,7,11,695,-12
2010,7,12,700,-7
2010,7,13,705,-2
2010,7,14,716,9
2010,7,15,721,14
2010,7,16,712,5
2010,7,17,699,-8
2010,7,18,692,-15
2010,7,19,681,-26
2010,7,20,688,-19
2010,7,21,694,-13
2010,7,22,670,-37
2010,7,23,655,-52
2010,7,24,671,-36
2010,7,25,679,-28
2010,7,26,663,-44
2010,7,27,636,-71
2010,7,28,629,-78
2010,7,29,648,-59
2010,7,30,665,-42
2010,7,31,671,-36
2010,8,1,663,-44
2010,8,2,670,-37
2010,8,3,672,-35
2010,8,4,663,-44
2010,8,5,657,-50
2010,8,6,673,-34
2010,8,7,678,-29
2010,8,8,683,-24
2010,8,9,688,-19
2010,8,10,-32767,-33474
2010,8,11,-32767,-33474
2010,8,12,711,4
2010,8,13,699,-8
2010,8,14,688,-19
2010,8,15,696,-11
2010,8,16,699,-8
2010,8,17,694,-13
2010,8,18,701,-6
2010,8,19,714,7
2010,8,20,717,10
2010,8,21,706,-1
2010,8,22,703,-4
2010,8,23,711,4
2010,8,24,721,14
2010,8,25,721,14
2010,8,26,715,8
2010,8,27,709,2
2010,8,28,706,-1
2010,8,29,702,-5
2010,8,30,684,-23
2010,8,31,684,-23
2010,9,1,672,-35
2010,9,2,666,-41
2010,9,3,669,-38
2010,9,4,665,-42
2010,9,5,685,-22
2010,9,6,699,-8
2010,9,7,709,2
2010,9,8,704,-3
2010,9,9,710,3
2010,9,10,721,14
2010,9,11,697,-10
2010,9,12,672,-35
2010,9,13,674,-33
2010,9,14,685,-22
2010,9,15,677,-30
2010,9,16,660,-47
2010,9,17,665,-42
2010,9,18,658,-49
2010,9,19,663,-44
2010,9,20,682,-25
2010,9,21,674,-33
2010,9,22,685,-22
2010,9,23,694,-13
2010,9,24,674,-33
2010,9,25,669,-38
2010,9,26,671,-36
2010,9,27,694,-13
2010,9,28,707,0
2010,9,29,715,8
2010,9,30,726,19
2010,10,1,731,24
2010,10,2,750,43
2010,10,3,757,50
2010,10,4,774,67
2010,10,5,796,89
2010,10,6,807,100
2010,10,7,796,89
2010,10,8,795,88
2010,10,9,796,89
2010,10,10,779,72
2010,10,11,785,78
2010,10,12,773,66
2010,10,13,767,60
2010,10,14,777,70
2010,10,15,769,62
2010,10,16,778,71
2010,10,17,796,89
2010,10,18,809,102
2010,10,19,800,93
2010,10,20,802,95
2010,10,21,802,95
2010,10,22,803,96
2010,10,23,800,93
2010,10,24,786,79
2010,10,25,782,75
2010,10,26,781,74
2010,10,27,796,89
2010,10,28,814,107
2010,10,29,814,107
2010,10,30,813,106
2010,10,31,814,107
2010,11,1,806,99
2010,11,2,818,111
2010,11,3,820,113
2010,11,4,792,85
2010,11,5,789,82
2010,11,6,777,70
2010,11,7,767,60
2010,11,8,764,57
2010,11,9,748,41
2010,11,10,734,27
2010,11,11,728,21
2010,11,12,737,30
2010,11,13,741,34
2010,11,14,733,26
2010,11,15,740,33
2010,11,16,757,50
2010,11,17,748,41
2010,11,18,739,32
2010,11,19,729,22
2010,11,20,718,11
2010,11,21,735,28
2010,11,22,741,34
2010,11,23,741,34
2010,11,24,740,33
2010,11,25,749,42
2010,11,26,773,66
2010,11,27,795,88
2010,11,28,796,89
2010,11,29,803,96
2010,11,30,812,105
2010,12,1,808,101
2010,12,2,804,97
2010,12,3,805,98
2010,12,4,808,101
2010,12,5,802,95
2010,12,6,794,87
2010,12,7,800,93
2010,12,8,815,108
2010,12,9,817,110
2010,12,10,826,119
2010,12,11,841,134
2010,12,12,853,146
2010,12,13,850,143
2010,12,14,839,132
2010,12,15,831,124
2010,12,16,824,117
2010,12,17,816,109
2010,12,18,823,116
2010,12,19,819,112
2010,12,20,827,120
2010,12,21,841,134
2010,12,22,835,128
2010,12,23,818,111
2010,12,24,800,93
2010,12,25,805,98
2010,12,26,803,96
2010,12,27,810,103
2010,12,28,814,107
2010,12,29,810,103
2010,12,30,809,102
2010,12,31,792,85
2011,1,1,771,64
2011,1,2,764,57
2011,1,3,782,75
2011,1,4,790,83
2011,1,5,785,78
2011,1,6,799,92
2011,1,7,819,112
2011,1,8,822,115
2011,1,9,805,98
2011,1,10,799,92
2011,1,11,799,92
2011,1,12,797,90
2011,1,13,796,89
2011,1,14,803,96
2011,1,15,794,87
2011,1,16,774,67
2011,1,17,787,80
2011,1,18,792,85
2011,1,19,787,80
2011,1,20,829,122
2011,1,21,825,118
2011,1,22,818,111
2011,1,23,820,113
2011,1,24,827,120
2011,1,25,828,121
2011,1,26,830,123
2011,1,27,814,107
2011,1,28,805,98
2011,1,29,802,95
2011,1,30,818,111
2011,1,31,834,127
2011,2,1,829,122
2011,2,2,828,121
2011,2,3,831,124
2011,2,4,828,121
2011,2,5,835,128
2011,2,6,843,136
2011,2,7,849,142
2011,2,8,843,136
2011,2,9,852,145
2011,2,10,864,157
2011,2,11,849,142
2011,2,12,851,144
2011,2,13,877,170
2011,2,14,884,177
2011,2,15,879,172
2011,2,16,888,181
2011,2,17,906,199
2011,2,18,915,208
2011,2,19,924,217
2011,2,20,931,224
2011,2,21,921,214
2011,2,22,925,218
2011,2,23,912,205
2011,2,24,896,189
2011,2,25,916,209
2011,2,26,920,213
2011,2,27,883,176
2011,2,28,886,179
2011,3,1,917,210
2011,3,2,895,188
2011,3,3,892,185
2011,3,4,905,198
2011,3,5,889,182
2011,3,6,887,180
2011,3,7,898,191
2011,3,8,872,165
2011,3,9,872,165
2011,3,10,886,179
2011,3,11,882,175
2011,3,12,864,157
2011,3,13,874,167
2011,3,14,898,191
2011,3,15,891,184
2011,3,16,880,173
2011,3,17,890,183
2011,3,18,894,187
2011,3,19,889,182
2011,3,20,894,187
2011,3,21,887,180
2011,3,22,883,176
2011,3,23,889,182
2011,3,24,876,169
2011,3,25,880,173
2011,3,26,898,191
2011,3,27,902,195
2011,3,28,896,189
2011,3,29,905,198
2011,3,30,914,207
2011,3,31,910,203
2011,4,1,894,187
2011,4,2,887,180
2011,4,3,896,189
2011,4,4,888,181
2011,4,5,869,162
2011,4,6,852,145
2011,4,7,856,149
2011,4,8,866,159
2011,4,9,857,150
2011,4,10,868,161
2011,4,11,884,177
2011,4,12,885,178
2011,4,13,889,182
2011,4,14,917,210
2011,4,15,924,217
2011,4,16,903,196
2011,4,17,893,186
2011,4,18,896,189
2011,4,19,876,169
2011,4,20,855,148
2011,4,21,846,139
2011,4,22,830,123
2011,4,23,828,121
2011,4,24,841,134
2011,4,25,849,142
2011,4,26,854,147
2011,4,27,859,152
2011,4,28,869,162
2011,4,29,872,165
2011,4,30,861,154
2011,5,1,854,147
2011,5,2,858,151
2011,5,3,862,155
2011,5,4,862,155
2011,5,5,857,150
2011,5,6,854,147
2011,5,7,844,137
2011,5,8,836,129
2011,5,9,838,131
2011,5,10,836,129
2011,5,11,820,113
2011,5,12,800,93
2011,5,13,812,105
2011,5,14,813,106
2011,5,15,804,97
2011,5,16,798,91
2011,5,17,797,90
2011,5,18,792,85
2011,5,19,780,73
2011,5,20,792,85
2011,5,21,801,94
2011,5,22,800,93
2011,5,23,806,99
2011,5,24,814,107
2011,5,25,822,115
2011,5,26,791,84
2011,5,27,780,73
2011,5,28,780,73
2011,5,29,765,58
2011,5,30,758,51
2011,5,31,768,61
2011,6,1,758,51
2011,6,2,737,30
2011,6,3,735,28
2011,6,4,736,29
2011,6,5,750,43
2011,6,6,765,58
2011,6,7,779,72
2011,6,8,788,81
2011,6,9,784,77
2011,6,10,791,84
2011,6,11,775,68
2011,6,12,766,59
2011,6,13,767,60
2011,6,14,762,55
2011,6,15,742,35
2011,6,16,732,25
2011,6,17,741,34
2011,6,18,747,40
2011,6,19,758,51
2011,6,20,768,61
2011,6,21,764,57
2011,6,22,757,50
2011,6,23,767,60
2011,6,24,761,54
2011,6,25,747,40
2011,6,26,754,47
2011,6,27,761,54
2011,6,28,740,33
2011,6,29,718,11
2011,6,30,721,14
2011,7,1,736,29
2011,7,2,726,19
2011,7,3,736,29
2011,7,4,738,31
2011,7,5,738,31
2011,7,6,723,16
2011,7,7,717,10
2011,7,8,694,-13
2011,7,9,680,-27
2011,7,10,692,-15
2011,7,11,688,-19
2011,7,12,691,-16
2011,7,13,710,3
2011,7,14,710,3
2011,7,15,705,-2
2011,7,16,729,22
2011,7,17,728,21
2011,7,18,737,30
2011,7,19,746,39
2011,7,20,736,29
2011,7,21,743,36
2011,7,22,738,31
2011,7,23,725,18
2011,7,24,710,3
2011,7,25,705,-2
2011,7,26,695,-12
2011,7,27,652,-55
2011,7,28,660,-47
2011,7,29,702,-5
2011,7,30,723,16
2011,7,31,728,21
2011,8,1,754,47
2011,8,2,739,32
2011,8,3,708,1
2011,8,4,690,-17
2011,8,5,660,-47
2011,8,6,642,-65
2011,8,7,640,-67
2011,8,8,643,-64
2011,8,9,667,-40
2011,8,10,672,-35
2011,8,11,664,-43
2011,8,12,678,-29
2011,8,13,680,-27
2011,8,14,687,-20
2011,8,15,685,-22
2011,8,16,674,-33
2011,8,17,668,-39
2011,8,18,680,-27
2011,8,19,681,-26
2011,8,20,669,-38
2011,8,21,680,-27
2011,8,22,688,-19
2011,8,23,696,-11
2011,8,24,711,4
2011,8,25,721,14
2011,8,26,730,23
2011,8,27,739,32
2011,8,28,731,24
2011,8,29,738,31
2011,8,30,740,33
2011,8,31,741,34
2011,9,1,735,28
2011,9,2,720,13
2011,9,3,732,25
2011,9,4,733,26
2011,9,5,723,16
2011,9,6,713,6
2011,9,7,726,19
2011,9,8,745,38
2011,9,9,752,45
2011,9,10,755,48
2011,9,11,744,37
2011,9,12,746,39
2011,9,13,739,32
2011,9,14,726,19
2011,9,15,718,11
2011,9,16,728,21
2011,9,17,746,39
2011,9,18,740,33
2011,9,19,734,27
2011,9,20,755,48
2011,9,21,765,58
2011,9,22,755,48
2011,9,23,773,66
2011,9,24,799,92
2011,9,25,784,77
2011,9,26,779,72
2011,9,27,792,85
2011,9,28,787,80
2011,9,29,787,80
2011,9,30,791,84
2011,10,1,791,84
2011,10,2,790,83
2011,10,3,777,70
2011,10,4,783,76
2011,10,5,792,85
2011,10,6,781,74
2011,10,7,773,66
2011,10,8,800,93
2011,10,9,827,120
2011,10,10,825,118
2011,10,11,823,116
2011,10,12,815,108
2011,10,13,803,96
2011,10,14,809,102
2011,10,15,806,99
2011,10,16,806,99
2011,10,17,797,90
2011,10,18,803,96
2011,10,19,815,108
2011,10,20,829,122
2011,10,21,837,130
2011,10,22,824,117
2011,10,23,827,120
2011,10,24,832,125
2011,10,25,844,137
2011,10,26,840,133
2011,10,27,836,129
2011,10,28,833,126
2011,10,29,834,127
2011,10,30,840,133
2011,10,31,817,110
2011,11,1,793,86
2011,11,2,807,100
2011,11,3,809,102
2011,11,4,792,85
2011,11,5,804,97
2011,11,6,831,124
2011,11,7,815,108
2011,11,8,789,82
2011,11,9,787,80
2011,11,10,805,98
2011,11,11,793,86
2011,11,12,792,85
2011,11,13,805,98
2011,11,14,799,92
2011,11,15,804,97
2011,11,16,803,96
2011,11,17,804,97
2011,11,18,819,112
2011,11,19,827,120
2011,11,20,816,109
2011,11,21,821,114
2011,11,22,823,116
2011,11,23,821,114
2011,11,24,812,105
2011,11,25,795,88
2011,11,26,796,89
2011,11,27,800,93
2011,11,28,805,98
2011,11,29,-32767,-33474
2011,11,30,-32767,-33474
2011,12,1,-32767,-33474
2011,12,2,-32767,-33474
2011,12,3,-32767,-33474
2011,12,4,-32767,-33474
2011,12,5,-32767,-33474
2011,12,6,830,123
2011,12,7,823,116
2011,12,8,828,121
2011,12,9,812,105
2011,12,10,790,83
2011,12,11,810,103
2011,12,12,821,114
2011,12,13,812,105
2011,12,14,834,127
2011,12,15,845,138
2011,12,16,844,137
2011,12,17,845,138
2011,12,18,858,151
2011,12,19,873,166
2011,12,20,880,173
2011,12,21,887,180
2011,12,22,873,166
2011,12,23,886,179
2011,12,24,902,195
2011,12,25,880,173
2011,12,26,868,161
2011,12,27,884,177
2011,12,28,880,173
2011,12,29,882,175
2011,12,30,879,172
2011,12,31,897,190
2012,1,1,888,181
2012,1,2,864,157
2012,1,3,881,174
2012,1,4,899,192
2012,1,5,883,176
2012,1,6,870,163
2012,1,7,871,164
2012,1,8,880,173
2012,1,9,890,183
2012,1,10,888,181
2012,1,11,885,178
2012,1,12,892,185
2012,1,13,894,187
2012,1,14,901,194
2012,1,15,899,192
2012,1,16,887,180
2012,1,17,887,180
2012,1,18,870,163
2012,1,19,871,164
2012,1,20,889,182
2012,1,21,894,187
2012,1,22,898,191
2012,1,23,889,182
2012,1,24,898,191
2012,1,25,908,201
2012,1,26,904,197
2012,1,27,900,193
2012,1,28,910,203
2012,1,29,927,220
2012,1,30,931,224
2012,1,31,928,221
2012,2,1,927,220
2012,2,2,941,234
2012,2,3,939,232
2012,2,4,929,222
2012,2,5,934,227
2012,2,6,931,224
2012,2,7,919,212
2012,2,8,935,228
2012,2,9,937,230
2012,2,10,920,213
2012,2,11,921,214
2012,2,12,914,207
2012,2,13,897,190
2012,2,14,901,194
2012,2,15,916,209
2012,2,16,931,224
2012,2,17,916,209
2012,2,18,912,205
2012,2,19,915,208
2012,2,20,910,203
2012,2,21,931,224
2012,2,22,943,236
2012,2,23,935,228
2012,2,24,931,224
2012,2,25,935,228
2012,2,26,953,246
2012,2,27,953,246
2012,2,28,934,227
2012,2,29,929,222
2012,3,1,931,224
2012,3,2,938,231
2012,3,3,937,230
2012,3,4,950,243
2012,3,5,982,275
2012,3,6,989,282
2012,3,7,968,261
2012,3,8,951,244
2012,3,9,951,244
2012,3,10,959,252
2012,3,11,953,246
2012,3,12,947,240
2012,3,13,938,231
2012,3,14,932,225
2012,3,15,943,236
2012,3,16,965,258
2012,3,17,968,261
2012,3,18,945,238
2012,3,19,936,229
2012,3,20,938,231
2012,3,21,931,224
2012,3,22,911,204
2012,3,23,909,202
2012,3,24,912,205
2012,3,25,915,208
2012,3,26,917,210
2012,3,27,923,216
2012,3,28,927,220
2012,3,29,914,207
2012,3,30,880,173
2012,3,31,876,169
2012,4,1,884,177
2012,4,2,874,167
2012,4,3,884,177
2012,4,4,863,156
2012,4,5,842,135
2012,4,6,820,113
2012,4,7,805,98
2012,4,8,812,105
2012,4,9,817,110
2012,4,10,793,86
2012,4,11,775,68
2012,4,12,791,84
2012,4,13,798,91
2012,4,14,804,97
2012,4,15,813,106
2012,4,16,827,120
2012,4,17,829,122
2012,4,18,833,126
2012,4,19,842,135
2012,4,20,835,128
2012,4,21,820,113
2012,4,22,831,124
2012,4,23,841,134
2012,4,24,828,121
2012,4,25,826,119
2012,4,26,823,116
2012,4,27,836,129
2012,4,28,850,143
2012,4,29,856,149
2012,4,30,866,159
2012,5,1,881,174
2012,5,2,871,164
2012,5,3,861,154
2012,5,4,863,156
2012,5,5,851,144
2012,5,6,829,122
2012,5,7,825,118
2012,5,8,825,118
2012,5,9,815,108
2012,5,10,806,99
2012,5,11,803,96
2012,5,12,816,109
2012,5,13,823,116
2012,5,14,806,99
2012,5,15,790,83
2012,5,16,792,85
2012,5,17,800,93
2012,5,18,804,97
2012,5,19,794,87
2012,5,20,779,72
2012,5,21,771,64
2012,5,22,763,56
2012,5,23,775,68
2012,5,24,775,68
2012,5,25,771,64
2012,5,26,779,72
2012,5,27,783,76
2012,5,28,791,84
2012,5,29,774,67
2012,5,30,777,70
2012,5,31,782,75
2012,6,1,756,49
2012,6,2,754,47
2012,6,3,763,56
2012,6,4,759,52
2012,6,5,771,64
2012,6,6,771,64
2012,6,7,759,52
2012,6,8,754,47
2012,6,9,741,34
2012,6,10,727,20
2012,6,11,738,31
2012,6,12,765,58
2012,6,13,747,40
2012,6,14,717,10
2012,6,15,718,11
2012,6,16,695,-12
2012,6,17,686,-21
2012,6,18,691,-16
2012,6,19,688,-19
2012,6,20,696,-11
2012,6,21,698,-9
2012,6,22,704,-3
2012,6,23,702,-5
2012,6,24,693,-14
2012,6,25,710,3
2012,6,26,690,-17
2012,6,27,679,-28
2012,6,28,716,9
2012,6,29,724,17
2012,6,30,706,-1
2012,7,1,696,-11
2012,7,2,701,-6
2012,7,3,710,3
2012,7,4,711,4
2012,7,5,707,0
2012,7,6,701,-6
2012,7,7,702,-5
2012,7,8,702,-5
2012,7,9,688,-19
2012,7,10,678,-29
2012,7,11,685,-22
2012,7,12,673,-34
2012,7,13,669,-38
2012,7,14,678,-29
2012,7,15,678,-29
2012,7,16,664,-43
2012,7,17,657,-50
2012,7,18,674,-33
2012,7,19,686,-21
2012,7,20,680,-27
2012,7,21,671,-36
2012,7,22,662,-45
2012,7,23,653,-54
2012,7,24,632,-75
2012,7,25,625,-82
2012,7,26,634,-73
2012,7,27,630,-77
2012,7,28,620,-87
2012,7,29,618,-89
2012,7,30,601,-106
2012,7,31,580,-127
2012,8,1,586,-121
2012,8,2,611,-96
2012,8,3,625,-82
2012,8,4,633,-74
2012,8,5,630,-77
2012,8,6,614,-93
2012,8,7,602,-105
2012,8,8,594,-113
2012,8,9,608,-99
2012,8,10,610,-97
2012,8,11,592,-115
2012,8,12,596,-111
2012,8,13,590,-117
2012,8,14,600,-107
2012,8,15,618,-89
2012,8,16,624,-83
2012,8,17,616,-91
2012,8,18,613,-94
2012,8,19,618,-89
2012,8,20,632,-75
2012,8,21,639,-68
2012,8,22,655,-52
2012,8,23,657,-50
2012,8,24,646,-61
2012,8,25,642,-65
2012,8,26,648,-59
2012,8,27,663,-44
2012,8,28,659,-48
2012,8,29,658,-49
2012,8,30,659,-48
2012,8,31,657,-50
2012,9,1,652,-55
2012,9,2,645,-62
2012,9,3,623,-84
2012,9,4,623,-84
2012,9,5,644,-63
2012,9,6,646,-61
2012,9,7,636,-71
2012,9,8,620,-87
2012,9,9,620,-87
2012,9,10,628,-79
2012,9,11,633,-74
2012,9,12,646,-61
2012,9,13,660,-47
2012,9,14,675,-32
2012,9,15,664,-43
2012,9,16,653,-54
2012,9,17,664,-43
2012,9,18,656,-51
2012,9,19,660,-47
2012,9,20,664,-43
2012,9,21,659,-48
2012,9,22,644,-63
2012,9,23,651,-56
2012,9,24,662,-45
2012,9,25,677,-30
2012,9,26,682,-25
2012,9,27,688,-19
2012,9,28,688,-19
2012,9,29,674,-33
2012,9,30,644,-63
2012,10,1,621,-86
2012,10,2,627,-80
2012,10,3,615,-92
2012,10,4,616,-91
2012,10,5,615,-92
2012,10,6,583,-124
2012,10,7,610,-97
2012,10,8,636,-71
2012,10,9,630,-77
2012,10,10,635,-72
2012,10,11,638,-69
2012,10,12,655,-52
2012,10,13,653,-54
2012,10,14,652,-55
2012,10,15,662,-45
2012,10,16,663,-44
2012,10,17,660,-47
2012,10,18,628,-79
2012,10,19,620,-87
2012,10,20,645,-62
2012,10,21,662,-45
2012,10,22,683,-24
2012,10,23,673,-34
2012,10,24,663,-44
2012,10,25,681,-26
2012,10,26,700,-7
2012,10,27,698,-9
2012,10,28,672,-35
2012,10,29,665,-42
2012,10,30,665,-42
2012,10,31,660,-47
2012,11,1,675,-32
2012,11,2,687,-20
2012,11,3,699,-8
2012,11,4,702,-5
2012,11,5,702,-5
2012,11,6,707,0
2012,11,7,711,4
2012,11,8,723,16
2012,11,9,719,12
2012,11,10,724,17
2012,11,11,730,23
2012,11,12,726,19
2012,11,13,719,12
2012,11,14,696,-11
2012,11,15,679,-28
2012,11,16,685,-22
2012,11,17,687,-20
2012,11,18,704,-3
2012,11,19,725,18
2012,11,20,734,27
2012,11,21,728,21
2012,11,22,722,15
2012,11,23,703,-4
2012,11,24,691,-16
2012,11,25,691,-16
2012,11,26,668,-39
2012,11,27,650,-57
2012,11,28,653,-54
2012,11,29,642,-65
2012,11,30,645,-62
2012,12,1,643,-64
2012,12,2,639,-68
2012,12,3,650,-57
2012,12,4,673,-34
2012,12,5,696,-11
2012,12,6,704,-3
2012,12,7,689,-18
2012,12,8,694,-13
2012,12,9,709,2
2012,12,10,712,5
2012,12,11,704,-3
2012,12,12,691,-16
2012,12,13,711,4
2012,12,14,723,16
2012,12,15,733,26
2012,12,16,716,9
2012,12,17,719,12
2012,12,18,749,42
2012,12,19,729,22
2012,12,20,726,19
2012,12,21,737,30
2012,12,22,742,35
2012,12,23,744,37
2012,12,24,737,30
2012,12,25,739,32
2012,12,26,756,49
2012,12,27,773,66
2012,12,28,777,70
2012,12,29,756,49
2012,12,30,750,43
2012,12,31,752,45
2013,1,1,731,24
2013,1,2,736,29
2013,1,3,744,37
2013,1,4,764,57
2013,1,5,772,65
2013,1,6,759,52
2013,1,7,751,44
2013,1,8,749,42
2013,1,9,751,44
2013,1,10,766,59
2013,1,11,774,67
2013,1,12,790,83
2013,1,13,800,93
2013,1,14,799,92
2013,1,15,799,92
2013,1,16,782,75
2013,1,17,752,45
2013,1,18,751,44
2013,1,19,755,48
2013,1,20,738,31
2013,1,21,730,23
2013,1,22,741,34
2013,1,23,739,32
2013,1,24,739,32
2013,1,25,769,62
2013,1,26,773,66
2013,1,27,741,34
2013,1,28,721,14
2013,1,29,724,17
2013,1,30,744,37
2013,1,31,720,13
2013,2,1,694,-13
2013,2,2,680,-27
2013,2,3,682,-25
2013,2,4,678,-29
2013,2,5,662,-45
2013,2,6,660,-47
2013,2,7,667,-40
2013,2,8,657,-50
2013,2,9,653,-54
2013,2,10,667,-40
2013,2,11,687,-20
2013,2,12,683,-24
2013,2,13,693,-14
2013,2,14,712,5
2013,2,15,710,3
2013,2,16,702,-5
2013,2,17,708,1
2013,2,18,695,-12
2013,2,19,704,-3
2013,2,20,721,14
2013,2,21,721,14
2013,2,22,727,20
2013,2,23,736,29
2013,2,24,750,43
2013,2,25,770,63
2013,2,26,773,66
2013,2,27,792,85
2013,2,28,803,96
2013,3,1,792,85
2013,3,2,786,79
2013,3,3,772,65
2013,3,4,765,58
2013,3,5,782,75
2013,3,6,799,92
2013,3,7,811,104
2013,3,8,835,128
2013,3,9,851,144
2013,3,10,869,162
2013,3,11,875,168
2013,3,12,854,147
2013,3,13,841,134
2013,3,14,835,128
2013,3,15,818,111
2013,3,16,793,86
2013,3,17,774,67
2013,3,18,763,56
2013,3,19,790,83
2013,3,20,792,85
2013,3,21,798,91
2013,3,22,825,118
2013,3,23,845,138
2013,3,24,854,147
2013,3,25,855,148
2013,3,26,862,155
2013,3,27,868,161
2013,3,28,854,147
2013,3,29,851,144
2013,3,30,838,131
2013,3,31,818,111
2013,4,1,793,86
2013,4,2,798,91
2013,4,3,814,107
2013,4,4,816,109
2013,4,5,842,135
2013,4,6,852,145
2013,4,7,852,145
2013,4,8,848,141
2013,4,9,859,152
2013,4,10,882,175
2013,4,11,861,154
2013,4,12,828,121
2013,4,13,801,94
2013,4,14,803,96
2013,4,15,790,83
2013,4,16,772,65
2013,4,17,789,82
2013,4,18,792,85
2013,4,19,798,91
2013,4,20,806,99
2013,4,21,811,104
2013,4,22,829,122
2013,4,23,834,127
2013,4,24,833,126
2013,4,25,826,119
2013,4,26,832,125
2013,4,27,831,124
2013,4,28,833,126
2013,4,29,829,122
2013,4,30,811,104
2013,5,1,814,107
2013,5,2,816,109
2013,5,3,817,110
2013,5,4,811,104
2013,5,5,828,121
2013,5,6,836,129
2013,5,7,830,123
2013,5,8,814,107
2013,5,9,809,102
2013,5,10,806,99
2013,5,11,796,89
2013,5,12,771,64
2013,5,13,767,60
2013,5,14,785,78
2013,5,15,803,96
2013,5,16,813,106
2013,5,17,797,90
2013,5,18,775,68
2013,5,19,782,75
2013,5,20,787,80
2013,5,21,787,80
2013,5,22,786,79
2013,5,23,781,74
2013,5,24,793,86
2013,5,25,792,85
2013,5,26,775,68
2013,5,27,781,74
2013,5,28,781,74
2013,5,29,779,72
2013,5,30,768,61
2013,5,31,762,55
2013,6,1,771,64
2013,6,2,775,68
2013,6,3,773,66
2013,6,4,757,50
2013,6,5,749,42
2013,6,6,755,48
2013,6,7,747,40
2013,6,8,738,31
2013,6,9,749,42
2013,6,10,749,42
2013,6,11,732,25
2013,6,12,718,11
2013,6,13,736,29
2013,6,14,761,54
2013,6,15,738,31
2013,6,16,734,27
2013,6,17,755,48
2013,6,18,742,35
2013,6,19,722,15
2013,6,20,730,23
2013,6,21,721,14
2013,6,22,706,-1
2013,6,23,698,-9
2013,6,24,696,-11
2013,6,25,716,9
2013,6,26,718,11
2013,6,27,713,6
2013,6,28,718,11
2013,6,29,713,6
2013,6,30,724,17
2013,7,1,732,25
2013,7,2,719,12
2013,7,3,696,-11
2013,7,4,690,-17
2013,7,5,682,-25
2013,7,6,678,-29
2013,7,7,678,-29
2013,7,8,675,-32
2013,7,9,685,-22
2013,7,10,683,-24
2013,7,11,663,-44
2013,7,12,658,-49
2013,7,13,668,-39
2013,7,14,698,-9
2013,7,15,696,-11
2013,7,16,664,-43
2013,7,17,666,-41
2013,7,18,675,-32
2013,7,19,667,-40
2013,7,20,660,-47
2013,7,21,685,-22
2013,7,22,692,-15
2013,7,23,685,-22
2013,7,24,688,-19
2013,7,25,646,-61
2013,7,26,643,-64
2013,7,27,668,-39
2013,7,28,647,-60
2013,7,29,640,-67
2013,7,30,665,-42
2013,7,31,662,-45
2013,8,1,653,-54
2013,8,2,652,-55
2013,8,3,654,-53
2013,8,4,658,-49
2013,8,5,670,-37
2013,8,6,654,-53
2013,8,7,651,-56
2013,8,8,668,-39
2013,8,9,688,-19
2013,8,10,685,-22
2013,8,11,676,-31
2013,8,12,698,-9
2013,8,13,714,7
2013,8,14,699,-8
2013,8,15,691,-16
2013,8,16,699,-8
2013,8,17,714,7
2013,8,18,713,6
2013,8,19,709,2
2013,8,20,721,14
2013,8,21,722,15
2013,8,22,720,13
2013,8,23,697,-10
2013,8,24,682,-25
2013,8,25,678,-29
2013,8,26,660,-47
2013,8,27,657,-50
2013,8,28,640,-67
2013,8,29,655,-52
2013,8,30,679,-28
2013,8,31,672,-35
2013,9,1,676,-31
2013,9,2,661,-46
2013,9,3,625,-82
2013,9,4,619,-88
2013,9,5,637,-70
2013,9,6,626,-81
2013,9,7,618,-89
2013,9,8,606,-101
2013,9,9,616,-91
2013,9,10,656,-51
2013,9,11,682,-25
2013,9,12,687,-20
2013,9,13,681,-26
2013,9,14,697,-10
2013,9,15,717,10
2013,9,16,716,9
2013,9,17,701,-6
2013,9,18,706,-1
2013,9,19,722,15
2013,9,20,730,23
2013,9,21,756,49
2013,9,22,747,40
2013,9,23,711,4
2013,9,24,700,-7
2013,9,25,680,-27
2013,9,26,659,-48
2013,9,27,665,-42
2013,9,28,683,-24
2013,9,29,693,-14
2013,9,30,691,-16
2013,10,1,698,-9
2013,10,2,709,2
2013,10,3,703,-4
2013,10,4,698,-9
2013,10,5,709,2
2013,10,6,676,-31
2013,10,7,661,-46
2013,10,8,657,-50
2013,10,9,642,-65
2013,10,10,643,-64
2013,10,11,648,-59
2013,10,12,641,-66
2013,10,13,664,-43
2013,10,14,671,-36
2013,10,15,658,-49
2013,10,16,668,-39
2013,10,17,665,-42
2013,10,18,651,-56
2013,10,19,660,-47
2013,10,20,671,-36
2013,10,21,665,-42
2013,10,22,651,-56
2013,10,23,645,-62
2013,10,24,639,-68
2013,10,25,628,-79
2013,10,26,620,-87
2013,10,27,608,-99
2013,10,28,618,-89
2013,10,29,641,-66
2013,10,30,646,-61
2013,10,31,668,-39
2013,11,1,687,-20
2013,11,2,691,-16
2013,11,3,701,-6
2013,11,4,680,-27
2013,11,5,675,-32
2013,11,6,687,-20
2013,11,7,695,-12
2013,11,8,706,-1
2013,11,9,730,23
2013,11,10,732,25
2013,11,11,719,12
2013,11,12,726,19
2013,11,13,730,23
2013,11,14,726,19
2013,11,15,720,13
2013,11,16,727,20
2013,11,17,724,17
2013,11,18,714,7
2013,11,19,727,20
2013,11,20,732,25
2013,11,21,739,32
2013,11,22,747,40
2013,11,23,734,27
2013,11,24,-32767,-33474
2013,11,25,-32767,-33474
2013,11,26,775,68
2013,11,27,783,76
2013,11,28,773,66
2013,11,29,771,64
2013,11,30,776,69
2013,12,1,769,62
2013,12,2,761,54
2013,12,3,762,55
2013,12,4,762,55
2013,12,5,769,62
2013,12,6,757,50
2013,12,7,747,40
2013,12,8,781,74
2013,12,9,787,80
2013,12,10,755,48
2013,12,11,755,48
2013,12,12,759,52
2013,12,13,761,54
2013,12,14,754,47
2013,12,15,746,39
2013,12,16,752,45
2013,12,17,734,27
2013,12,18,724,17
2013,12,19,728,21
2013,12,20,724,17
2013,12,21,742,35
2013,12,22,742,35
2013,12,23,735,28
2013,12,24,755,48
2013,12,25,764,57
2013,12,26,755,48
2013,12,27,757,50
2013,12,28,762,55
2013,12,29,765,58
2013,12,30,755,48
2013,12,31,774,67
2014,1,1,778,71
2014,1,2,766,59
2014,1,3,764,57
2014,1,4,760,53
2014,1,5,749,42
2014,1,6,753,46
2014,1,7,751,44
2014,1,8,739,32
2014,1,9,738,31
2014,1,10,749,42
2014,1,11,749,42
2014,1,12,739,32
2014,1,13,746,39
2014,1,14,739,32
2014,1,15,735,28
2014,1,16,731,24
2014,1,17,726,19
2014,1,18,746,39
2014,1,19,749,42
2014,1,20,736,29
2014,1,21,742,35
2014,1,22,752,45
2014,1,23,757,50
2014,1,24,779,72
2014,1,25,795,88
2014,1,26,779,72
2014,1,27,760,53
2014,1,28,758,51
2014,1,29,760,53
2014,1,30,740,33
2014,1,31,736,29
2014,2,1,761,54
2014,2,2,774,67
2014,2,3,772,65
2014,2,4,743,36
2014,2,5,749,42
2014,2,6,776,69
2014,2,7,762,55
2014,2,8,749,42
2014,2,9,747,40
2014,2,10,754,47
2014,2,11,762,55
2014,2,12,763,56
2014,2,13,760,53
2014,2,14,783,76
2014,2,15,792,85
2014,2,16,791,84
2014,2,17,788,81
2014,2,18,785,78
2014,2,19,770,63
2014,2,20,761,54
2014,2,21,763,56
2014,2,22,764,57
2014,2,23,786,79
2014,2,24,787,80
2014,2,25,756,49
2014,2,26,763,56
2014,2,27,763,56
2014,2,28,765,58
2014,3,1,758,51
2014,3,2,750,43
2014,3,3,736,29
2014,3,4,712,5
2014,3,5,694,-13
2014,3,6,683,-24
2014,3,7,671,-36
2014,3,8,661,-46
2014,3,9,672,-35
2014,3,10,672,-35
2014,3,11,674,-33
2014,3,12,695,-12
2014,3,13,702,-5
2014,3,14,699,-8
2014,3,15,698,-9
2014,3,16,703,-4
2014,3,17,704,-3
2014,3,18,697,-10
2014,3,19,686,-21
2014,3,20,698,-9
2014,3,21,703,-4
2014,3,22,692,-15
2014,3,23,693,-14
2014,3,24,705,-2
2014,3,25,717,10
2014,3,26,720,13
2014,3,27,733,26
2014,3,28,757,50
2014,3,29,772,65
2014,3,30,751,44
2014,3,31,739,32
2014,4,1,755,48
2014,4,2,776,69
2014,4,3,803,96
2014,4,4,754,47
2014,4,5,732,25
2014,4,6,732,25
2014,4,7,724,17
2014,4,8,740,33
2014,4,9,747,40
2014,4,10,742,35
2014,4,11,755,48
2014,4,12,770,63
2014,4,13,784,77
2014,4,14,777,70
2014,4,15,764,57
2014,4,16,762,55
2014,4,17,752,45
2014,4,18,745,38
2014,4,19,739,32
2014,4,20,744,37
2014,4,21,757,50
2014,4,22,742,35
2014,4,23,731,24
2014,4,24,746,39
2014,4,25,737,30
2014,4,26,729,22
2014,4,27,727,20
2014,4,28,726,19
2014,4,29,725,18
2014,4,30,710,3
2014,5,1,705,-2
2014,5,2,704,-3
2014,5,3,696,-11
2014,5,4,687,-20
2014,5,5,693,-14
2014,5,6,709,2
2014,5,7,706,-1
2014,5,8,709,2
2014,5,9,733,26
2014,5,10,746,39
2014,5,11,754,47
2014,5,12,743,36
2014,5,13,729,22
2014,5,14,737,30
2014,5,15,752,45
2014,5,16,761,54
2014,5,17,750,43
2014,5,18,721,14
2014,5,19,705,-2
2014,5,20,689,-18
2014,5,21,698,-9
2014,5,22,697,-10
2014,5,23,684,-23
2014,5,24,690,-17
2014,5,25,688,-19
2014,5,26,672,-35
2014,5,27,664,-43
2014,5,28,667,-40
2014,5,29,665,-42
2014,5,30,653,-54
2014,5,31,656,-51
2014,6,1,668,-39
2014,6,2,665,-42
2014,6,3,669,-38
2014,6,4,670,-37
2014,6,5,681,-26
2014,6,6,691,-16
2014,6,7,693,-14
2014,6,8,696,-11
2014,6,9,690,-17
2014,6,10,686,-21
2014,6,11,687,-20
2014,6,12,703,-4
2014,6,13,692,-15
2014,6,14,694,-13
2014,6,15,691,-16
2014,6,16,671,-36
2014,6,17,675,-32
2014,6,18,655,-52
2014,6,19,656,-51
2014,6,20,669,-38
2014,6,21,646,-61
2014,6,22,641,-66
2014,6,23,651,-56
2014,6,24,661,-46
2014,6,25,672,-35
2014,6,26,654,-53
2014,6,27,650,-57
2014,6,28,655,-52
2014,6,29,671,-36
2014,6,30,678,-29
2014,7,1,663,-44
2014,7,2,663,-44
2014,7,3,670,-37
2014,7,4,682,-25
2014,7,5,677,-30
2014,7,6,668,-39
2014,7,7,691,-16
2014,7,8,709,2
2014,7,9,694,-13
2014,7,10,685,-22
2014,7,11,684,-23
2014,7,12,682,-25
2014,7,13,691,-16
2014,7,14,685,-22
2014,7,15,692,-15
2014,7,16,697,-10
2014,7,17,683,-24
2014,7,18,675,-32
2014,7,19,678,-29
2014,7,20,655,-52
2014,7,21,648,-59
2014,7,22,668,-39
2014,7,23,653,-54
2014,7,24,646,-61
2014,7,25,638,-69
2014,7,26,619,-88
2014,7,27,621,-86
2014,7,28,630,-77
2014,7,29,640,-67
2014,7,30,652,-55
2014,7,31,670,-37
2014,8,1,680,-27
2014,8,2,685,-22
2014,8,3,682,-25
2014,8,4,676,-31
2014,8,5,689,-18
2014,8,6,695,-12
2014,8,7,701,-6
2014,8,8,701,-6
2014,8,9,688,-19
2014,8,10,670,-37
2014,8,11,684,-23
2014,8,12,690,-17
2014,8,13,695,-12
2014,8,14,696,-11
2014,8,15,691,-16
2014,8,16,689,-18
2014,8,17,695,-12
2014,8,18,701,-6
2014,8,19,690,-17
2014,8,20,683,-24
2014,8,21,695,-12
2014,8,22,714,7
2014,8,23,700,-7
2014,8,24,696,-11
2014,8,25,712,5
2014,8,26,727,20
2014,8,27,731,24
2014,8,28,720,13
2014,8,29,718,11
2014,8,30,717,10
2014,8,31,716,9
2014,9,1,716,9
2014,9,2,730,23
2014,9,3,738,31
2014,9,4,739,32
2014,9,5,735,28
2014,9,6,743,36
2014,9,7,724,17
2014,9,8,725,18
2014,9,9,736,29
2014,9,10,743,36
2014,9,11,752,45
2014,9,12,723,16
2014,9,13,703,-4
2014,9,14,701,-6
2014,9,15,686,-21
2014,9,16,695,-12
2014,9,17,694,-13
2014,9,18,696,-11
2014,9,19,715,8
2014,9,20,726,19
2014,9,21,719,12
2014,9,22,730,23
2014,9,23,721,14
2014,9,24,713,6
2014,9,25,710,3
2014,9,26,736,29
2014,9,27,740,33
2014,9,28,747,40
2014,9,29,740,33
2014,9,30,721,14
2014,10,1,690,-17
2014,10,2,679,-28
2014,10,3,703,-4
2014,10,4,719,12
2014,10,5,719,12
2014,10,6,705,-2
2014,10,7,717,10
2014,10,8,728,21
2014,10,9,703,-4
2014,10,10,682,-25
2014,10,11,691,-16
2014,10,12,709,2
2014,10,13,690,-17
2014,10,14,691,-16
2014,10,15,694,-13
2014,10,16,677,-30
2014,10,17,697,-10
2014,10,18,715,8
2014,10,19,724,17
2014,10,20,722,15
2014,10,21,723,16
2014,10,22,715,8
2014,10,23,716,9
2014,10,24,717,10
2014,10,25,702,-5
2014,10,26,683,-24
2014,10,27,677,-30
2014,10,28,695,-12
2014,10,29,704,-3
2014,10,30,708,1
2014,10,31,727,20
2014,11,1,736,29
2014,11,2,741,34
2014,11,3,756,49
2014,11,4,758,51
2014,11,5,740,33
2014,11,6,724,17
2014,11,7,722,15
2014,11,8,724,17
2014,11,9,713,6
2014,11,10,708,1
2014,11,11,714,7
2014,11,12,719,12
2014,11,13,715,8
2014,11,14,699,-8
2014,11,15,692,-15
2014,11,16,715,8
2014,11,17,719,12
2014,11,18,708,1
2014,11,19,718,11
2014,11,20,719,12
2014,11,21,728,21
2014,11,22,729,22
2014,11,23,736,29
2014,11,24,752,45
2014,11,25,750,43
2014,11,26,757,50
2014,11,27,762,55
2014,11,28,761,54
2014,11,29,769,62
2014,11,30,775,68
2014,12,1,779,72
2014,12,2,770,63
2014,12,3,751,44
2014,12,4,737,30
2014,12,5,740,33
2014,12,6,738,31
2014,12,7,742,35
2014,12,8,732,25
2014,12,9,731,24
2014,12,10,763,56
2014,12,11,756,49
2014,12,12,756,49
2014,12,13,773,66
2014,12,14,770,63
2014,12,15,766,59
2014,12,16,785,78
2014,12,17,795,88
2014,12,18,791,84
2014,12,19,783,76
2014,12,20,780,73
2014,12,21,805,98
2014,12,22,820,113
2014,12,23,813,106
2014,12,24,805,98
2014,12,25,790,83
2014,12,26,800,93
2014,12,27,795,88
2014,12,28,788,81
2014,12,29,791,84
2014,12,30,780,73
2014,12,31,783,76
2015,1,1,793,86
2015,1,2,788,81
2015,1,3,782,75
2015,1,4,784,77
2015,1,5,788,81
2015,1,6,778,71
2015,1,7,765,58
2015,1,8,771,64
2015,1,9,775,68
2015,1,10,753,46
2015,1,11,743,36
2015,1,12,739,32
2015,1,13,735,28
2015,1,14,701,-6
2015,1,15,688,-19
2015,1,16,716,9
2015,1,17,712,5
2015,1,18,715,8
2015,1,19,746,39
2015,1,20,739,32
2015,1,21,723,16
2015,1,22,724,17
2015,1,23,740,33
2015,1,24,747,40
2015,1,25,752,45
2015,1,26,766,59
2015,1,27,756,49
2015,1,28,765,58
2015,1,29,770,63
2015,1,30,776,69
2015,1,31,782,75
2015,2,1,770,63
2015,2,2,762,55
2015,2,3,758,51
2015,2,4,746,39
2015,2,5,727,20
2015,2,6,711,4
2015,2,7,724,17
2015,2,8,733,26
2015,2,9,742,35
2015,2,10,744,37
2015,2,11,729,22
2015,2,12,720,13
2015,2,13,732,25
2015,2,14,731,24
2015,2,15,750,43
2015,2,16,758,51
2015,2,17,750,43
2015,2,18,743,36
2015,2,19,764,57
2015,2,20,780,73
2015,2,21,764,57
2015,2,22,766,59
2015,2,23,770,63
2015,2,24,765,58
2015,2,25,762,55
2015,2,26,773,66
2015,2,27,775,68
2015,2,28,784,77
2015,3,1,791,84
2015,3,2,806,99
2015,3,3,805,98
2015,3,4,801,94
2015,3,5,818,111
2015,3,6,825,118
2015,3,7,823,116
2015,3,8,813,106
2015,3,9,778,71
2015,3,10,750,43
2015,3,11,740,33
2015,3,12,749,42
2015,3,13,758,51
2015,3,14,717,10
2015,3,15,701,-6
2015,3,16,703,-4
2015,3,17,670,-37
2015,3,18,681,-26
2015,3,19,686,-21
2015,3,20,689,-18
2015,3,21,686,-21
2015,3,22,649,-58
2015,3,23,627,-80
2015,3,24,635,-72
2015,3,25,647,-60
2015,3,26,635,-72
2015,3,27,625,-82
2015,3,28,628,-79
2015,3,29,649,-58
2015,3,30,664,-43
2015,3,31,641,-66
2015,4,1,646,-61
2015,4,2,651,-56
2015,4,3,668,-39
2015,4,4,682,-25
2015,4,5,667,-40
2015,4,6,662,-45
2015,4,7,661,-46
2015,4,8,655,-52
2015,4,9,631,-76
2015,4,10,625,-82
2015,4,11,638,-69
2015,4,12,657,-50
2015,4,13,669,-38
2015,4,14,676,-31
2015,4,15,669,-38
2015,4,16,678,-29
2015,4,17,694,-13
2015,4,18,702,-5
2015,4,19,718,11
2015,4,20,679,-28
2015,4,21,655,-52
2015,4,22,675,-32
2015,4,23,680,-27
2015,4,24,681,-26
2015,4,25,681,-26
2015,4,26,689,-18
2015,4,27,693,-14
2015,4,28,700,-7
2015,4,29,709,2
2015,4,30,703,-4
2015,5,1,701,-6
2015,5,2,706,-1
2015,5,3,704,-3
2015,5,4,716,9
2015,5,5,734,27
2015,5,6,735,28
2015,5,7,715,8
2015,5,8,698,-9
2015,5,9,708,1
2015,5,10,709,2
2015,5,11,696,-11
2015,5,12,707,0
2015,5,13,734,27
2015,5,14,718,11
2015,5,15,680,-27
2015,5,16,671,-36
2015,5,17,673,-34
2015,5,18,669,-38
2015,5,19,668,-39
2015,5,20,659,-48
2015,5,21,644,-63
2015,5,22,642,-65
2015,5,23,659,-48
2015,5,24,668,-39
2015,5,25,646,-61
2015,5,26,627,-80
2015,5,27,653,-54
2015,5,28,661,-46
2015,5,29,657,-50
2015,5,30,666,-41
2015,5,31,671,-36
2015,6,1,686,-21
2015,6,2,671,-36
2015,6,3,635,-72
2015,6,4,649,-58
2015,6,5,662,-45
2015,6,6,665,-42
2015,6,7,680,-27
2015,6,8,687,-20
2015,6,9,694,-13
2015,6,10,685,-22
2015,6,11,680,-27
2015,6,12,688,-19
2015,6,13,669,-38
2015,6,14,659,-48
2015,6,15,652,-55
2015,6,16,656,-51
2015,6,17,642,-65
2015,6,18,628,-79
2015,6,19,627,-80
2015,6,20,632,-75
2015,6,21,632,-75
2015,6,22,654,-53
2015,6,23,653,-54
2015,6,24,638,-69
2015,6,25,623,-84
2015,6,26,610,-97
2015,6,27,610,-97
2015,6,28,617,-90
2015,6,29,621,-86
2015,6,30,633,-74
2015,7,1,647,-60
2015,7,2,628,-79
2015,7,3,629,-78
2015,7,4,628,-79
2015,7,5,590,-117
2015,7,6,568,-139
2015,7,7,575,-132
2015,7,8,581,-126
2015,7,9,583,-124
2015,7,10,584,-123
2015,7,11,590,-117
2015,7,12,580,-127
2015,7,13,561,-146
2015,7,14,584,-123
2015,7,15,596,-111
2015,7,16,576,-131
2015,7,17,563,-144
2015,7,18,557,-150
2015,7,19,577,-130
2015,7,20,604,-103
2015,7,21,617,-90
2015,7,22,597,-110
2015,7,23,604,-103
2015,7,24,621,-86
2015,7,25,630,-77
2015,7,26,642,-65
2015,7,27,651,-56
2015,7,28,651,-56
2015,7,29,653,-54
2015,7,30,646,-61
2015,7,31,651,-56
2015,8,1,662,-45
2015,8,2,657,-50
2015,8,3,641,-66
2015,8,4,637,-70
2015,8,5,653,-54
2015,8,6,634,-73
2015,8,7,621,-86
2015,8,8,625,-82
2015,8,9,619,-88
2015,8,10,603,-104
2015,8,11,586,-121
2015,8,12,577,-130
2015,8,13,574,-133
2015,8,14,577,-130
2015,8,15,580,-127
2015,8,16,575,-132
2015,8,17,566,-141
2015,8,18,560,-147
2015,8,19,547,-160
2015,8,20,542,-165
2015,8,21,555,-152
2015,8,22,564,-143
2015,8,23,563,-144
2015,8,24,559,-148
2015,8,25,565,-142
2015,8,26,565,-142
2015,8,27,573,-134
2015,8,28,572,-135
2015,8,29,562,-145
2015,8,30,564,-143
2015,8,31,583,-124
2015,9,1,580,-127
2015,9,2,563,-144
2015,9,3,565,-142
2015,9,4,556,-151
2015,9,5,549,-158
2015,9,6,565,-142
2015,9,7,554,-153
2015,9,8,557,-150
2015,9,9,551,-156
2015,9,10,548,-159
2015,9,11,567,-140
2015,9,12,566,-141
2015,9,13,542,-165
2015,9,14,541,-166
2015,9,15,553,-154
2015,9,16,567,-140
2015,9,17,565,-142
2015,9,18,571,-136
2015,9,19,600,-107
2015,9,20,615,-92
2015,9,21,617,-90
2015,9,22,613,-94
2015,9,23,619,-88
2015,9,24,619,-88
2015,9,25,619,-88
2015,9,26,632,-75
2015,9,27,633,-74
2015,9,28,632,-75
2015,9,29,637,-70
2015,9,30,623,-84
2015,10,1,612,-95
2015,10,2,621,-86
2015,10,3,621,-86
2015,10,4,610,-97
2015,10,5,611,-96
2015,10,6,620,-87
2015,10,7,588,-119
2015,10,8,578,-129
2015,10,9,615,-92
2015,10,10,634,-73
2015,10,11,633,-74
2015,10,12,636,-71
2015,10,13,625,-82
2015,10,14,619,-88
2015,10,15,617,-90
2015,10,16,609,-98
2015,10,17,602,-105
2015,10,18,588,-119
2015,10,19,594,-113
2015,10,20,603,-104
2015,10,21,604,-103
2015,10,22,615,-92
2015,10,23,620,-87
2015,10,24,618,-89
2015,10,25,637,-70
2015,10,26,645,-62
2015,10,27,625,-82
2015,10,28,598,-109
2015,10,29,619,-88
2015,10,30,638,-69
2015,10,31,627,-80
2015,11,1,621,-86
2015,11,2,620,-87
2015,11,3,621,-86
2015,11,4,628,-79
2015,11,5,634,-73
2015,11,6,635,-72
2015,11,7,632,-75
2015,11,8,625,-82
2015,11,9,612,-95
2015,11,10,615,-92
2015,11,11,619,-88
2015,11,12,624,-83
2015,11,13,621,-86
2015,11,14,615,-92
2015,11,15,616,-91
2015,11,16,620,-87
2015,11,17,629,-78
2015,11,18,640,-67
2015,11,19,643,-64
2015,11,20,626,-81
2015,11,21,640,-67
2015,11,22,647,-60
2015,11,23,661,-46
2015,11,24,665,-42
2015,11,25,647,-60
2015,11,26,635,-72
2015,11,27,644,-63
2015,11,28,654,-53
2015,11,29,645,-62
2015,11,30,633,-74
2015,12,1,637,-70
2015,12,2,637,-70
2015,12,3,616,-91
2015,12,4,599,-108
2015,12,5,609,-98
2015,12,6,620,-87
2015,12,7,604,-103
2015,12,8,599,-108
2015,12,9,602,-105
2015,12,10,601,-106
2015,12,11,609,-98
2015,12,12,619,-88
2015,12,13,621,-86
2015,12,14,620,-87
2015,12,15,618,-89
2015,12,16,615,-92
2015,12,17,618,-89
2015,12,18,636,-71
2015,12,19,651,-56
2015,12,20,634,-73
2015,12,21,624,-83
2015,12,22,643,-64
2015,12,23,642,-65
2015,12,24,626,-81
2015,12,25,622,-85
2015,12,26,616,-91
2015,12,27,622,-85
2015,12,28,603,-104
2015,12,29,557,-150
2015,12,30,577,-130
2015,12,31,594,-113
2016,1,1,555,-152
2016,1,2,548,-159
2016,1,3,539,-168
2016,1,4,545,-162
2016,1,5,548,-159
2016,1,6,533,-174
2016,1,7,526,-181
2016,1,8,521,-186
2016,1,9,518,-189
2016,1,10,526,-181
2016,1,11,541,-166
2016,1,12,549,-158
2016,1,13,556,-151
2016,1,14,567,-140
2016,1,15,569,-138
2016,1,16,575,-132
2016,1,17,579,-128
2016,1,18,576,-131
2016,1,19,570,-137
2016,1,20,569,-138
2016,1,21,561,-146
2016,1,22,562,-145
2016,1,23,557,-150
2016,1,24,548,-159
2016,1,25,549,-158
2016,1,26,553,-154
2016,1,27,561,-146
2016,1,28,566,-141
2016,1,29,554,-153
2016,1,30,555,-152
2016,1,31,559,-148
2016,2,1,553,-154
2016,2,2,571,-136
2016,2,3,584,-123
2016,2,4,583,-124
2016,2,5,580,-127
2016,2,6,568,-139
2016,2,7,567,-140
2016,2,8,569,-138
2016,2,9,562,-145
2016,2,10,580,-127
2016,2,11,605,-102
2016,2,12,589,-118
2016,2,13,577,-130
2016,2,14,579,-128
2016,2,15,597,-110
2016,2,16,597,-110
2016,2,17,571,-136
2016,2,18,569,-138
2016,2,19,585,-122
2016,2,20,570,-137
2016,2,21,530,-177
2016,2,22,505,-202
2016,2,23,485,-222
2016,2,24,497,-210
2016,2,25,506,-201
2016,2,26,509,-198
2016,2,27,498,-209
2016,2,28,485,-222
2016,2,29,475,-232
2016,3,1,472,-235
2016,3,2,478,-229
2016,3,3,482,-225
2016,3,4,486,-221
2016,3,5,497,-210
2016,3,6,491,-216
2016,3,7,502,-205
2016,3,8,516,-191
2016,3,9,508,-199
2016,3,10,500,-207
2016,3,11,508,-199
2016,3,12,512,-195
2016,3,13,517,-190
2016,3,14,506,-201
2016,3,15,508,-199
2016,3,16,506,-201
2016,3,17,500,-207
2016,3,18,516,-191
2016,3,19,522,-185
2016,3,20,538,-169
2016,3,21,535,-172
2016,3,22,531,-176
2016,3,23,531,-176
2016,3,24,523,-184
2016,3,25,522,-185
2016,3,26,501,-206
2016,3,27,485,-222
2016,3,28,492,-215
2016,3,29,492,-215
2016,3,30,487,-220
2016,3,31,497,-210
2016,4,1,538,-169
2016,4,2,550,-157
2016,4,3,516,-191
2016,4,4,502,-205
2016,4,5,518,-189
2016,4,6,516,-191
2016,4,7,494,-213
2016,4,8,488,-219
2016,4,9,488,-219
2016,4,10,479,-228
2016,4,11,482,-225
2016,4,12,487,-220
2016,4,13,485,-222
2016,4,14,493,-214
2016,4,15,503,-204
2016,4,16,508,-199
2016,4,17,508,-199
2016,4,18,496,-211
2016,4,19,491,-216
2016,4,20,504,-203
2016,4,21,502,-205
2016,4,22,501,-206
2016,4,23,523,-184
2016,4,24,529,-178
2016,4,25,525,-182
2016,4,26,538,-169
2016,4,27,547,-160
2016,4,28,533,-174
2016,4,29,530,-177
2016,4,30,537,-170
2016,5,1,549,-158
2016,5,2,560,-147
2016,5,3,572,-135
2016,5,4,579,-128
2016,5,5,584,-123
2016,5,6,603,-104
2016,5,7,601,-106
2016,5,8,586,-121
2016,5,9,591,-116
2016,5,10,601,-106
2016,5,11,608,-99
2016,5,12,608,-99
2016,5,13,607,-100
2016,5,14,623,-84
2016,5,15,637,-70
2016,5,16,627,-80
2016,5,17,608,-99
2016,5,18,607,-100
2016,5,19,617,-90
2016,5,20,602,-105
2016,5,21,583,-124
2016,5,22,592,-115
2016,5,23,581,-126
2016,5,24,561,-146
2016,5,25,556,-151
2016,5,26,574,-133
2016,5,27,597,-110
2016,5,28,592,-115
2016,5,29,606,-101
2016,5,30,621,-86
2016,5,31,624,-83
2016,6,1,634,-73
2016,6,2,636,-71
2016,6,3,628,-79
2016,6,4,617,-90
2016,6,5,628,-79
2016,6,6,625,-82
2016,6,7,614,-93
2016,6,8,619,-88
2016,6,9,636,-71
2016,6,10,650,-57
2016,6,11,652,-55
2016,6,12,650,-57
2016,6,13,630,-77
2016,6,14,615,-92
2016,6,15,605,-102
2016,6,16,621,-86
2016,6,17,636,-71
2016,6,18,630,-77
2016,6,19,638,-69
2016,6,20,637,-70
2016,6,21,633,-74
2016,6,22,612,-95
2016,6,23,595,-112
2016,6,24,603,-104
2016,6,25,602,-105
2016,6,26,600,-107
2016,6,27,626,-81
2016,6,28,623,-84
2016,6,29,597,-110
2016,6,30,602,-105
2016,7,1,612,-95
2016,7,2,576,-131
2016,7,3,545,-162
2016,7,4,550,-157
2016,7,5,548,-159
2016,7,6,548,-159
2016,7,7,555,-152
2016,7,8,555,-152
2016,7,9,552,-155
2016,7,10,556,-151
2016,7,11,570,-137
2016,7,12,586,-121
2016,7,13,587,-120
2016,7,14,565,-142
2016,7,15,556,-151
2016,7,16,535,-172
2016,7,17,530,-177
2016,7,18,554,-153
2016,7,19,556,-151
2016,7,20,550,-157
2016,7,21,553,-154
2016,7,22,568,-139
2016,7,23,573,-134
2016,7,24,576,-131
2016,7,25,585,-122
2016,7,26,590,-117
2016,7,27,595,-112
2016,7,28,577,-130
2016,7,29,590,-117
2016,7,30,617,-90
2016,7,31,609,-98
2016,8,1,583,-124
2016,8,2,594,-113
2016,8,3,597,-110
2016,8,4,590,-117
2016,8,5,577,-130
2016,8,6,586,-121
2016,8,7,593,-114
2016,8,8,588,-119
2016,8,9,594,-113
2016,8,10,589,-118
2016,8,11,565,-142
2016,8,12,541,-166
2016,8,13,557,-150
2016,8,14,583,-124
2016,8,15,607,-100
2016,8,16,609,-98
2016,8,17,587,-120
2016,8,18,592,-115
2016,8,19,597,-110
2016,8,20,600,-107
2016,8,21,597,-110
2016,8,22,588,-119
2016,8,23,610,-97
2016,8,24,605,-102
2016,8,25,591,-116
2016,8,26,582,-125
2016,8,27,591,-116
2016,8,28,607,-100
2016,8,29,617,-90
2016,8,30,597,-110
2016,8,31,609,-98
2016,9,1,625,-82
2016,9,2,617,-90
2016,9,3,607,-100
2016,9,4,618,-89
2016,9,5,626,-81
2016,9,6,615,-92
2016,9,7,607,-100
2016,9,8,620,-87
2016,9,9,603,-104
2016,9,10,605,-102
2016,9,11,630,-77
2016,9,12,616,-91
2016,9,13,595,-112
2016,9,14,613,-94
2016,9,15,638,-69
2016,9,16,642,-65
2016,9,17,625,-82
2016,9,18,625,-82
2016,9,19,642,-65
2016,9,20,628,-79
2016,9,21,614,-93
2016,9,22,620,-87
2016,9,23,614,-93
2016,9,24,626,-81
2016,9,25,638,-69
2016,9,26,641,-66
2016,9,27,644,-63
2016,9,28,642,-65
2016,9,29,648,-59
2016,9,30,659,-48
2016,10,1,650,-57
2016,10,2,647,-60
2016,10,3,661,-46
2016,10,4,667,-40
2016,10,5,677,-30
2016,10,6,653,-54
2016,10,7,616,-91
2016,10,8,614,-93
2016,10,9,625,-82
2016,10,10,658,-49
2016,10,11,664,-43
2016,10,12,671,-36
2016,10,13,683,-24
2016,10,14,672,-35
2016,10,15,669,-38
2016,10,16,683,-24
2016,10,17,687,-20
2016,10,18,672,-35
2016,10,19,667,-40
2016,10,20,675,-32
2016,10,21,665,-42
2016,10,22,662,-45
2016,10,23,652,-55
2016,10,24,662,-45
2016,10,25,673,-34
2016,10,26,665,-42
2016,10,27,660,-47
2016,10,28,675,-32
2016,10,29,659,-48
2016,10,30,647,-60
2016,10,31,671,-36
2016,11,1,684,-23
2016,11,2,687,-20
2016,11,3,676,-31
2016,11,4,675,-32
2016,11,5,683,-24
2016,11,6,696,-11
2016,11,7,703,-4
2016,11,8,689,-18
2016,11,9,683,-24
2016,11,10,700,-7
2016,11,11,716,9
2016,11,12,716,9
2016,11,13,737,30
2016,11,14,730,23
2016,11,15,702,-5
2016,11,16,713,6
2016,11,17,732,25
2016,11,18,737,30
2016,11,19,735,28
2016,11,20,729,22
2016,11,21,722,15
2016,11,22,718,11
2016,11,23,722,15
2016,11,24,731,24
2016,11,25,748,41
2016,11,26,740,33
2016,11,27,719,12
2016,11,28,715,8
2016,11,29,713,6
2016,11,30,705,-2
2016,12,1,689,-18
2016,12,2,685,-22
2016,12,3,700,-7
2016,12,4,693,-14
2016,12,5,691,-16
2016,12,6,698,-9
2016,12,7,704,-3
2016,12,8,708,1
2016,12,9,704,-3
2016,12,10,705,-2
2016,12,11,714,7
2016,12,12,711,4
2016,12,13,686,-21
2016,12,14,691,-16
2016,12,15,697,-10
2016,12,16,683,-24
2016,12,17,676,-31
2016,12,18,679,-28
2016,12,19,682,-25
2016,12,20,686,-21
2016,12,21,666,-41
2016,12,22,643,-64
2016,12,23,655,-52
2016,12,24,663,-44
2016,12,25,676,-31
2016,12,26,686,-21
2016,12,27,679,-28
2016,12,28,686,-21
2016,12,29,687,-20
2016,12,30,691,-16
2016,12,31,711,4
2017,1,1,757,50
2017,1,2,762,55
2017,1,3,771,64
2017,1,4,785,78
2017,1,5,792,85
2017,1,6,791,84
2017,1,7,772,65
2017,1,8,777,70
2017,1,9,774,67
2017,1,10,761,54
2017,1,11,749,42
2017,1,12,748,41
2017,1,13,778,71
2017,1,14,774,67
2017,1,15,760,53
2017,1,16,754,47
2017,1,17,761,54
2017,1,18,759,52
2017,1,19,765,58
2017,1,20,772,65
2017,1,21,771,64
2017,1,22,754,47
2017,1,23,759,52
2017,1,24,769,62
2017,1,25,764,57
2017,1,26,785,78
2017,1,27,755,48
2017,1,28,750,43
2017,1,29,770,63
2017,1,30,761,54
2017,1,31,777,70
2017,2,1,797,90
2017,2,2,790,83
2017,2,3,789,82
2017,2,4,799,92
2017,2,5,797,90
2017,2,6,805,98
2017,2,7,792,85
2017,2,8,788,81
2017,2,9,797,90
2017,2,10,797,90
2017,2,11,790,83
2017,2,12,778,71
2017,2,13,776,69
2017,2,14,765,58
2017,2,15,768,61
2017,2,16,771,64
2017,2,17,802,95
2017,2,18,802,95
2017,2,19,790,83
2017,2,20,774,67
2017,2,21,781,74
2017,2,22,812,105
2017,2,23,814,107
2017,2,24,799,92
2017,2,25,813,106
2017,2,26,848,141
2017,2,27,840,133
2017,2,28,835,128
2017,3,1,844,137
2017,3,2,846,139
2017,3,3,834,127
2017,3,4,841,134
2017,3,5,844,137
2017,3,6,837,130
2017,3,7,841,134
2017,3,8,864,157
2017,3,9,883,176
2017,3,10,871,164
2017,3,11,871,164
2017,3,12,885,178
2017,3,13,883,176
2017,3,14,887,180
2017,3,15,900,193
2017,3,16,906,199
2017,3,17,905,198
2017,3,18,893,186
2017,3,19,894,187
2017,3,20,888,181
2017,3,21,895,188
2017,3,22,897,190
2017,3,23,899,192
2017,3,24,919,212
2017,3,25,939,232
2017,3,26,949,242
2017,3,27,958,251
2017,3,28,984,277
2017,3,29,981,274
2017,3,30,944,237
2017,3,31,940,233
2017,4,1,941,234
2017,4,2,946,239
2017,4,3,927,220
2017,4,4,920,213
2017,4,5,936,229
2017,4,6,942,235
2017,4,7,944,237
2017,4,8,937,230
2017,4,9,937,230
2017,4,10,919,212
2017,4,11,902,195
2017,4,12,895,188
2017,4,13,873,166
2017,4,14,862,155
2017,4,15,864,157
2017,4,16,864,157
2017,4,17,863,156
2017,4,18,851,144
2017,4,19,848,141
2017,4,20,867,160
2017,4,21,881,174
2017,4,22,865,158
2017,4,23,860,153
2017,4,24,869,162
2017,4,25,901,194
2017,4,26,918,211
2017,4,27,910,203
2017,4,28,894,187
2017,4,29,877,170
2017,4,30,868,161
2017,5,1,863,156
2017,5,2,855,148
2017,5,3,854,147
2017,5,4,844,137
2017,5,5,849,142
2017,5,6,846,139
2017,5,7,825,118
2017,5,8,807,100
2017,5,9,793,86
2017,5,10,794,87
2017,5,11,793,86
2017,5,12,799,92
2017,5,13,806,99
2017,5,14,804,97
2017,5,15,784,77
2017,5,16,786,79
2017,5,17,787,80
2017,5,18,788,81
2017,5,19,789,82
2017,5,20,802,95
2017,5,21,812,105
2017,5,22,805,98
2017,5,23,800,93
2017,5,24,799,92
2017,5,25,786,79
2017,5,26,762,55
2017,5,27,759,52
2017,5,28,760,53
2017,5,29,745,38
2017,5,30,751,44
2017,5,31,776,69
2017,6,1,769,62
2017,6,2,746,39
2017,6,3,732,25
2017,6,4,744,37
2017,6,5,741,34
2017,6,6,732,25
2017,6,7,711,4
2017,6,8,702,-5
2017,6,9,704,-3
2017,6,10,678,-29
2017,6,11,662,-45
2017,6,12,659,-48
2017,6,13,664,-43
2017,6,14,660,-47
2017,6,15,665,-42
2017,6,16,698,-9
2017,6,17,712,5
2017,6,18,704,-3
2017,6,19,694,-13
2017,6,20,711,4
2017,6,21,708,1
2017,6,22,690,-17
2017,6,23,686,-21
2017,6,24,677,-30
2017,6,25,677,-30
2017,6,26,671,-36
2017,6,27,657,-50
2017,6,28,667,-40
2017,6,29,685,-22
2017,6,30,665,-42
2017,7,1,652,-55
2017,7,2,657,-50
2017,7,3,653,-54
2017,7,4,637,-70
2017,7,5,631,-76
2017,7,6,627,-80
2017,7,7,629,-78
2017,7,8,624,-83
2017,7,9,620,-87
2017,7,10,622,-85
2017,7,11,611,-96
2017,7,12,607,-100
2017,7,13,613,-94
2017,7,14,602,-105
2017,7,15,595,-112
2017,7,16,604,-103
2017,7,17,612,-95
2017,7,18,613,-94
2017,7,19,618,-89
2017,7,20,628,-79
2017,7,21,625,-82
2017,7,22,611,-96
2017,7,23,611,-96
2017,7,24,609,-98
2017,7,25,605,-102
2017,7,26,611,-96
2017,7,27,601,-106
2017,7,28,597,-110
2017,7,29,620,-87
2017,7,30,632,-75
2017,7,31,614,-93
2017,8,1,605,-102
2017,8,2,607,-100
2017,8,3,604,-103
2017,8,4,598,-109
2017,8,5,602,-105
2017,8,6,598,-109
2017,8,7,589,-118
2017,8,8,603,-104
2017,8,9,620,-87
2017,8,10,627,-80
2017,8,11,624,-83
2017,8,12,625,-82
2017,8,13,625,-82
2017,8,14,637,-70
2017,8,15,633,-74
2017,8,16,633,-74
2017,8,17,650,-57
2017,8,18,649,-58
2017,8,19,627,-80
2017,8,20,633,-74
2017,8,21,645,-62
2017,8,22,642,-65
2017,8,23,622,-85
2017,8,24,625,-82
2017,8,25,619,-88
2017,8,26,612,-95
2017,8,27,619,-88
2017,8,28,629,-78
2017,8,29,632,-75
2017,8,30,633,-74
2017,8,31,617,-90
2017,9,1,604,-103
2017,9,2,614,-93
2017,9,3,619,-88
2017,9,4,610,-97
2017,9,5,605,-102
2017,9,6,620,-87
2017,9,7,632,-75
2017,9,8,628,-79
2017,9,9,622,-85
2017,9,10,628,-79
2017,9,11,660,-47
2017,9,12,663,-44
2017,9,13,640,-67
2017,9,14,646,-61
2017,9,15,651,-56
2017,9,16,653,-54
2017,9,17,647,-60
2017,9,18,639,-68
2017,9,19,665,-42
2017,9,20,677,-30
2017,9,21,672,-35
2017,9,22,670,-37
2017,9,23,677,-30
2017,9,24,663,-44
2017,9,25,-32767,-33474
2017,9,26,-32767,-33474
2017,9,27,-32767,-33474
2017,9,28,671,-36
2017,9,29,668,-39
2017,9,30,684,-23
2017,10,1,688,-19
2017,10,2,676,-31
2017,10,3,683,-24
2017,10,4,705,-2
2017,10,5,716,9
2017,10,6,715,8
2017,10,7,709,2
2017,10,8,706,-1
2017,10,9,699,-8
2017,10,10,693,-14
2017,10,11,697,-10
2017,10,12,682,-25
2017,10,13,700,-7
2017,10,14,735,28
2017,10,15,738,31
2017,10,16,711,4
2017,10,17,722,15
2017,10,18,725,18
2017,10,19,713,6
2017,10,20,703,-4
2017,10,21,702,-5
2017,10,22,700,-7
2017,10,23,692,-15
2017,10,24,672,-35
2017,10,25,681,-26
2017,10,26,697,-10
2017,10,27,-32767,-33474
2017,10,28,-32767,-33474
2017,10,29,-32767,-33474
2017,10,30,-32767,-33474
2017,10,31,-32767,-33474
2017,11,1,-32767,-33474
2017,11,2,-32767,-33474
2017,11,3,-32767,-33474
2017,11,4,-32767,-33474
2017,11,5,-32767,-33474
2017,11,6,-32767,-33474
2017,11,7,-32767,-33474
2017,11,8,-32767,-33474
2017,11,9,-32767,-33474
2017,11,10,-32767,-33474
2017,11,11,-32767,-33474
2017,11,12,-32767,-33474
2017,11,13,-32767,-33474
2017,11,14,-32767,-33474
2017,11,15,-32767,-33474
2017,11,16,-32767,-33474
2017,11,17,-32767,-33474
2017,11,18,-32767,-33474
2017,11,19,-32767,-33474
2017,11,20,-32767,-33474
2017,11,21,-32767,-33474
2017,11,22,-32767,-33474
2017,11,23,-32767,-33474
2017,11,24,-32767,-33474
2017,11,25,-32767,-33474
2017,11,26,-32767,-33474
2017,11,27,-32767,-33474
2017,11,28,-32767,-33474
2017,11,29,-32767,-33474
2017,11,30,-32767,-33474
2017,12,1,-32767,-33474
2017,12,2,-32767,-33474
2017,12,3,-32767,-33474
2017,12,4,-32767,-33474
2017,12,5,-32767,-33474
2017,12,6,-32767,-33474
2017,12,7,-32767,-33474
2017,12,8,-32767,-33474
2017,12,9,-32767,-33474
2017,12,10,-32767,-33474
2017,12,11,-32767,-33474
2017,12,12,-32767,-33474
2017,12,13,-32767,-33474
2017,12,14,-32767,-33474
2017,12,15,-32767,-33474
2017,12,16,-32767,-33474
2017,12,17,-32767,-33474
2017,12,18,-32767,-33474
2017,12,19,-32767,-33474
2017,12,20,-32767,-33474
2017,12,21,-32767,-33474
2017,12,22,-32767,-33474
2017,12,23,-32767,-33474
2017,12,24,-32767,-33474
2017,12,25,-32767,-33474
2017,12,26,-32767,-33474
2017,12,27,-32767,-33474
2017,12,28,-32767,-33474
2017,12,29,-32767,-33474
2017,12,30,-32767,-33474
2017,12,31,-32767,-33474
2018,1,1,-32767,-33474
2018,1,2,-32767,-33474
2018,1,3,-32767,-33474
2018,1,4,-32767,-33474
2018,1,5,-32767,-33474
2018,1,6,-32767,-33474
2018,1,7,-32767,-33474
2018,1,8,-32767,-33474
2018,1,9,-32767,-33474
2018,1,10,-32767,-33474
2018,1,11,-32767,-33474
2018,1,12,-32767,-33474
2018,1,13,-32767,-33474
2018,1,14,-32767,-33474
2018,1,15,-32767,-33474
2018,1,16,-32767,-33474
2018,1,17,-32767,-33474
2018,1,18,-32767,-33474
2018,1,19,-32767,-33474
2018,1,20,790,83
2018,1,21,-32767,-33474
2018,1,22,-32767,-33474
2018,1,23,-32767,-33474
2018,1,24,804,97
2018,1,25,816,109
2018,1,26,801,94
2018,1,27,-32767,-33474
2018,1,28,-32767,-33474
2018,1,29,-32767,-33474
2018,1,30,827,120
2018,1,31,835,128
2018,2,1,832,125
2018,2,2,830,123
2018,2,3,828,121
2018,2,4,804,97
2018,2,5,822,115
2018,2,6,819,112
2018,2,7,785,78
2018,2,8,781,74
2018,2,9,771,64
2018,2,10,777,70
2018,2,11,789,82
2018,2,12,782,75
2018,2,13,774,67
2018,2,14,761,54
2018,2,15,738,31
2018,2,16,749,42
2018,2,17,762,55
2018,2,18,765,58
2018,2,19,759,52
2018,2,20,758,51
2018,2,21,758,51
2018,2,22,765,58
2018,2,23,740,33
2018,2,24,754,47
2018,2,25,772,65
2018,2,26,780,73
2018,2,27,786,79
2018,2,28,773,66
2018,3,1,777,70
2018,3,2,788,81
2018,3,3,797,90
2018,3,4,802,95
2018,3,5,808,101
2018,3,6,807,100
2018,3,7,815,108
2018,3,8,816,109
2018,3,9,797,90
2018,3,10,798,91
2018,3,11,767,60
2018,3,12,721,14
2018,3,13,747,40
2018,3,14,779,72
2018,3,15,784,77
2018,3,16,774,67
2018,3,17,783,76
2018,3,18,792,85
2018,3,19,802,95
2018,3,20,799,92
2018,3,21,792,85
2018,3,22,806,99
2018,3,23,801,94
2018,3,24,792,85
2018,3,25,774,67
2018,3,26,768,61
2018,3,27,792,85
2018,3,28,797,90
2018,3,29,787,80
2018,3,30,787,80
2018,3,31,786,79
2018,4,1,789,82
2018,4,2,786,79
2018,4,3,780,73
2018,4,4,790,83
2018,4,5,793,86
2018,4,6,793,86
2018,4,7,787,80
2018,4,8,788,81
2018,4,9,805,98
2018,4,10,807,100
2018,4,11,819,112
2018,4,12,838,131
2018,4,13,840,133
2018,4,14,833,126
2018,4,15,840,133
2018,4,16,860,153
2018,4,17,864,157
2018,4,18,848,141
2018,4,19,826,119
2018,4,20,817,110
2018,4,21,815,108
2018,4,22,822,115
2018,4,23,811,104
2018,4,24,788,81
2018,4,25,798,91
2018,4,26,824,117
2018,4,27,815,108
2018,4,28,807,100
2018,4,29,804,97
2018,4,30,798,91
2018,5,1,765,58
2018,5,2,745,38
2018,5,3,746,39
2018,5,4,739,32
2018,5,5,721,14
2018,5,6,726,19
2018,5,7,756,49
2018,5,8,789,82
2018,5,9,790,83
2018,5,10,773,66
2018,5,11,783,76
2018,5,12,820,113
2018,5,13,827,120
2018,5,14,824,117
2018,5,15,825,118
2018,5,16,829,122
2018,5,17,840,133
2018,5,18,828,121
2018,5,19,808,101
2018,5,20,818,111
2018,5,21,824,117
2018,5,22,815,108
2018,5,23,823,116
2018,5,24,842,135
2018,5,25,834,127
2018,5,26,823,116
2018,5,27,814,107
2018,5,28,812,105
2018,5,29,809,102
2018,5,30,799,92
2018,5,31,784,77
2018,6,1,776,69
2018,6,2,770,63
2018,6,3,763,56
2018,6,4,769,62
2018,6,5,774,67
2018,6,6,755,48
2018,6,7,748,41
2018,6,8,759,52
2018,6,9,775,68
2018,6,10,774,67
2018,6,11,763,56
2018,6,12,770,63
2018,6,13,767,60
2018,6,14,744,37
2018,6,15,737,30
2018,6,16,744,37
2018,6,17,755,48
2018,6,18,760,53
2018,6,19,761,54
2018,6,20,768,61
2018,6,21,770,63
2018,6,22,768,61
2018,6,23,766,59
2018,6,24,753,46
2018,6,25,737,30
2018,6,26,743,36
2018,6,27,732,25
2018,6,28,713,6
2018,6,29,719,12
2018,6,30,741,34
2018,7,1,737,30
2018,7,2,733,26
2018,7,3,747,40
2018,7,4,760,53
2018,7,5,740,33
2018,7,6,745,38
2018,7,7,761,54
2018,7,8,762,55
2018,7,9,754,47
2018,7,10,754,47
2018,7,11,751,44
2018,7,12,733,26
2018,7,13,757,50
2018,7,14,769,62
2018,7,15,759,52
2018,7,16,762,55
2018,7,17,762,55
2018,7,18,755,48
2018,7,19,740,33
2018,7,20,717,10
2018,7,21,720,13
2018,7,22,731,24
2018,7,23,728,21
2018,7,24,713,6
2018,7,25,708,1
2018,7,26,703,-4
2018,7,27,690,-17
2018,7,28,679,-28
2018,7,29,693,-14
2018,7,30,727,20
2018,7,31,731,24
2018,8,1,719,12
2018,8,2,720,13
2018,8,3,725,18
2018,8,4,740,33
2018,8,5,740,33
2018,8,6,740,33
2018,8,7,755,48
2018,8,8,762,55
2018,8,9,758,51
2018,8,10,747,40
2018,8,11,750,43
2018,8,12,762,55
2018,8,13,747,40
2018,8,14,734,27
2018,8,15,735,28
2018,8,16,718,11
2018,8,17,706,-1
2018,8,18,700,-7
2018,8,19,708,1
2018,8,20,714,7
2018,8,21,711,4
2018,8,22,714,7
2018,8,23,718,11
2018,8,24,695,-12
2018,8,25,696,-11
2018,8,26,715,8
2018,8,27,717,10
2018,8,28,706,-1
2018,8,29,706,-1
2018,8,30,709,2
2018,8,31,722,15
2018,9,1,727,20
2018,9,2,723,16
2018,9,3,726,19
2018,9,4,732,25
2018,9,5,731,24
2018,9,6,730,23
2018,9,7,747,40
2018,9,8,752,45
2018,9,9,736,29
2018,9,10,725,18
2018,9,11,726,19
2018,9,12,737,30
2018,9,13,738,31
2018,9,14,726,19
2018,9,15,722,15
2018,9,16,750,43
2018,9,17,763,56
2018,9,18,739,32
2018,9,19,735,28
2018,9,20,754,47
2018,9,21,756,49
2018,9,22,756,49
2018,9,23,761,54
2018,9,24,759,52
2018,9,25,758,51
2018,9,26,765,58
2018,9,27,751,44
2018,9,28,716,9
2018,9,29,699,-8
2018,9,30,677,-30
2018,10,1,677,-30
2018,10,2,709,2
2018,10,3,709,2
2018,10,4,705,-2
2018,10,5,707,0
2018,10,6,694,-13
2018,10,7,707,0
2018,10,8,708,1
2018,10,9,706,-1
2018,10,10,720,13
2018,10,11,719,12
2018,10,12,727,20
2018,10,13,722,15
2018,10,14,728,21
2018,10,15,735,28
2018,10,16,741,34
2018,10,17,752,45
2018,10,18,759,52
2018,10,19,778,71
2018,10,20,784,77
2018,10,21,790,83
2018,10,22,804,97
2018,10,23,804,97
2018,10,24,809,102
2018,10,25,804,97
2018,10,26,801,94
2018,10,27,794,87
2018,10,28,790,83
2018,10,29,783,76
2018,10,30,769,62
2018,10,31,776,69
2018,11,1,782,75
2018,11,2,790,83
2018,11,3,794,87
2018,11,4,807,100
2018,11,5,815,108
2018,11,6,793,86
2018,11,7,787,80
2018,11,8,794,87
2018,11,9,782,75
2018,11,10,778,71
2018,11,11,775,68
2018,11,12,746,39
2018,11,13,747,40
2018,11,14,763,56
2018,11,15,739,32
2018,11,16,726,19
2018,11,17,731,24
2018,11,18,747,40
2018,11,19,742,35
2018,11,20,738,31
2018,11,21,735,28
2018,11,22,722,15
2018,11,23,709,2
2018,11,24,712,5
2018,11,25,729,22
2018,11,26,733,26
2018,11,27,748,41
2018,11,28,769,62
2018,11,29,757,50
2018,11,30,746,39
2018,12,1,751,44
2018,12,2,763,56
2018,12,3,775,68
2018,12,4,787,80
2018,12,5,784,77
2018,12,6,769,62
2018,12,7,773,66
2018,12,8,776,69
2018,12,9,760,53
2018,12,10,745,38
2018,12,11,762,55
2018,12,12,784,77
2018,12,13,792,85
2018,12,14,784,77
2018,12,15,780,73
2018,12,16,784,77
2018,12,17,778,71
2018,12,18,752,45
2018,12,19,736,29
2018,12,20,738,31
2018,12,21,755,48
2018,12,22,764,57
2018,12,23,761,54
2018,12,24,776,69
2018,12,25,774,67
2018,12,26,769,62
2018,12,27,813,106
2018,12,28,814,107
2018,12,29,783,76
2018,12,30,784,77
2018,12,31,799,92
2019,1,1,765,58
2019,1,2,757,50
2019,1,3,760,53
2019,1,4,753,46
2019,1,5,739,32
2019,1,6,727,20
2019,1,7,712,5
2019,1,8,718,11
2019,1,9,725,18
2019,1,10,727,20
2019,1,11,725,18
2019,1,12,731,24
2019,1,13,734,27
2019,1,14,732,25
2019,1,15,724,17
2019,1,16,696,-11
2019,1,17,694,-13
2019,1,18,700,-7
2019,1,19,690,-17
2019,1,20,677,-30
2019,1,21,673,-34
2019,1,22,676,-31
2019,1,23,687,-20
2019,1,24,667,-40
2019,1,25,663,-44
2019,1,26,675,-32
2019,1,27,679,-28
2019,1,28,672,-35
2019,1,29,668,-39
2019,1,30,667,-40
2019,1,31,650,-57
2019,2,1,643,-64
2019,2,2,646,-61
2019,2,3,661,-46
2019,2,4,663,-44
2019,2,5,671,-36
2019,2,6,693,-14
2019,2,7,697,-10
2019,2,8,703,-4
2019,2,9,717,10
2019,2,10,735,28
2019,2,11,754,47
2019,2,12,772,65
2019,2,13,773,66
2019,2,14,761,54
2019,2,15,745,38
2019,2,16,728,21
2019,2,17,740,33
2019,2,18,734,27
2019,2,19,736,29
2019,2,20,758,51
2019,2,21,743,36
2019,2,22,699,-8
2019,2,23,684,-23
2019,2,24,671,-36
2019,2,25,676,-31
2019,2,26,688,-19
2019,2,27,684,-23
2019,2,28,684,-23
2019,3,1,687,-20
2019,3,2,713,6
2019,3,3,714,7
2019,3,4,684,-23
2019,3,5,688,-19
2019,3,6,720,13
2019,3,7,726,19
2019,3,8,725,18
2019,3,9,717,10
2019,3,10,713,6
2019,3,11,719,12
2019,3,12,724,17
2019,3,13,715,8
2019,3,14,715,8
2019,3,15,731,24
2019,3,16,733,26
2019,3,17,735,28
2019,3,18,761,54
2019,3,19,769,62
2019,3,20,749,42
2019,3,21,759,52
2019,3,22,753,46
2019,3,23,736,29
2019,3,24,743,36
2019,3,25,748,41
2019,3,26,743,36
2019,3,27,739,32
2019,3,28,739,32
2019,3,29,760,53
2019,3,30,730,23
2019,3,31,704,-3
2019,4,1,706,-1
2019,4,2,719,12
2019,4,3,719,12
2019,4,4,701,-6
2019,4,5,692,-15
2019,4,6,684,-23
2019,4,7,689,-18
2019,4,8,705,-2
2019,4,9,697,-10
2019,4,10,683,-24
2019,4,11,684,-23
2019,4,12,710,3
2019,4,13,711,4
2019,4,14,704,-3
2019,4,15,705,-2
2019,4,16,701,-6
2019,4,17,705,-2
2019,4,18,694,-13
2019,4,19,696,-11
2019,4,20,708,1
2019,4,21,714,7
2019,4,22,705,-2
2019,4,23,697,-10
2019,4,24,696,-11
2019,4,25,710,3
2019,4,26,724,17
2019,4,27,734,27
2019,4,28,729,22
2019,4,29,741,34
2019,4,30,745,38
2019,5,1,735,28
2019,5,2,743,36
2019,5,3,755,48
2019,5,4,771,64
2019,5,5,750,43
2019,5,6,724,17
2019,5,7,718,11
2019,5,8,730,23
2019,5,9,741,34
2019,5,10,716,9
2019,5,11,707,0
2019,5,12,698,-9
2019,5,13,706,-1
2019,5,14,720,13
2019,5,15,712,5
2019,5,16,699,-8
2019,5,17,695,-12
2019,5,18,693,-14
2019,5,19,679,-28
2019,5,20,680,-27
2019,5,21,693,-14
2019,5,22,679,-28
2019,5,23,673,-34
2019,5,24,676,-31
2019,5,25,672,-35
2019,5,26,678,-29
2019,5,27,686,-21
2019,5,28,688,-19
2019,5,29,701,-6
2019,5,30,695,-12
2019,5,31,701,-6
2019,6,1,705,-2
2019,6,2,675,-32
2019,6,3,663,-44
2019,6,4,664,-43
2019,6,5,677,-30
2019,6,6,679,-28
2019,6,7,656,-51
2019,6,8,652,-55
2019,6,9,661,-46
2019,6,10,668,-39
2019,6,11,685,-22
2019,6,12,688,-19
2019,6,13,701,-6
2019,6,14,686,-21
2019,6,15,668,-39
2019,6,16,668,-39
2019,6,17,659,-48
2019,6,18,664,-43
2019,6,19,658,-49
2019,6,20,638,-69
2019,6,21,646,-61
2019,6,22,650,-57
2019,6,23,655,-52
2019,6,24,663,-44
2019,6,25,676,-31
2019,6,26,693,-14
2019,6,27,694,-13
2019,6,28,703,-4
2019,6,29,694,-13
2019,6,30,696,-11
2019,7,1,704,-3
2019,7,2,699,-8
2019,7,3,689,-18
2019,7,4,669,-38
2019,7,5,674,-33
2019,7,6,677,-30
2019,7,7,670,-37
2019,7,8,672,-35
2019,7,9,685,-22
2019,7,10,698,-9
2019,7,11,689,-18
2019,7,12,673,-34
2019,7,13,667,-40
2019,7,14,653,-54
2019,7,15,647,-60
2019,7,16,651,-56
2019,7,17,657,-50
2019,7,18,668,-39
2019,7,19,673,-34
2019,7,20,667,-40
2019,7,21,673,-34
2019,7,22,673,-34
2019,7,23,677,-30
2019,7,24,682,-25
2019,7,25,681,-26
2019,7,26,675,-32
2019,7,27,671,-36
2019,7,28,658,-49
2019,7,29,654,-53
2019,7,30,667,-40
2019,7,31,669,-38
2019,8,1,673,-34
2019,8,2,667,-40
2019,8,3,657,-50
2019,8,4,675,-32
2019,8,5,664,-43
2019,8,6,663,-44
2019,8,7,669,-38
2019,8,8,692,-15
2019,8,9,706,-1
2019,8,10,694,-13
2019,8,11,695,-12
2019,8,12,677,-30
2019,8,13,668,-39
2019,8,14,674,-33
2019,8,15,678,-29
2019,8,16,682,-25
2019,8,17,692,-15
2019,8,18,695,-12
2019,8,19,709,2
2019,8,20,704,-3
2019,8,21,701,-6
2019,8,22,706,-1
2019,8,23,696,-11
2019,8,24,688,-19
2019,8,25,691,-16
2019,8,26,696,-11
2019,8,27,702,-5
2019,8,28,735,28
2019,8,29,731,24
2019,8,30,719,12
2019,8,31,727,20
2019,9,1,733,26
2019,9,2,733,26
2019,9,3,733,26
2019,9,4,732,25
2019,9,5,728,21
2019,9,6,708,1
2019,9,7,694,-13
2019,9,8,711,4
2019,9,9,720,13
2019,9,10,701,-6
2019,9,11,680,-27
2019,9,12,668,-39
2019,9,13,663,-44
2019,9,14,647,-60
2019,9,15,635,-72
2019,9,16,647,-60
2019,9,17,647,-60
2019,9,18,672,-35
2019,9,19,683,-24
2019,9,20,656,-51
2019,9,21,632,-75
2019,9,22,646,-61
2019,9,23,658,-49
2019,9,24,641,-66
2019,9,25,642,-65
2019,9,26,652,-55
2019,9,27,664,-43
2019,9,28,684,-23
2019,9,29,692,-15
2019,9,30,703,-4
2019,10,1,699,-8
2019,10,2,683,-24
2019,10,3,688,-19
2019,10,4,698,-9
2019,10,5,680,-27
2019,10,6,697,-10
2019,10,7,719,12
2019,10,8,712,5
2019,10,9,694,-13
2019,10,10,712,5
2019,10,11,727,20
2019,10,12,711,4
2019,10,13,707,0
2019,10,14,702,-5
2019,10,15,704,-3
2019,10,16,710,3
2019,10,17,700,-7
2019,10,18,699,-8
2019,10,19,703,-4
2019,10,20,693,-14
2019,10,21,699,-8
2019,10,22,711,4
2019,10,23,708,1
2019,10,24,727,20
2019,10,25,737,30
2019,10,26,744,37
2019,10,27,753,46
2019,10,28,745,38
2019,10,29,733,26
2019,10,30,726,19
2019,10,31,713,6
2019,11,1,711,4
2019,11,2,721,14
2019,11,3,703,-4
2019,11,4,699,-8
2019,11,5,703,-4
2019,11,6,710,3
2019,11,7,724,17
2019,11,8,717,10
2019,11,9,716,9
2019,11,10,735,28
2019,11,11,744,37
2019,11,12,743,36
2019,11,13,718,11
2019,11,14,710,3
2019,11,15,735,28
2019,11,16,718,11
2019,11,17,695,-12
2019,11,18,696,-11
2019,11,19,725,18
2019,11,20,746,39
2019,11,21,767,60
2019,11,22,774,67
2019,11,23,754,47
2019,11,24,754,47
2019,11,25,741,34
2019,11,26,717,10
2019,11,27,703,-4
2019,11,28,691,-16
2019,11,29,684,-23
2019,11,30,684,-23
2019,12,1,695,-12
2019,12,2,707,0
2019,12,3,699,-8
2019,12,4,718,11
2019,12,5,734,27
2019,12,6,741,34
2019,12,7,752,45
2019,12,8,726,19
2019,12,9,705,-2
2019,12,10,716,9
2019,12,11,724,17
2019,12,12,731,24
2019,12,13,731,24
2019,12,14,740,33
2019,12,15,741,34
2019,12,16,761,54
2019,12,17,771,64
2019,12,18,745,38
2019,12,19,742,35
2019,12,20,746,39
2019,12,21,736,29
2019,12,22,727,20
2019,12,23,725,18
2019,12,24,713,6
2019,12,25,708,1
2019,12,26,692,-15
2019,12,27,672,-35
2019,12,28,674,-33
2019,12,29,673,-34
2019,12,30,679,-28
2019,12,31,686,-21
2020,1,1,688,-19
2020,1,2,695,-12
2020,1,3,694,-13
2020,1,4,713,6
2020,1,5,734,27
2020,1,6,724,17
2020,1,7,703,-4
2020,1,8,693,-14
2020,1,9,692,-15
2020,1,10,709,2
2020,1,11,726,19
2020,1,12,742,35
2020,1,13,745,38
2020,1,14,726,19
2020,1,15,727,20
2020,1,16,711,4
2020,1,17,708,1
2020,1,18,694,-13
2020,1,19,653,-54
2020,1,20,622,-85
2020,1,21,613,-94
2020,1,22,606,-101
2020,1,23,609,-98
2020,1,24,624,-83
2020,1,25,632,-75
2020,1,26,655,-52
2020,1,27,651,-56
2020,1,28,625,-82
2020,1,29,630,-77
2020,1,30,648,-59
2020,1,31,644,-63
2020,2,1,628,-79
2020,2,2,624,-83
2020,2,3,623,-84
2020,2,4,647,-60
2020,2,5,663,-44
2020,2,6,647,-60
2020,2,7,650,-57
2020,2,8,673,-34
2020,2,9,684,-23
2020,2,10,664,-43
2020,2,11,662,-45
2020,2,12,666,-41
2020,2,13,679,-28
2020,2,14,672,-35
2020,2,15,682,-25
2020,2,16,686,-21
2020,2,17,651,-56
2020,2,18,634,-73
2020,2,19,643,-64
2020,2,20,640,-67
2020,2,21,609,-98
2020,2,22,597,-110
2020,2,23,614,-93
2020,2,24,610,-97
2020,2,25,619,-88
2020,2,26,644,-63
2020,2,27,639,-68
2020,2,28,636,-71
2020,2,29,640,-67
2020,3,1,634,-73
2020,3,2,636,-71
2020,3,3,641,-66
2020,3,4,635,-72
2020,3,5,633,-74
2020,3,6,646,-61
2020,3,7,663,-44
2020,3,8,657,-50
2020,3,9,648,-59
2020,3,10,654,-53
2020,3,11,662,-45
2020,3,12,635,-72
2020,3,13,631,-76
2020,3,14,663,-44
2020,3,15,659,-48
2020,3,16,645,-62
2020,3,17,638,-69
2020,3,18,641,-66
2020,3,19,657,-50
2020,3,20,664,-43
2020,3,21,675,-32
2020,3,22,692,-15
2020,3,23,697,-10
2020,3,24,713,6
2020,3,25,725,18
2020,3,26,729,22
2020,3,27,750,43
2020,3,28,752,45
2020,3,29,757,50
2020,3,30,775,68
2020,3,31,772,65
2020,4,1,771,64
2020,4,2,808,101
2020,4,3,809,102
2020,4,4,799,92
2020,4,5,792,85
2020,4,6,804,97
2020,4,7,803,96
2020,4,8,779,72
2020,4,9,767,60
2020,4,10,753,46
2020,4,11,748,41
2020,4,12,749,42
2020,4,13,749,42
2020,4,14,752,45
2020,4,15,761,54
2020,4,16,763,56
2020,4,17,766,59
2020,4,18,-32767,-33474
2020,4,19,-32767,-33474
2020,4,20,-32767,-33474
2020,4,21,-32767,-33474
2020,4,22,-32767,-33474
2020,4,23,-32767,-33474
2020,4,24,-32767,-33474
2020,4,25,-32767,-33474
2020,4,26,-32767,-33474
2020,4,27,-32767,-33474
2020,4,28,-32767,-33474
2020,4,29,-32767,-33474
2020,4,30,-32767,-33474
2020,5,1,-32767,-33474
2020,5,2,-32767,-33474
2020,5,3,-32767,-33474
2020,5,4,-32767,-33474
2020,5,5,-32767,-33474
2020,5,6,-32767,-33474
2020,5,7,-32767,-33474
2020,5,8,-32767,-33474
2020,5,9,-32767,-33474
2020,5,10,-32767,-33474
2020,5,11,-32767,-33474
2020,5,12,-32767,-33474
2020,5,13,849,142
2020,5,14,832,125
2020,5,15,831,124
2020,5,16,847,140
2020,5,17,833,126
2020,5,18,825,118
2020,5,19,831,124
2020,5,20,845,138
2020,5,21,844,137
2020,5,22,829,122
2020,5,23,809,102
2020,5,24,798,91
2020,5,25,796,89
2020,5,26,795,88
2020,5,27,789,82
2020,5,28,-32767,-33474
2020,5,29,811,104
2020,5,30,829,122
2020,5,31,835,128
2020,6,1,847,140
2020,6,2,846,139
2020,6,3,851,144
2020,6,4,828,121
2020,6,5,817,110
2020,6,6,816,109
2020,6,7,796,89
2020,6,8,-32767,-33474
2020,6,9,781,74
2020,6,10,775,68
2020,6,11,783,76
2020,6,12,793,86
2020,6,13,787,80
2020,6,14,770,63
2020,6,15,787,80
2020,6,16,801,94
2020,6,17,781,74
2020,6,18,770,63
2020,6,19,756,49
2020,6,20,739,32
2020,6,21,743,36
2020,6,22,733,26
2020,6,23,725,18
2020,6,24,725,18
2020,6,25,741,34
2020,6,26,768,61
2020,6,27,768,61
2020,6,28,768,61
2020,6,29,749,42
2020,6,30,754,47
2020,7,1,775,68
2020,7,2,757,50
2020,7,3,730,23
2020,7,4,730,23
2020,7,5,727,20
2020,7,6,720,13
2020,7,7,727,20
2020,7,8,-32767,-33474
2020,7,9,-32767,-33474
2020,7,10,-32767,-33474
2020,7,11,-32767,-33474
2020,7,12,-32767,-33474
2020,7,13,-32767,-33474
2020,7,14,-32767,-33474
2020,7,15,-32767,-33474
2020,7,16,-32767,-33474
2020,7,17,-32767,-33474
2020,7,18,-32767,-33474
2020,7,19,737,30
2020,7,20,756,49
2020,7,21,760,53
2020,7,22,754,47
2020,7,23,752,45
2020,7,24,770,63
2020,7,25,777,70
2020,7,26,780,73
2020,7,27,784,77
2020,7,28,782,75
2020,7,29,775,68
2020,7,30,772,65
2020,7,31,773,66
2020,8,1,753,46
2020,8,2,731,24
2020,8,3,730,23
2020,8,4,729,22
2020,8,5,743,36
2020,8,6,758,51
2020,8,7,753,46
2020,8,8,733,26
2020,8,9,750,43
2020,8,10,760,53
2020,8,11,739,32
2020,8,12,752,45
2020,8,13,779,72
2020,8,14,753,46
2020,8,15,732,25
2020,8,16,761,54
2020,8,17,771,64
2020,8,18,777,70
2020,8,19,780,73
2020,8,20,774,67
2020,8,21,782,75
2020,8,22,790,83
2020,8,23,804,97
2020,8,24,781,74
2020,8,25,753,46
2020,8,26,781,74
2020,8,27,784,77
2020,8,28,770,63
2020,8,29,770,63
2020,8,30,784,77
2020,8,31,792,85
2020,9,1,781,74
2020,9,2,777,70
2020,9,3,788,81
2020,9,4,785,78
2020,9,5,795,88
2020,9,6,781,74
2020,9,7,782,75
2020,9,8,769,62
2020,9,9,760,53
2020,9,10,771,64
2020,9,11,768,61
2020,9,12,755,48
2020,9,13,755,48
2020,9,14,754,47
2020,9,15,757,50
2020,9,16,772,65
2020,9,17,757,50
2020,9,18,744,37
2020,9,19,738,31
2020,9,20,753,46
2020,9,21,758,51
2020,9,22,737,30
2020,9,23,727,20
2020,9,24,735,28
2020,9,25,730,23
2020,9,26,729,22
2020,9,27,736,29
2020,9,28,747,40
2020,9,29,749,42
2020,9,30,759,52
2020,10,1,759,52
2020,10,2,749,42
2020,10,3,749,42
2020,10,4,768,61
2020,10,5,761,54
2020,10,6,730,23
2020,10,7,753,46
2020,10,8,779,72
2020,10,9,777,70
2020,10,10,761,54
2020,10,11,767,60
2020,10,12,799,92
2020,10,13,810,103
2020,10,14,796,89
2020,10,15,797,90
2020,10,16,813,106
2020,10,17,802,95
2020,10,18,782,75
2020,10,19,790,83
2020,10,20,787,80
2020,10,21,771,64
2020,10,22,765,58
2020,10,23,781,74
2020,10,24,798,91
2020,10,25,805,98
2020,10,26,809,102
2020,10,27,811,104
2020,10,28,815,108
2020,10,29,801,94
2020,10,30,793,86
2020,10,31,780,73
2020,11,1,779,72
2020,11,2,792,85
2020,11,3,768,61
2020,11,4,770,63
2020,11,5,773,66
2020,11,6,764,57
2020,11,7,749,42
2020,11,8,762,55
2020,11,9,793,86
2020,11,10,799,92
2020,11,11,796,89
2020,11,12,790,83
2020,11,13,784,77
2020,11,14,798,91
2020,11,15,800,93
2020,11,16,786,79
2020,11,17,791,84
2020,11,18,787,80
2020,11,19,772,65
2020,11,20,752,45
2020,11,21,751,44
2020,11,22,758,51
2020,11,23,779,72
2020,11,24,801,94
2020,11,25,799,92
2020,11,26,815,108
2020,11,27,819,112
2020,11,28,786,79
2020,11,29,773,66
2020,11,30,782,75
2020,12,1,791,84
2020,12,2,786,79
2020,12,3,771,64
2020,12,4,767,60
2020,12,5,776,69
2020,12,6,809,102
2020,12,7,818,111
2020,12,8,826,119
2020,12,9,846,139
2020,12,10,858,151
2020,12,11,846,139
2020,12,12,839,132
2020,12,13,835,128
2020,12,14,831,124
2020,12,15,836,129
2020,12,16,822,115
2020,12,17,-32767,-33474
2020,12,18,-32767,-33474
2020,12,19,843,136
2020,12,20,845,138
2020,12,21,845,138
2020,12,22,852,145
2020,12,23,855,148
2020,12,24,842,135
2020,12,25,838,131
2020,12,26,852,145
2020,12,27,845,138
2020,12,28,838,131
2020,12,29,860,153
2020,12,30,867,160
2020,12,31,854,147
2021,1,1,857,150
2021,1,2,877,170
2021,1,3,894,187
2021,1,4,903,196
2021,1,5,906,199
2021,1,6,922,215
2021,1,7,935,228
2021,1,8,913,206
2021,1,9,896,189
2021,1,10,912,205
2021,1,11,929,222
2021,1,12,913,206
2021,1,13,909,202
2021,1,14,913,206
2021,1,15,917,210
2021,1,16,927,220
2021,1,17,926,219
2021,1,18,919,212
2021,1,19,913,206
2021,1,20,895,188
2021,1,21,886,179
2021,1,22,890,183
2021,1,23,889,182
2021,1,24,877,170
2021,1,25,886,179
2021,1,26,909,202
2021,1,27,927,220
2021,1,28,911,204
2021,1,29,908,201
2021,1,30,936,229
2021,1,31,952,245
2021,2,1,959,252
2021,2,2,980,273
2021,2,3,961,254
2021,2,4,938,231
2021,2,5,945,238
2021,2,6,946,239
2021,2,7,931,224
2021,2,8,935,228
2021,2,9,931,224
2021,2,10,918,211
2021,2,11,913,206
2021,2,12,921,214
2021,2,13,939,232
2021,2,14,936,229
2021,2,15,928,221
2021,2,16,927,220
2021,2,17,923,216
2021,2,18,888,181
2021,2,19,875,168
2021,2,20,879,172
2021,2,21,893,186
2021,2,22,907,200
2021,2,23,906,199
2021,2,24,903,196
2021,2,25,902,195
2021,2,26,904,197
2021,2,27,898,191
2021,2,28,903,196
2021,3,1,931,224
2021,3,2,932,225
2021,3,3,912,205
2021,3,4,887,180
2021,3,5,902,195
2021,3,6,897,190
2021,3,7,875,168
2021,3,8,884,177
2021,3,9,904,197
2021,3,10,911,204
2021,3,11,907,200
2021,3,12,920,213
2021,3,13,932,225
2021,3,14,919,212
2021,3,15,915,208
2021,3,16,906,199
2021,3,17,913,206
2021,3,18,925,218
2021,3,19,922,215
2021,3,20,913,206
2021,3,21,900,193
2021,3,22,892,185
2021,3,23,901,194
2021,3,24,924,217
2021,3,25,-32767,-33474
2021,3,26,-32767,-33474
2021,3,27,-32767,-33474
2021,3,28,-32767,-33474
2021,3,29,-32767,-33474
2021,3,30,-32767,-33474
2021,3,31,963,256
2021,4,1,949,242
2021,4,2,919,212
2021,4,3,916,209
2021,4,4,937,230
2021,4,5,936,229
2021,4,6,918,211
2021,4,7,916,209
2021,4,8,931,224
2021,4,9,934,227
2021,4,10,944,237
2021,4,11,932,225
2021,4,12,915,208
2021,4,13,909,202
2021,4,14,916,209
2021,4,15,907,200
2021,4,16,900,193
2021,4,17,894,187
2021,4,18,891,184
2021,4,19,883,176
2021,4,20,882,175
2021,4,21,883,176
2021,4,22,898,191
2021,4,23,900,193
2021,4,24,888,181
2021,4,25,882,175
2021,4,26,889,182
2021,4,27,878,171
2021,4,28,865,158
2021,4,29,856,149
2021,4,30,838,131
2021,5,1,817,110
2021,5,2,808,101
2021,5,3,831,124
2021,5,4,852,145
2021,5,5,842,135
2021,5,6,836,129
2021,5,7,834,127
2021,5,8,852,145
2021,5,9,857,150
2021,5,10,849,142
2021,5,11,832,125
2021,5,12,820,113
2021,5,13,833,126
2021,5,14,830,123
2021,5,15,825,118
2021,5,16,820,113
2021,5,17,820,113
2021,5,18,825,118
2021,5,19,836,129
2021,5,20,854,147
2021,5,21,855,148
2021,5,22,868,161
2021,5,23,853,146
2021,5,24,814,107
2021,5,25,803,96
2021,5,26,804,97
2021,5,27,772,65
2021,5,28,759,52
2021,5,29,757,50
2021,5,30,745,38
2021,5,31,763,56
2021,6,1,778,71
2021,6,2,778,71
2021,6,3,769,62
2021,6,4,785,78
2021,6,5,803,96
2021,6,6,802,95
2021,6,7,799,92
2021,6,8,776,69
2021,6,9,761,54
2021,6,10,765,58
2021,6,11,766,59
2021,6,12,764,57
2021,6,13,772,65
2021,6,14,795,88
2021,6,15,797,90
2021,6,16,782,75
2021,6,17,816,109
2021,6,18,834,127
2021,6,19,820,113
2021,6,20,796,89
2021,6,21,790,83
2021,6,22,790,83
2021,6,23,773,66
2021,6,24,763,56
2021,6,25,743,36
2021,6,26,757,50
2021,6,27,766,59
2021,6,28,752,45
2021,6,29,757,50
2021,6,30,775,68
2021,7,1,778,71
2021,7,2,767,60
2021,7,3,760,53
2021,7,4,759,52
2021,7,5,763,56
2021,7,6,756,49
2021,7,7,744,37
2021,7,8,732,25
2021,7,9,718,11
2021,7,10,728,21
2021,7,11,738,31
2021,7,12,737,30
2021,7,13,739,32
2021,7,14,774,67
2021,7,15,776,69
2021,7,16,785,78
2021,7,17,799,92
2021,7,18,797,90
2021,7,19,792,85
2021,7,20,788,81
2021,7,21,770,63
2021,7,22,749,42
2021,7,23,764,57
2021,7,24,771,64
2021,7,25,768,61
2021,7,26,772,65
2021,7,27,780,73
2021,7,28,790,83
2021,7,29,797,90
2021,7,30,780,73
2021,7,31,755,48
2021,8,1,755,48
2021,8,2,756,49
2021,8,3,732,25
2021,8,4,734,27
2021,8,5,722,15
2021,8,6,718,11
2021,8,7,724,17
2021,8,8,713,6
2021,8,9,726,19
2021,8,10,741,34
2021,8,11,738,31
2021,8,12,736,29
2021,8,13,735,28
2021,8,14,748,41
2021,8,15,764,57
2021,8,16,740,33
2021,8,17,724,17
2021,8,18,740,33
2021,8,19,758,51
2021,8,20,750,43
2021,8,21,741,34
2021,8,22,763,56
2021,8,23,775,68
2021,8,24,769,62
2021,8,25,768,61
2021,8,26,763,56
2021,8,27,782,75
2021,8,28,773,66
2021,8,29,774,67
2021,8,30,788,81
2021,8,31,782,75
2021,9,1,765,58
2021,9,2,778,71
2021,9,3,780,73
2021,9,4,767,60
2021,9,5,778,71
2021,9,6,789,82
2021,9,7,787,80
2021,9,8,792,85
2021,9,9,784,77
2021,9,10,767,60
2021,9,11,777,70
2021,9,12,783,76
2021,9,13,772,65
2021,9,14,790,83
2021,9,15,777,70
2021,9,16,776,69
2021,9,17,780,73
2021,9,18,789,82
2021,9,19,784,77
2021,9,20,782,75
2021,9,21,807,100
2021,9,22,797,90
2021,9,23,765,58
2021,9,24,769,62
2021,9,25,-32767,-33474
2021,9,26,-32767,-33474
2021,9,27,-32767,-33474
2021,9,28,-32767,-33474
2021,9,29,-32767,-33474
2021,9,30,-32767,-33474
2021,10,1,758,51
2021,10,2,775,68
2021,10,3,797,90
2021,10,4,814,107
2021,10,5,809,102
2021,10,6,822,115
2021,10,7,827,120
2021,10,8,823,116
2021,10,9,810,103
2021,10,10,786,79
2021,10,11,775,68
2021,10,12,778,71
2021,10,13,790,83
2021,10,14,790,83
2021,10,15,801,94
2021,10,16,804,97
2021,10,17,819,112
2021,10,18,843,136
2021,10,19,838,131
2021,10,20,842,135
2021,10,21,833,126
2021,10,22,816,109
2021,10,23,827,120
2021,10,24,842,135
2021,10,25,-32767,-33474
2021,10,26,-32767,-33474
2021,10,27,-32767,-33474
2021,10,28,-32767,-33474
2021,10,29,-32767,-33474
2021,10,30,-32767,-33474
2021,10,31,-32767,-33474
2021,11,1,-32767,-33474
2021,11,2,-32767,-33474
2021,11,3,-32767,-33474
2021,11,4,-32767,-33474
2021,11,5,-32767,-33474
2021,11,6,-32767,-33474
2021,11,7,-32767,-33474
2021,11,8,-32767,-33474
2021,11,9,-32767,-33474
2021,11,10,-32767,-33474
2021,11,11,-32767,-33474
2021,11,12,-32767,-33474
2021,11,13,-32767,-33474
2021,11,14,-32767,-33474
2021,11,15,-32767,-33474
2021,11,16,-32767,-33474
2021,11,17,-32767,-33474
2021,11,18,-32767,-33474
2021,11,19,-32767,-33474
2021,11,20,-32767,-33474
2021,11,21,-32767,-33474
2021,11,22,-32767,-33474
2021,11,23,-32767,-33474
2021,11,24,-32767,-33474
2021,11,25,-32767,-33474
2021,11,26,-32767,-33474
2021,11,27,-32767,-33474
2021,11,28,-32767,-33474
2021,11,29,-32767,-33474
2021,11,30,-32767,-33474
2021,12,1,-32767,-33474
2021,12,2,-32767,-33474
2021,12,3,-32767,-33474
2021,12,4,-32767,-33474
2021,12,5,-32767,-33474
2021,12,6,-32767,-33474
2021,12,7,-32767,-33474
2021,12,8,-32767,-33474
2021,12,9,-32767,-33474
2021,12,10,-32767,-33474
2021,12,11,-32767,-33474
2021,12,12,-32767,-33474
2021,12,13,-32767,-33474
2021,12,14,-32767,-33474
2021,12,15,-32767,-33474
2021,12,16,-32767,-33474
2021,12,17,869,162
2021,12,18,879,172
2021,12,19,861,154
2021,12,20,852,145
2021,12,21,-32767,-33474
2021,12,22,-32767,-33474
2021,12,23,-32767,-33474
2021,12,24,-32767,-33474
2021,12,25,-32767,-33474
2021,12,26,-32767,-33474
2021,12,27,-32767,-33474
2021,12,28,-32767,-33474
2021,12,29,-32767,-33474
2021,12,30,878,171
2021,12,31,894,187
