,index,Name,Mass,Amp 44,Area 44,sample,age1,age2,age_end,path_name,path_num,age_lin,age_v1,age_v2,age_final,d13c,d18o,path_ma,d18o_pdb,age_ws,age_ws2,d13c_ma,d18o_ma,d18o_pdb_ma,d13c_ma2,d18o_ma2,d18o_pdb_ma2,d13c_ma3,d18o_ma3,d18o_pdb_ma3,d13c_std,d18o_std,d18o_pdb_std,d13c_no_tectonic,d18o_no_tectonic,d18o_pdb_no_tectonic,d13c_notec_ma,d18o_notec_ma,d18o_pdb_notec_ma,d13c_no_tectonic2,d18o_no_tectonic2,d18o_pdb_no_tectonic2,age_dt,d13c_suess,d13c_suess_ma,d13c_suess_ma2,d13c_suess_ma3,d13c_suess_std,d13c_suess_no_tectonic,d13c_suess_no_tectonic2,d13c_suess_notec_ma,d13c_sg_trend,d13c_no_tec_sg,d13c_suess_sg_trend,d13c_suess_no_tec_sg,d18o_sg_trend,d18o_no_tec_sg,d18o_pdb_sg_trend,d18o_pdb_no_tec_sg,age_final_month,SST,SSS,synthetic_d18o,Sea Level,ENSO
0,0,12 SPL A Path O 1A,0.213,9003.0,110.273,O 1A,,0.1,,O,1,0.433333333333333,1927.1490000000001,1936.916006,1936.986457,-1.1839182011044471,25.848182981754395,,-4.907004025868417,,,,,,,,,,,,,,,,,,,,,,,,1936-12-27 01:02:17.836799148,-0.8889452871044472,,,,,,,,-1.1429211618184896,-0.04099703928595755,-0.9381410988496542,0.04919581174520704,25.705267459746082,0.14291552200831248,-5.131778260657544,0.22477423478912684,12,,,,,
1,1,12 SPL A Path O 2A,0.225,15317.0,178.989,O 2A,,,,O,2,0.533333333333333,1927.249,1937.022178,1937.090823,-1.107188800821934,25.659577248793884,-1.0309761336736565,-5.089953472897445,1937.089618,,-1.0309761336736565,25.696800077692483,-5.053846956637513,,,,,,,,,,,,,,,,,,,1937-02-03 03:36:34.128000010,-0.8112805708219339,-0.7350438390069901,,,,,,,-1.108404557268036,0.0012157564461021675,-0.864718702505783,0.05343813168384903,25.703716556745054,-0.044139307951169826,-5.10931164657994,0.019358173682494595,2,,,,,
2,2,12 SPL A Path O 3A,0.208,14281.0,180.81,O 3A,,,,O,3,0.633333333333333,1927.3490000000002,1937.128349,1937.191574,-0.8018213990945885,25.58264000252917,-1.0319036592227724,-5.164583371146676,1937.1801336666667,,-1.0319036592227724,25.62715993097674,-5.121398595353252,,,,,,,,,,,,,,,,,,,1937-03-11 22:11:17.663998296,-0.5049056590945891,-0.7351023225561057,,,,,,,-1.0778400470880316,0.2760186479934431,-0.8314777214145885,0.32657206231999947,25.703711009342953,-0.12107100681378213,-5.0889381244555,-0.07564524669117656,3,,,,,
3,3,12 SPL A Path O 4A,0.251,12052.0,146.341,O 4A,,,,O,4,0.733333333333333,1927.449,1937.23452,1937.258004,-1.1867007777517944,25.639262541607163,-1.0775348944902012,-5.109658942015635,1937.282692,,-1.0775348944902012,25.663801278470782,-5.085856121870556,,,,,,,,,,,,,,,,,,,1937-04-05 04:06:54.144000886,-0.8891207377517941,-0.7797079744902015,,,,,,,-1.0600572872838638,-0.12664349046793055,-0.8004676945408384,-0.08865304321095568,25.704191339034022,-0.06492879742685886,-5.076867494467987,-0.03279144754764829,4,,,,,
4,4,12 SPL A Path O 5A,0.249,16673.0,212.049,O 5A,,,,O,5,0.833333333333333,1927.549,1937.340692,1937.398498,-1.2440825066242212,25.76950129127601,-1.1512268609775216,-4.983326052449357,1937.4045193333334,,-1.1512268609775216,25.72248613650034,-5.028931222733303,,,,,,,,,,,,,,,,,,,1937-05-26 10:50:32.928000560,-0.945097526624221,-0.8521816676441878,,,,,,,-1.0414946726320808,-0.2025878339921403,-0.7716267290072455,-0.17347079761697548,25.705137001588927,0.06436428968708441,-5.063980791157811,0.08065473870845441,5,,,,,
5,5,12 SPL A Path O 6A,0.245,21957.0,270.774,O 6A,,,,O,6,0.933333333333333,1927.6490000000001,1937.446863,1937.557056,-1.0228972985565492,25.758694576617852,-1.0847359976747588,-4.993808673734918,1937.540798,,-1.0847359976747588,25.760319112219694,-4.992232857955774,,,,,,,,,,,,,,,,,,,1937-07-23 07:48:38.016003229,-0.7223267385565482,-0.784328017674758,,,,,,,-1.022041347620972,-0.000855950935577221,-0.7202044104513815,-0.00212232810516666,25.70834214837293,0.05035242824492059,-5.0501596357607275,0.05635096202580936,7,,,,,
6,6,12 SPL A Path O 7A,0.233,18377.0,227.759,O 7A,,,,O,7,1.03333333333333,1927.749,1937.553034,1937.66684,-0.9872281878435057,25.752761468765218,-1.0388454409207255,-4.999563847683049,1937.6668403333333,,-1.0388454409207255,25.77250990834135,-4.980407663809808,,,,,,,,,,,,,,,,,,,1937-09-01 09:31:06.240002930,-0.6855597878435048,-0.7371770375873917,,,,,,,-1.0002870550989675,0.013058867255461792,-0.6767156227286981,-0.008844165114806679,25.713162095860323,0.03959937290489535,-5.0342617643695915,0.03469791668654221,9,,,,,
7,7,12 SPL A Path O 8A,0.246,17131.0,215.102,O 8A,,,,O,8,1.13333333333333,1927.8490000000002,1937.659206,1937.776625,-1.106410836362122,25.806073679640978,-1.0702348930433334,-4.947850470011456,1937.7826459999999,,-1.0702348930433334,25.742278191059455,-5.009732731890416,,,,,,,,,,,,,,,,,,,1937-10-11 11:14:05.999998968,-0.8036445863621222,-0.7674084330433332,,,,,,,-0.9810142545163574,-0.12539658184576452,-0.6577915707365809,-0.14585301562554132,25.716126259294462,0.08994742034651537,-5.019584054940244,0.07173358492878812,10,,,,,
8,8,12 SPL A Path O 9A,0.213,14001.0,171.0,O 9A,,,,O,9,1.23333333333333,1927.949,1937.765377,1937.904473,-1.1170656549243732,25.667999424772173,-1.030703880746015,-5.0817838779767435,1937.898284,,-1.030703880746015,25.716024094884133,-5.035199467721443,,,,,,,,,,,,,,,,,,,1937-11-27 03:11:00.528001662,-0.8130209249243726,-0.7267210407460146,,,,,,,-0.9693017917863054,-0.14776386313806777,-0.6406652228208969,-0.17235570210347573,25.719432490216455,-0.05143306544428228,-5.010377486937826,-0.07140639103891733,11,,,,,
9,9,12 SPL A Path O 10A,0.248,14981.0,191.732,O 10A,1.0,1.0,,O,10,1.33333333333333,1928.049,1937.871548,1938.013754,-0.8686351509515498,25.673999180239246,-1.0443789582103165,-5.075964055176129,1938.006639,,-1.0443789582103165,25.634957236396293,-5.113835131123229,,,,,,,,,,,,,,,,,,,1938-01-06 00:29:06.144001976,-0.5634976109515492,-0.7393125682103161,,,,,,,-0.9524362894707369,0.08380113851918713,-0.6115580677096794,0.0480604567581302,25.72698897760669,-0.052989797367445135,-4.996524466856656,-0.07943958831947295,1,,,,,
10,10,12 SPL A Path O 11A,0.238,16921.0,204.087,O 11A,,,,O,11,1.41666666666666,1928.1323333333335,1937.955368,1938.10169,-1.1474360687550262,25.562873104177466,-0.990940902490493,-5.183757460216814,1938.1119260000003,,-0.990940902490493,25.59874030197499,-5.148965919681241,,,,,,,,,,,,,,,,,,,1938-02-07 02:48:15.839998811,-0.8414191687550266,-0.6848216424904927,,,,,,,-0.9410206626364195,-0.20641540611860676,-0.5994534747595711,-0.24196569399545553,25.73119814561627,-0.168325041438802,-4.9866751229177275,-0.19708233729908642,2,,,,,
11,11,12 SPL A Path O 12A,0.2,15359.0,194.735,O 12A,,,,O,12,1.5,1928.2156666666667,1938.039187,1938.220334,-0.956751487764903,25.559348621508253,-0.9791176068358517,-5.187176243650779,1938.203741,,-0.9791176068358517,25.586101758031855,-5.161225433691521,,,,,,,,,,,,,,,,,,,1938-03-22 10:07:33.024002949,-0.6495481477649021,-0.6720801968358513,,,,,,,-0.9333176977732222,-0.023433789991680887,-0.588899014376747,-0.06064913338815514,25.73566720419638,-0.1763185826881255,-4.979704388242705,-0.2074718554080741,3,,,,,
12,12,21 SPL A Path O 13A,0.23,14146.0,171.922,O 13A,,,,O,13,1.58333333333333,1928.299,1938.123007,1938.289199,-0.8331652639876257,25.63608354840984,-0.8783992135179496,-5.112742597206971,1938.2910056666667,,-0.8783992135179496,25.619118463496324,-5.129198899223925,,,,,,,,,,,,,,,,,,,1938-04-16 13:22:59.664001681,-0.5252732739876251,-0.5704891568512828,,,,,,,-0.9269438562693121,0.09377859228168639,-0.5798327936839194,0.054559519696294245,25.740375609117695,-0.10429206070785568,-4.973678957754739,-0.13906363945223177,4,,,,,
13,13,22 SPL A Path O 14A,0.212,19518.0,247.169,O 14A,,,,O,14,1.66666666666666,1928.3823333333335,1938.206826,1938.363484,-0.8452808888013204,25.661923220570895,-0.9133657939601839,-5.087677856814025,1938.3596793333334,,-0.9133657939601839,25.701974679750137,-5.04882754089557,,,,,,,,,,,,,,,,,,,1938-05-13 16:07:11.423999093,-0.5366460488013207,-0.6047690006268502,,,,,,,-0.9189877387162967,0.07370684991497634,-0.5721929198038012,0.03554687100248044,25.745302816150883,-0.08337959557998786,-4.965803605195285,-0.1218742516187401,5,,,,,
14,14,23 SPL A Path O 15A,0.201,13351.0,167.663,O 15A,,,,O,15,1.75,1928.4656666666667,1938.290646,1938.426355,-1.0616512290916056,25.807917270269673,-0.9433070329886887,-4.946062168665716,1938.426279666667,,-0.9433070329886887,25.783647247439745,-4.969604333510973,,,,,,,,,,,,,,,,,,,1938-06-05 14:52:11.280001821,-0.7523876790916051,-0.6340442363220219,,,,,,,-0.9129848519316303,-0.14866637715997533,-0.5680042876015449,-0.18438339149006022,25.748723891965213,0.059193378304460254,-4.9595102778813915,0.013448109215675963,6,,,,,
15,15,24 SPL A Path O 16A,0.253,22622.0,279.787,O 16A,,,,O,16,1.83333333333333,1928.549,1938.374465,1938.489,-0.92298898107314,25.881101251478665,-0.9879339923352232,-4.875072975053179,1938.4847849999999,,-0.9879339923352232,25.893572359625736,-4.862975875439441,,,,,,,,,,,,,,,,,,,1938-06-28 11:38:24.000001032,-0.6130989810731396,-0.678086142335223,,,,,,,-0.9077971124250394,-0.015191868648100626,-0.5640021336016194,-0.04909684747152021,25.75247087457672,0.12863037690194545,-4.953646358240041,0.07857338318686224,6,,,,,
16,16,25 SPL A Path O 17A,0.204,20546.0,256.603,O 17A,,,,O,17,1.91666666666666,1928.6323333333335,1938.458285,1938.539,-0.979161766840924,25.991698557128867,-0.8698993360397239,-4.767792482599429,1938.572142,,-0.8698993360397239,25.855908943278404,-4.899509765930515,,,,,,,,,,,,,,,,,,,1938-07-16 17:38:23.999999598,-0.6687717668409241,-0.5591779160397241,,,,,,,-0.9055496467558712,-0.0736121200850528,-0.5609446409725436,-0.1078271258683805,25.75573145963555,0.23596709749331524,-4.950935411885475,0.18314292928604647,7,,,,,
17,17,26 SPL A Path O 18A,0.224,20318.0,250.738,O 18A,,,1.0,O,18,2.0,1928.7156666666667,1938.542104,1938.688426,-0.707547260205108,25.69492702122768,-0.7446697891839552,-5.055663840138937,1938.6722173333335,,-0.7446697891839552,25.82337151257067,-4.931071399091324,,,,,,,,,,,,,,,,,,,1938-09-09 06:36:42.335997976,-0.3956630002051087,-0.4329476158506218,,,,,,,-0.8999783108625965,0.19243105065748844,-0.5546590348646758,0.15899603465956713,25.766788780815748,-0.07186175958806729,-4.943710018554091,-0.11195382158484612,9,,,,,
18,18,27 SPL A Path O 19A,0.24,12821.0,162.798,O 19A,,,,O,19,2.16666666666666,1928.8823333333335,1938.709743,1938.789226,-0.5473003405058336,25.783488959355463,-0.7381286513983977,-4.969757874535606,1938.793264,1938.7597541666667,-0.5835151291175978,25.749555529059496,-5.002673641256993,-0.9531429817119285,25.794393955906386,-4.959179918831249,,,,0.2194836675297159,0.16116910834353307,0.1563356467843102,0.4058426412060948,-0.010904996550923585,-0.010577955704357045,,,,,,,1938-10-16 01:37:11.136003114,-0.23440808050583267,-0.27058248911759797,-0.6412172780174838,,0.2212874872600539,0.4068091975116512,,,-0.895767501757608,0.34846716125177435,-0.5532225018887948,0.3188144213829622,25.77250183496834,0.010987124387121128,-4.93741958614744,-0.03233828838816599,10,,,,,
20,20,12 SPL A Path N 1A,0.242,12921.0,155.538,N 1A,,2.1,,N,1,2.43333333333333,1929.1490000000001,1938.927674,1938.90214,-0.4956977866418517,25.770250606595358,,-4.982599209096435,1938.9002060000003,1938.8658933055553,-0.6675121602106456,25.69137542869808,-5.059108920408575,-0.9474383950081899,25.79518957019873,-4.958408165011534,,,,0.21595467507177069,0.1615125556795117,0.15666879413468285,0.4517406083663382,-0.02493896360337189,-0.024191044084901137,0.2785413202235241,-0.10611336893092727,-0.10293102899668582,,,,1938-11-26 06:44:47.039997399,-0.18167638664185254,-0.35351318421064537,-0.6347063833693007,,0.21720088757903858,0.4530299967274482,,0.27981694491796855,-0.8933901101072644,0.3976923234654127,-0.5528409584618992,0.37116457182004664,25.778310425856823,-0.008059819261465151,-4.933336610874951,-0.0492625982214836,11,,,,,
19,19,28 SPL A Path O 20A,0.234,11872.0,145.224,O 20A,1.0,2.0,,O,20,2.33333333333333,1929.049,1938.877382,1939.009252,-0.9595383534842514,25.520386720143417,,-5.224969677593684,1939.005878,1938.971930611111,-0.7435922112094852,25.651792775484328,-5.097504489852444,-0.9375790645823907,25.802882866781903,-4.950945590392885,,,,0.21655434896018486,0.1614645527443543,0.156622230807551,-0.02195928890186072,-0.2824961466384863,-0.2740240872007993,0.1942506581001265,-0.15067530080249725,-0.14615654853142926,,,,1939-01-04 09:02:51.072001906,-0.6444550854842509,-0.4285719292094851,-0.6240667259990572,,0.217685041582653,-0.020388359485193686,,0.1957635588779042,-0.8904172537088291,-0.06912109977542236,-0.5549952687459154,-0.08945981673833547,25.790132040924135,-0.2697453207807179,-4.926776213661378,-0.2981934639323063,1,,,,,
21,21,12 SPL A Path N 2A,0.278,13808.0,166.184,N 2A,,,,N,2,2.52777777777777,1929.2434444444445,1939.031051,1939.106242,-0.7755404935023524,25.664740999714216,-0.708410499311834,-5.084944582867212,1939.1246019999999,1939.0795936944446,-0.8630240215926338,25.63586231163197,-5.112957199093871,-0.9285111483382544,25.80933179187985,-4.944690068558625,,,,0.22888509171189322,0.1569909917193689,0.1522828318777052,0.152970654835902,-0.14459079216563353,-0.14025451430858737,0.06728207785227773,-0.17278047971308297,-0.16759879312648795,,,,1939-02-08 18:40:47.712002071,-0.45958431550235185,-0.5469026035926338,-0.6142333548938099,,0.23082086448991007,0.15464903939145808,,0.06912126265783337,-0.8889583857373534,0.11341789223500098,-0.5574073367022524,0.09782302119990055,25.796103976644307,-0.1313629769300917,-4.921747699147168,-0.16319688372004482,2,,,,,
22,22,12 SPL A Path N 3A,0.332,16325.0,198.031,N 3A,,,,N,3,2.62222222222222,1929.337888888889,1939.134429,1939.258312,-0.8539932177912977,25.72245921503828,-0.9072224938527883,-5.028957336820717,1939.2356056666667,1939.1899503611114,-0.9072224938527883,25.777140832638434,-4.975915620932391,-0.9248280854140896,25.81371371537341,-4.94043955895064,,,,0.22565577195144687,0.15428665244858253,0.14965959574164983,0.0708348676227919,-0.09125450033512905,-0.0885177778700772,0.019427902898524845,-0.03666420129383141,-0.0355646418970282,,,,1939-04-05 06:48:47.231997875,-0.5366684097912983,-0.5901020428527882,-0.609771517858534,,0.2268741233250648,0.07310310806723574,,0.021491690657784057,-0.8884208774562968,0.034427659664999166,-0.5645918338571482,0.02792342406584991,25.80806738331102,-0.08560816827273854,-4.917492319463779,-0.11146501735693803,4,,,,,
23,23,12 SPL A Path N 4A,0.258,13584.0,158.465,N 4A,,,,N,4,2.71666666666666,1929.4323333333334,1939.237806,1939.342263,-1.0921337702647147,25.944222283162805,-0.8696506647375836,-4.813844943109245,1939.3469563333335,1939.3020205833334,-0.8696506647375836,25.93807398098561,-4.819808857704147,-0.9266119565015953,25.818369594543537,-4.935923309596825,,,,0.22848773991671534,0.15543903171171852,0.15077741515068452,-0.16552181376311936,0.12585268861926835,0.12207836648757997,0.05808346938506318,0.11909861469568739,0.1155268472409648,,,,1939-05-05 22:13:25.968000084,-0.7740534032647146,-0.5515280577375837,-0.610776327779373,,0.22847613974720085,-0.16327707548534165,,0.060380165440618506,-0.8886976322059945,-0.20343613805872018,-0.5692404773011321,-0.20481292596358247,25.8140177657989,0.1302045173639037,-4.913509753146212,0.09966481003696703,5,,,,,
24,24,12 SPL A Path N 5A,0.268,13880.0,169.092,N 5A,,,,N,5,2.81111111111111,1929.5267777777779,1939.341183,1939.440294,-0.662825006156738,26.147540444755744,-0.770473804908753,-4.616624293182479,1939.4313583333333,1939.4118136388888,-0.770473804908753,26.0777310256546,-4.684340127804781,-0.931762360452255,25.82484278895282,-4.929644246287871,,,,0.2327697607475137,0.15771849557380646,0.15298851789154866,0.268937354295517,0.32269765580292287,0.31301995310539166,0.15771475468910048,0.25402649064951177,0.24640823619493415,,,,1939-06-10 16:58:31.583999824,-0.34386236015673805,-0.45159157990875287,-0.6151768238966995,,0.2321815411148434,0.27131446373996143,,0.160016551596508,-0.8900434040374874,0.22721839788074938,-0.5745108601530905,0.23064849999635245,25.81991987541736,0.3276205693383858,-4.909447610650275,0.29282331746779633,6,,,,,
25,25,12 SPL A Path N 6A,0.228,12373.0,144.376,N 6A,,,,N,6,2.90555555555555,1929.6212222222223,1939.444561,1939.511518,-0.5564626383048062,26.141430349045248,-0.7762042560306327,-4.622551147122618,1939.5044433333333,1939.5207243055556,-0.7762042560306327,26.07090121154604,-4.690965115788226,-0.9261913618397101,25.827901221518903,-4.926677536114449,,,,0.2338020555886567,0.1573478916471005,0.1526290283766048,0.3697287235349038,0.3135291275263441,0.30412638899183086,0.1463520733564511,0.2425363464315898,0.23526268140210682,,,,1939-07-06 16:53:51.648000747,-0.236858976304806,-0.45666426603063276,-0.6088712428397102,,0.23329524093189505,0.37201226653490416,,0.1485766819768215,-0.8915795670803184,0.33511692877551214,-0.5788263350611192,0.34196735875631323,25.824237617627453,0.31719273141779425,-4.906824789658786,0.28427364253616805,7,,,,,
26,26,12 SPL A Path N 7A,0.252,13033.0,158.695,N 7A,,,2.0,N,7,3.0,1929.7156666666667,1939.547938,1939.561518,-1.109325123630354,25.923732840837122,-0.8171377287915282,-4.8337199070595815,1939.5775776666667,1939.6289115277775,-0.8171377287915282,26.014403643849885,-4.745768321429169,-0.9097152658692865,25.83235058487162,-4.9223616091686795,,,,0.24151132895968094,0.15896936205059012,0.15420187088269394,-0.19960985776106754,0.09138225596550242,0.08864170210909794,0.09630868604703624,0.18140277799474447,0.1759625086826846,,,,1939-07-24 22:53:51.647999313,-0.7892714616303542,-0.496939529791528,-0.5916747772859532,,0.2412100984904099,-0.19759668434440103,,0.098470990602592,-0.892990556950082,-0.21633456668027207,-0.5816254365096638,-0.20764602512069041,25.826918937100565,0.09681390373655674,-4.905183475168845,0.07146356810926324,7,,,,,
27,27,12 SPL A Path N 8A,0.232,12366.0,145.037,N 8A,,,,N,8,3.11111111111111,1929.8267777777778,1939.659697,1939.659697,-0.7856254244394243,25.978047741667293,-0.9300083689207899,-4.781033910105307,1939.6526806666668,1939.7366518333333,-0.9300083689207899,25.935114122746068,-4.822679949795088,-0.9044326168066967,25.838750791174906,-4.916153345052432,,,,0.23891220374272437,0.15678661604421984,0.152084585429055,0.11880719236727244,0.13929695049238688,0.13511943494712497,-0.020084565002823185,0.09749337370656146,0.09456954742910284,,,,1939-08-29 18:56:44.592001610,-0.4646881514394238,-0.6091342429207899,-0.5856855410566967,,0.23821528737386805,0.12099738961727285,,-0.01795463984541588,-0.8963133263924771,0.11068790195305278,-0.5866692725717807,0.12198112113235687,25.831497099128686,0.14655064253860672,-4.902302688231315,0.12126877812600778,8,,,,,
28,28,12 SPL A Path N 9A,0.24,12380.0,150.652,N 9A,,,,N,9,3.22222222222222,1929.937888888889,1939.771457,1939.736827,-0.8950745586925912,25.903561785733782,-0.7872197832801859,-4.853286032220375,1939.7355763333333,1939.8444609999997,-0.7872197832801859,25.926390312853147,-4.831142132629316,-0.9156235290779168,25.841760871071987,-4.91323353745146,,,,0.24650243677789785,0.15455761007689608,0.14992242735069142,0.02054897038532555,0.06180091466179505,0.05994750523108561,0.12395573133263116,0.08385577787458232,0.08134094309612354,,,,1939-09-26 22:36:16.271998372,-0.5734431156925917,-0.46559959628018605,-0.5961784908834722,,0.24542057269725934,0.022735375190880536,,0.12613281355485334,-0.8995055647902774,0.004431006097686208,-0.5934335163839382,0.0199904006913465,25.83713112476289,0.0664306609708909,-4.900410181451175,0.04712414923080033,9,,,,,
29,29,12 SPL A Path N 10A,0.244,13251.0,156.489,N 10A,1.0,3.0,,N,10,3.33333333333333,1930.049,1939.883216,1939.810205,-0.6809593667085425,25.897561411158375,-0.8656484615013692,-4.859106455562266,1939.8114443333334,1939.9524884166667,-0.8656484615013692,25.857809052052854,-4.897666641418213,-0.913470397953838,25.84709194268881,-4.908062344672426,,,,0.24475207761653006,0.14782654321067723,0.14339322517979083,0.23251103124529549,0.050469468469565015,0.04895588911016002,0.052374394798755164,0.011230223619493293,0.010893429213142921,,,,1939-10-23 17:23:44.879999883,-0.35866752170854255,-0.5433454625013693,-0.5933331975649492,,0.24307872372406347,0.23466567585640663,,0.054536127141347555,-0.9029363555311536,0.22197698882261108,-0.6005719280949207,0.2419044063863781,25.84263470061035,0.054926710548024005,-4.89887219852429,0.0397657429620244,10,,,,,
30,30,12 SPL A Path N 11A,0.246,12704.0,154.338,N 11A,,,,N,11,3.44444444444444,1930.160111111111,1939.994975,1939.887301,-1.0209114591029735,25.7723039592664,-1.00379802781246,-4.980607436471999,1939.8908926666666,1940.0628969722222,-1.00379802781246,25.769446638040005,-4.983379066634812,-0.924974641868618,25.85088367153928,-4.904384329770182,,,,0.25630524553877826,0.14186554070782534,0.13761099314199982,-0.09593681723435554,-0.07857971227288019,-0.07622310670181687,-0.07835788660835852,-0.08138090590285903,-0.07894029253483363,,,,1939-11-20 20:45:24.335999351,-0.6979257501029736,-0.6807799938124602,-0.6041330804797291,,0.2540376683125063,-0.0937926696232445,,-0.07618604434909948,-0.9068978194601258,-0.11401363964284772,-0.608022614827441,-0.08990313527553262,25.847987282441736,-0.07568332317533688,-4.897504928818195,-0.08310250765380367,11,,,,,
31,31,12 SPL A Path N 12A,0.288,15014.0,180.33,N 12A,,,,N,12,3.55555555555555,1930.2712222222224,1940.106735,1939.975172,-1.3095232576258642,25.63847454369525,-1.200844305770296,-5.110423307870171,1939.992457,1940.1755201388887,-1.200844305770296,25.786578483011443,-4.96676100569407,-0.9378753837898487,25.85450701760051,-4.900869647857327,,,,0.26314887289809474,0.13783104944208444,0.13369749626931882,-0.3716478738360155,-0.21603247390526192,-0.20955366001284403,-0.26411491129540776,-0.06914604957690074,-0.06707235955008972,,,,1939-12-22 22:30:24.191997778,-0.9857467096258647,-0.8772568867702962,-0.6163155703454042,,0.2605795307104945,-0.36943113928046056,,-0.2620862262398524,-0.9118061597361864,-0.3977170978896778,-0.6157236837042495,-0.3700230259216153,25.853168326029323,-0.21469378233407355,-4.8962357204539995,-0.2141875874161716,12,,,,,
32,32,12 SPL A Path N 13A,0.246,12339.0,147.025,N 13A,,,,N,13,3.66666666666666,1930.3823333333335,1940.218494,1940.114898,-1.2720982005820503,25.94895694607268,-1.2995586582032046,-4.809252272740039,1940.1155333333336,1940.288254361111,-1.2995586582032046,25.85363670996033,-4.90171385497138,-0.947338157766198,25.86178290862524,-4.893811960804431,,,,0.2658353746671171,0.13424112766156066,0.1302152362429936,-0.32476004281585225,0.0871740374474399,0.08455968806439174,-0.35695361583702123,-0.007433616414796044,-0.007210682258516954,,,,1940-02-12 01:15:50.515201241,-0.9480982005820502,-0.9756331422032046,-0.625063330766198,,0.2631023502961625,-0.32303486981585217,,-0.35530420129998436,-0.9193275624620113,-0.35277063812003895,-0.6148947684375405,-0.33320343214450965,25.86799088302482,0.08096606304786036,-4.894925988926722,0.08567371618668229,2,,,,,
33,33,12 SPL A Path N 14A,0.24,12350.0,151.258,N 14A,,,,N,14,3.77777777777777,1930.4934444444445,1940.330253,1940.25653,-1.3170545164016993,25.97347864011306,-1.2436684638437534,-4.785465984303929,1940.2711470000002,1940.4019031111113,-1.2436684638437534,25.942546423444657,-4.815470543794448,-0.9426015855425034,25.866921052899627,-4.888827909476831,,,,0.26525886650204955,0.1356530319409706,0.13158479751306434,-0.37445293085919595,0.10655758721343389,0.10336192517290144,-0.2997317180031683,0.0756519570915195,0.07338315489834428,,,,1940-04-03 21:21:34.272003530,-0.9930545164016993,-0.9196684638437533,-0.619607921598059,,0.26242209455882126,-0.3734465948036403,,-0.2987248613365015,-0.923870925105218,-0.3931835912964814,-0.6113435628503159,-0.3817109535513834,25.87184580482412,0.1016328352889424,-4.89439763439725,0.10893165009332062,4,,,,,
34,34,12 SPL A Path N 15A,0.256,13456.0,157.97,N 15A,,,,N,15,3.88888888888888,1930.6045555555556,1940.442013,1940.442013,-1.1418526745475104,25.90520368414823,-1.072068861213679,-4.851693374339376,1940.428231,1940.515791666667,-1.072068861213679,25.962152871873645,-4.796452092753843,-0.9418704942130538,25.871979437534545,-4.883921225797116,,,,0.2653507200293913,0.13953652873115394,0.13535182823451025,-0.19998218033445658,0.03322424661368473,0.032227851457739654,-0.13304325665176142,0.09578696724448695,0.09291431609682377,,,,1940-06-10 18:38:31.891202787,-0.8178526745475103,-0.748068861213679,-0.6181595551574983,,0.2626028724743306,-0.199693119390012,,-0.13275534518879833,-0.9300449259089579,-0.21180774863855245,-0.6268821343450975,-0.19097054020241278,25.870527911673157,0.034675772475072364,-4.893949292923405,0.04225591858402833,6,,,,,
35,35,12 SPL A Path N 16A,0.25,12571.0,153.874,N 16A,,,3.0,N,16,4.0,1930.7156666666667,1940.553772,1940.58615,-0.7572993926918274,26.00777629135965,-0.959235049003066,-4.752196919618225,1940.6118763333334,1940.6304585000003,-0.959235049003066,25.929935023928863,-4.827703727438763,-0.9326047339301957,25.86019722345331,-4.895350091278055,,,,0.2697979822746749,0.1468545794711578,0.14245041063282096,0.17530534123836827,0.14757906790634223,0.14315317165983021,-0.024257616958291355,0.0635679063454037,0.061661504834103965,,,,1940-08-02 12:44:29.760002807,-0.43329939269182743,-0.635235049003066,-0.6081730713190847,,0.2674150058070198,0.17487367862725728,,-0.024681646865698754,-0.9349110819334353,0.17761168924160786,-0.6428710614267953,0.20957166873496785,25.870955298078265,0.1368209932813862,-4.893738080662306,0.14154116104408132,8,,,,,
36,36,12 SPL A Path N 17A,0.294,15624.0,183.688,N 17A,,,,N,17,4.11111111111111,1930.8267777777778,1940.665531,1940.807466,-0.9785530797698602,25.87682509627871,-0.829368459318284,-4.879220888358688,1940.7672606666667,1940.74330075,-0.829368459318284,25.940379104475557,-4.81757286486766,-0.9304570679910744,25.866924691762527,-4.88882437974343,-0.9458938429274227,25.83587196424405,-4.918945835963627,0.27193991352041913,0.1445972026077634,0.14026073250156,-0.04809601177878575,0.009900404516184125,0.009603491384742036,0.10321291261802938,0.07629560898559973,0.07400750367212083,-0.032659236842437434,0.04095313203466233,0.039724947604939054,1940-10-22 12:46:52.838399265,-0.6545530797698602,-0.505368459318284,-0.6053275799355187,-0.6212477491357561,0.2702706348828008,-0.049225499834341546,-0.033305330634104124,0.10208551715506642,-0.939990042670726,-0.03856303709913422,-0.6641850453817267,0.009631965611866522,25.873092961674825,0.00373213460388655,-4.893656144178727,0.014435255820038684,10,,,,,
37,37,12 SPL A Path N 18A,0.234,12479.0,152.568,N 18A,,,,N,18,4.22222222222222,1930.937888888889,1940.777291,1940.908166,-0.7522529054931643,25.936535925788323,-0.7353941331895699,-4.821300786626068,1940.9276923333334,1940.856058277778,-0.7353941331895699,25.876054109374092,-4.879968753366037,-0.9346823138876699,25.86512857125405,-4.8905666345978585,-0.9478691244521846,25.83605538436835,-4.918767916608855,0.2669525064934197,0.1460574321509044,0.1416771697607021,0.1824294083945056,0.07140735453427283,0.06926584797179025,0.2027713963149694,0.009632157533149647,0.009343289128730762,0.19561621895902037,0.10048054141997298,0.09746712998278717,1940-11-28 09:19:48.518398020,-0.42825290549316425,-0.4112367615229034,-0.6088612781654478,-0.6224905542160735,0.2660815957745488,0.18060837267228352,0.19423764872290922,0.2011099087408951,-0.9457499051390335,0.1934969996458692,-0.6779919398923928,0.24973903439922857,25.876211204404434,0.06032472138388911,-4.893681169323485,0.07238038269741676,11,,,,,
38,38,12 SPL A Path N 19A,0.232,13142.0,154.98,N 19A,1.0,4.0,,N,19,4.33333333333333,1931.049,1940.88905,1941.067445,-0.4753764143056851,25.81480130605524,-0.7605799440935707,-4.9393845851133555,1941.0688183333332,1940.9687837499998,-0.7605799440935707,25.849449673072936,-4.905775322622524,-0.9493572066348734,25.86721259250625,-4.8885451131430155,-0.9451965562053702,25.849603250506654,-4.905626350976041,0.2564451422789776,0.14519770169166563,0.14084322261793603,0.4739807923291883,-0.05241128645100801,-0.05083947197034,0.18654270559174266,-0.01882544799597478,-0.018260872810574647,0.46982014189968513,-0.034801944451412936,-0.0337582341373146,1941-01-25 14:49:05.519997065,-0.15090429930568577,-0.4358839364269043,-0.6228511526904291,-0.6190983240248146,0.25602965846675696,0.47194685338474335,0.4681940247191288,0.18473515157322387,-0.9515027014489831,0.47612628714329797,-0.7010342441672344,0.5501299448615486,25.877628995948456,-0.06282768989321497,-4.893816640073757,-0.04556794503959871,1,,,,,
39,39,12 SPL A Path N 20A,0.27,13210.0,160.865,N 20A,,,,N,20,4.5,1931.2156666666667,1941.056689,1941.230844,-1.0541105124818626,25.797011787375236,-0.945929597520656,-4.956640596128146,1941.2437716666664,1941.0812863333335,-0.945929597520656,25.849642011610342,-4.9055887523178505,-0.9573284285333966,25.872484199446426,-4.883431601694972,-0.93979609370342,25.85544563158212,-4.899959182909029,0.2611867425501523,0.1353575689566278,0.13129819546362229,-0.09678208394846599,-0.07547241207118915,-0.07320899443317419,0.012873489877149277,-0.021711255910348132,-0.021060135345596365,-0.11431441877844262,-0.0584338442068848,-0.056681413219116905,1941-03-26 06:11:36.383997908,-0.728494604481863,-0.6202231958539898,-0.6301448331445078,-0.6129911269950865,0.2603660008303551,-0.09834977133735523,-0.11550347748677647,0.011396260506778463,-0.9492053552490627,-0.10490515723279992,-0.7123397770625755,-0.016154827419287532,25.873849680925858,-0.07683789355062132,-4.893208368281778,-0.06343222784636815,3,,,,,
40,40,12 SPL A Path N 21A,0.264,14706.0,176.709,N 21A,,,,N,21,4.66666666666666,1931.3823333333335,1941.224328,1941.433026,-1.3083018657744203,25.937112941400553,-1.190241406345528,-4.82074107571205,1941.3911586666666,1941.1941390555558,-1.190241406345528,25.90861810137601,-4.848381355484256,-0.9697236270251458,25.8743630106094,-4.881609136078775,-0.934103452714725,25.85468676857225,-4.900695287617234,0.26289586073539406,0.13283758909258744,0.1288537897957048,-0.3385782387492745,0.06274993079115276,0.060868060366725096,-0.22173018387437127,0.0343963240729425,0.0333647783139952,-0.37419841305969537,0.08242617282830267,0.07995421190518393,1941-06-08 01:18:27.935997700,-0.9812706837744208,-0.8635032956788614,-0.6418623832473681,-0.6066008226452805,0.2619579812172263,-0.33940830052705273,-0.37466986112914036,-0.22285057863363056,-0.9385714267540854,-0.36973043902033487,-0.7001355581992341,-0.2811351255751867,25.853308698344684,0.08380424305586942,-4.8945309666133765,0.0737898909013266,6,,,,,
41,41,12 SPL A Path N 22A,0.238,12507.0,151.741,N 22A,,,,N,22,4.83333333333333,1931.549,1941.391967,1941.509606,-1.2083118407803008,25.99172957535224,-1.1010953147822038,-4.767762394612571,1941.5100853333333,1941.306492916667,-1.1010953147822038,25.930569185965624,-4.827088583921484,-0.9784816118549275,25.875818121853378,-4.880197663621006,-0.9183719129653132,25.854626081426456,-4.900754154755521,0.2641788560490485,0.1314052704697294,0.12746442640834632,-0.2298302289253733,0.11591145349886389,0.1124352690084347,-0.12632440145851173,0.05501874522142577,0.053368733052233885,-0.2899399278149877,0.13710349392578536,0.13299176014295,1941-07-06 00:08:54.816002402,-0.8807445987803003,-0.7735247174488705,-0.6499509347438166,-0.590189735604202,0.26311008564416166,-0.23079366403648371,-0.29055486317609835,-0.12728741946777086,-0.9332838487020679,-0.2750279920782329,-0.7073137722667436,-0.17343082651355668,25.85291153677512,0.13881803857712072,-4.893759986335059,0.1259975917224878,7,,,,,
42,42,12 SPL A Path N 23A,0.306,16278.0,195.754,N 23A,,,4.0,N,23,5.0,1931.7156666666667,1941.559606,1941.587624,-0.7866722377918902,25.86286504114408,-0.8360851533330207,-4.892762281439833,1941.5895316666665,1941.4202401111115,-0.8360851533330207,25.94028179227837,-4.81766725867206,-0.9761075010910029,25.87647018976982,-4.8795651512213745,-0.913499011266836,25.858222687499335,-4.89726541089877,0.263511507112684,0.13181202208684617,0.1278589795444657,0.18943526329911264,-0.01360514862573936,-0.013197130218458142,0.14335389353609182,0.06589488902099916,0.06391870129925852,0.12682677347494575,0.00464235364474419,0.004503129458937494,1941-08-03 11:35:10.464000165,-0.45855886979189014,-0.507958431666354,-0.646898575952114,-0.5846591626279471,0.26226526423071433,0.18833970616022383,0.126100292836057,0.1422662931657215,-0.9401740528625683,0.15350181507067806,-0.7182085463923191,0.259649676600429,25.85827938802589,0.004585653118191146,-4.888883277631699,-0.003879003808133774,8,,,,,
43,43,12 SPL A Path N 24A,0.24,12014.0,143.245,N 24A,,,,N,24,5.11111111111111,1931.8267777777778,1941.671365,1941.671365,-0.513271381426871,25.966250760338784,-0.7422779692966349,-4.792477099963776,1941.680704333333,1941.5363515277777,-0.7422779692966349,25.909174217724416,-4.847841917065137,-0.9837280276614071,25.87087239814891,-4.884995065071575,-0.9083152498465168,25.858547102701195,-4.89695072490881,0.25810413588158104,0.12402008323358507,0.12030072093741385,0.4704566462345361,0.09537836218987295,0.09251796510779897,0.24020052564417138,0.03776518743660873,0.036632609465384526,0.3950438684196458,0.1077036576375896,0.10447362494503398,1941-09-03 01:09:26.639997583,-0.18457182642687153,-0.4135130389633015,-0.6538246638002959,-0.5788241266520724,0.2572787753875346,0.4692528373734244,0.39425230022520086,0.23905813122750472,-0.9401863790452247,0.4269149976183537,-0.7151798775410325,0.530608051114161,25.853550540288797,0.11270022004998737,-4.882211299053048,0.08973419908927216,9,,,,,
44,44,12 SPL A Path N 25A,.0.276,13083.0,160.111,N 25A,,,,N,25,5.22222222222222,1931.937888888889,1941.783124,1941.783124,-0.9268902886711432,25.898406851690392,-0.9038898876044935,-4.858286369791802,1941.7831243333333,1941.6541955833334,-0.9038898876044935,25.88233988952116,-4.873871483765584,-0.9875999560700086,25.8668845029447,-4.888863363298615,-0.9099654888845414,25.86654912462182,-4.889188683625591,0.25249600997902255,0.11719185960479377,0.11367727573524991,0.06070966739886541,0.0315223487456926,0.030576993506812755,0.0777798245734312,0.01515441540727617,0.014699934489213954,-0.016924799786601774,0.03185772706857293,0.030902313833788497,1941-10-13 20:09:58.464001369,-0.5974084206711429,-0.5744080172711602,-0.6569902708200087,-0.5798369922317637,0.25266143751087966,0.059581850148865856,-0.0175714284393792,0.0766504646938017,-0.9430520000459698,0.01616171137482658,-0.719371867146864,0.1219634464757211,25.855297993510217,0.04310885818017596,-4.868749058792165,0.010462689000362957,10,,,,,
45,45,12 SPL A Path N 26A,0.248,11818.0,138.748,N 26A,1.0,5.0,,N,26,5.33333333333333,1932.049,1941.894884,1941.894884,-1.2715079927154664,25.782362056534286,-1.0894405432249357,-4.970850981541176,1941.8895616666669,1941.772792611111,-1.0894405432249357,25.811853530202598,-4.942243957168178,-0.9736811528023586,25.863799521248023,-4.891855826394206,-0.9114282970888906,25.875990052733226,-4.880030888948245,0.2593130799282332,0.11711436435358721,0.11360210456662691,-0.2978268399131079,-0.08143746471373703,-0.07899515514696986,-0.11459743455247844,-0.05167587894549186,-0.050126119335914154,-0.3600796956265758,-0.09362799619893991,-0.09082009259293056,1941-11-23 15:11:01.824001491,-0.9412438047154661,-0.7592136115582687,-0.6423605112745809,-0.5806662842694461,0.25992654315421837,-0.29888329344088516,-0.36057752044602,-0.115690557941367,-0.9452487897396509,-0.32625920297581557,-0.7275813936749259,-0.21366241104054018,25.8588694189261,-0.07650736239181555,-4.858561705077984,-0.11228927646319153,11,,,,,
46,46,12 SPL A Path N 27A,0.292,15799.0,192.739,N 27A,,,,N,27,5.42857142857142,1932.144238095238,1941.990677,1941.990677,-1.0699233482881971,25.75479168238311,-1.2374452032335472,-4.997594520171557,1942.0268676666667,1941.891510611111,-1.2374452032335472,25.744334866347515,-5.007737736294245,-0.9632482171450043,25.859904203251542,-4.8956343238039715,-0.9131948917699209,25.88177715788651,-4.874417339078507,0.27422216190924326,0.11552715549483207,0.11206249610154573,-0.10667513114319283,-0.10511252086843115,-0.10196019636758535,-0.2715226742020361,-0.11623143719277824,-0.11274565639136529,-0.15672845651827627,-0.12698547550339967,-0.12317718109304998,1941-12-28 14:19:49.872000162,-0.7389886092881971,-0.9061921155668804,-0.6312183787561154,-0.5818134886588097,0.2758686731132812,-0.10777023053208168,-0.15717512062938743,-0.27229715246129504,-0.9493871300124526,-0.12053621827574457,-0.7203889316311214,-0.01859967765707571,25.856799759480317,-0.1020080770972065,-4.845395211392441,-0.15219930877911558,12,,,,,
47,47,12 SPL A Path N 28A,0.272,14819.0,172.305,N 28A,,,,N,28,5.52380952380952,1932.2394761904764,1942.086471,1942.195042,-1.3709042686969781,25.69585086012515,-1.246139863379035,-5.054767707170001,1942.1764506666666,1942.0096442499998,-1.246139863379035,25.73905551637414,-5.012858758561919,-0.9608382171471705,25.857995186121318,-4.89748608951046,-0.9163442273558409,25.89025166592632,-4.866196981534809,0.27521786134246173,0.11535281323098749,0.11189338236219377,-0.4100660515498076,-0.16214432599616657,-0.15728161765954063,-0.2836972438391128,-0.11882225652192584,-0.11525877704883136,-0.45456004134113726,-0.1944008058011697,-0.1885707256351914,1942-03-13 04:34:04.512001818,-1.0383439326969777,-0.913725150379035,-0.6281059992860594,-0.5843332433975076,0.2771681183877584,-0.4102379334109183,-0.4540106892994701,-0.2840103402928165,-0.946356676526035,-0.4245475921709432,-0.6916265118218092,-0.34671742087516844,25.830385040626194,-0.13453418050104204,-4.838403834440571,-0.21636387272942947,3,,,,,
48,48,12 SPL A Path N 29A,0.248,12649.0,154.197,N 29A,,,,N,29,5.61904761904761,1932.3347142857144,1942.182265,1942.343633,-1.2975919731519299,25.76652400661416,-1.284812331266269,-4.986214048344198,1942.320197,1942.1288440555554,-1.284812331266269,25.79541005473347,-4.958194292807986,-0.9632414243275917,25.85573392931534,-4.89967953122483,-0.91882480605299,25.900059779378424,-4.856683013405135,0.27307350177023804,0.11535292955290789,0.1118934951956197,-0.3343505488243381,-0.08920992270117978,-0.0865345171193681,-0.3222361191821617,-0.06306568746382268,-0.06117434749678067,-0.37876716709893987,-0.1335357727642652,-0.12953103493906326,1942-05-06 10:13:30.287998561,-0.9638429091519303,-0.951250755266269,-0.6298200522164807,-0.5861907157057679,0.2756408515176373,-0.33402285693544953,-0.3776521934461624,-0.32209102372845794,-0.9438568083775519,-0.35373516477437794,-0.6704416528963704,-0.2934012562555599,25.82049332899961,-0.053969322385452045,-4.834660999446453,-0.15155304889774524,5,,,,,
49,49,12 SPL A Path N 30A,0.224,13329.0,156.339,N 30A,,,,N,30,5.71428571428571,1932.4299523809525,1942.278058,1942.421916,-1.185940751949899,25.9238552974611,-1.1248891180468086,-4.833601122909759,1942.427753,1942.250501611111,-1.1248891180468086,25.894423256074305,-4.862150497375361,-0.9636489947775595,25.86169811115522,-4.893894215198325,-0.9273226654583403,25.90494361648953,-4.85194564256899,0.2731729667910107,0.11646138532531843,0.1129687083794161,-0.2222917571723395,0.0621571863058783,0.06029309228856672,-0.15865093566173924,0.030492660884309686,0.029578185984391325,-0.2586180864915587,0.018911680971569922,0.018344519659231118,1942-06-03 23:59:02.976000320,-0.8515654239498989,-0.7904670940468086,-0.6295531431108929,-0.5940748445972291,0.2755776639640293,-0.22201228083900593,-0.2574905793526697,-0.1583184636802575,-0.9519577371341897,-0.23398301481570927,-0.6602083726956032,-0.1913570512542957,25.819689992257764,0.10416530520333467,-4.83921157760545,0.005610454695691658,6,,,,,
50,50,12 SPL A Path N 31A,0.24,12743.0,155.034,N 31A,,,,N,31,5.8095238095238,1932.5251904761906,1942.373852,1942.51771,-0.8911346290385973,25.99289046414766,-0.9912483580671516,-4.766636320872127,1942.5095380000002,1942.3727871111114,-0.9912483580671516,25.993316286648138,-4.76622326878844,-0.9718241280500572,25.87435974509943,-4.8816123036561025,-0.9238904440585866,25.90666793233883,-4.850273038952008,0.28783009301365114,0.11627728924653924,0.11279013334204056,0.08068949901145994,0.11853071904823054,0.11497598278397536,-0.022296234811685484,0.12110617233877836,0.11747419823034022,0.032755815019989254,0.08622253180882922,0.08363671807988116,1942-07-08 23:08:22.560002496,-0.5559929490385966,-0.6561720540671513,-0.6370726957722795,-0.5900359503780311,0.2889437765328871,0.0810797467336829,0.0340430013394345,-0.02196975705242595,-0.956178508969835,0.06504387993123772,-0.6454382611914695,0.08944531215287288,25.82669091712648,0.16619954702117923,-4.842064999261367,0.0754286783892395,7,,,,,
51,51,12 SPL A Path N 32A,0.248,12869.0,151.609,N 32A,,,,N,32,5.9047619047619,1932.6204285714286,1942.469646,1942.588988,-0.8966696932129582,26.063203098335652,-0.8111329063031963,-4.698432362583432,1942.5912346666667,1942.4925802222226,-0.8111329063031963,25.87454413756257,-4.881433441122929,-0.9713832469387813,25.880572486673426,-4.875585882201911,-0.9213971463581873,25.904116303862175,-4.852748144090652,0.2873687957756674,0.12594971606699112,0.12217248408214738,0.07471355372582311,0.18263061166222627,0.17715351961847858,0.15597630151220798,-0.004478175243219103,-0.0043438747676729506,0.02472745314522906,0.1590867944734775,0.15431578150722025,1942-08-03 23:32:05.567999121,-0.5609577892129585,-0.4754030289698632,-0.6359810521610036,-0.5869432992054094,0.2878071351043431,0.07502326294804518,0.025985509992450972,0.15630349185480055,-0.9611155003333489,0.06444580712039072,-0.6375577619941851,0.07659997278122666,25.83471409687509,0.22848900146056295,-4.84488342612703,0.14645106354359783,8,,,,,
52,52,12 SPL A Path N 33A,0.266,12913.0,157.241,N 33A,,,5.0,N,33,6.0,1932.7156666666667,1942.56544,1942.667006,-0.6455943966580336,25.567538850204404,-0.7241651254225756,-5.179231639913226,1942.6689136666666,1942.6099157499998,-0.7241651254225756,25.855952609633192,-4.899467409129706,-0.9581202484573745,25.882134706644518,-4.874070513207753,-0.915537703746846,25.9052959969707,-4.851603829978452,0.2819259248251639,0.12747456022370535,0.12365159816260188,0.3125258517993409,-0.3145958564401141,-0.3051611267054728,0.23471951172404193,-0.02725799183882316,-0.026440524663574532,0.2699433070888123,-0.33775714676629676,-0.32762780993477403,1942-09-01 10:58:21.215996884,-0.3092583486580344,-0.3878138160892424,-0.622065814540708,-0.5804881539968461,0.28210337062393187,0.31280746588267355,0.27122980533881164,0.23501543774256026,-0.9685491338804305,0.32295473722239687,-0.6381576607899668,0.3288993121319324,25.84098376074538,-0.2734449105409773,-4.846205206561728,-0.33302643335149806,9,,,,,
53,53,12 SPL A Path N 34A,0.266,12900.0,156.85,N 34A,,,,N,34,6.11111111111111,1932.8267777777778,1942.677199,1942.750747,-0.6302312863967348,25.937115880359524,-0.6584116252793483,-4.820738224892459,1942.7554166666666,1942.7249471666667,-0.6584116252793483,25.741161117204737,-5.010816304700236,-0.9471504160436965,25.886924611098106,-4.8694242579887295,-0.9182369939166724,25.903123118870965,-4.853711543463973,0.2822554995967998,0.13154097738509413,0.12759606347332075,0.3169191296469618,0.05019126926141837,0.04868603309627062,0.2895601642686479,-0.14097531290338003,-0.13674746326940657,0.2880057075199376,0.0339927614885589,0.0329733185715142,1942-10-02 00:32:37.392001472,-0.2932253103967344,-0.3213682919460152,-0.6104408947936963,-0.5825888906805612,0.28242740033391894,0.31721558439696196,0.2893635802838268,0.2898933512501291,-0.9671711403968636,0.3369398540001288,-0.6263813929527432,0.3331560825560088,25.848519845982683,0.08859603437684171,-4.835920434345508,0.015182209453048934,10,,,,,
54,54,12 SPL A Path N 35A,0.264,13272.0,157.443,N 35A,,,,N,35,6.22222222222222,1932.937888888889,1942.788958,1942.848497,-0.6994091927832763,25.718828621050275,-0.7845448015737303,-5.0324790492950235,1942.853167,1942.8378500833335,-0.7845448015737303,25.833739957694746,-4.921013903636523,-0.9386447041429172,25.87734997258172,-4.878711753096006,-0.9205401861758185,25.901147031125824,-4.85562836833764,0.29256550625174577,0.1349923667724562,0.130943945692955,0.23923551135964094,-0.1585213515314443,-0.15376729619901752,0.16015352312053413,-0.04665863637785724,-0.04525934387288544,0.22113099339254216,-0.18231841007554905,-0.17685068095738377,1942-11-06 16:50:01.391998488,-0.36162121678327663,-0.4467194655737303,-0.6012782202540284,-0.5843080599674851,0.29347321868922926,0.2396570034707518,0.2226868431842085,0.1606118144631266,-0.9624905453617226,0.26308135257844634,-0.6167370187684523,0.2551158019851757,25.863937618811356,-0.14510899776108133,-4.83470415734993,-0.19777489194509368,11,,,,,
55,55,12 SPL A Path N 36A,0.226,9344.0,114.819,N 36A,1.0,6.0,,N,36,6.33333333333333,1933.049,1942.900718,1942.960257,-1.0239939255411796,25.84527537167443,-0.9899684867185125,-4.9098244367220865,1942.9560330000002,1942.9462876388889,-0.9899684867185125,25.75808952090486,-4.994395583827077,-0.9482998538961793,25.876921198537975,-4.879127668206177,-0.9239187029075637,25.893928271281055,-4.86263063757466,0.2995717368181828,0.13501859335732566,0.13096938574254416,-0.0756940716450003,-0.03164582686354578,-0.03069676851590941,-0.043382284762697156,-0.12544208087883865,-0.12168007287328327,-0.1000752226336159,-0.04865289960662622,-0.047193799147426496,1942-12-17 11:51:04.751998611,-0.68531186954118,-0.651320222718513,-0.6102747250628461,-0.5871106711020082,0.3000437110859226,-0.07503714447833387,-0.09820119843917174,-0.042759266929364236,-0.9523890170950012,-0.0716049084461784,-0.6125523576784777,-0.07275951186270224,25.87610611870639,-0.03083074703195976,-4.835903789752982,-0.07392064696910428,12,,,,,
56,56,12 SPL A Path N 37A,0.244,13163.0,154.941,N 37A,,,,N,37,6.46666666666666,1933.1823333333334,1943.034829,1943.059345,-1.2465023418310817,25.710164569989875,-1.1640879688591959,-5.040883265464121,1943.0628473333334,1943.0522799722223,-1.1640879688591959,25.762606047748537,-4.990014507623439,-0.9528140478283496,25.8963236342314,-4.860307111559198,-0.9291195575558344,25.888273723009437,-4.868115605943616,0.29775203209173023,0.18482916503281538,0.17928613837348553,-0.2936882940027321,-0.18615906424152584,-0.18057615390492288,-0.21335632192815765,-0.1289953869360474,-0.12512681528183625,-0.31738278427524724,-0.17810915301956243,-0.1727676595205052,1943-01-22 15:51:43.919996652,-0.9070275818310825,-0.8245851901925293,-0.6141299220505718,-0.5917431370558346,0.298525914022643,-0.29289765978051063,-0.31528444477524786,-0.21253400812260234,-0.9338510846993348,-0.3126512571317469,-0.6107139312895389,-0.29631365054154357,25.88171240150067,-0.17154783151079656,-4.843425614323736,-0.19745765114038516,1,,,,,
57,57,12 SPL A Path N 38A,0.224,10333.0,126.982,N 38A,,,,N,38,6.6,1933.3156666666666,1943.16894,1943.16894,-1.2217676392053258,25.732378201581316,-1.2125168842332845,-5.019335820684109,1943.177112,1943.1559794444443,-1.2125168842332845,25.739128663797533,-5.0127878048297525,-0.9510810390685853,25.901559471284386,-4.8552282972594325,-0.9333482721336431,25.888713774280433,-4.867688751810236,0.30077646104676614,0.18512335860022344,0.17957150907580727,-0.2706866001367405,-0.16918126970307057,-0.1641075234246765,-0.2634255819291861,-0.158718978631421,-0.15395899646226616,-0.2884193670716827,-0.1563355726991169,-0.15164706887387336,1943-03-03 15:54:51.840000647,-0.8814161192053256,-0.8720999882332844,-0.6117488990963631,-0.5954149539947543,0.3026396248311733,-0.2696672201089625,-0.2860011652105713,-0.26233033870696376,-0.9222455369041603,-0.2995221023011655,-0.604638557071114,-0.27677756213421156,25.896347609741873,-0.1639694081605576,-4.856058950101315,-0.16327687058279405,3,,,,,
58,58,12 SPL A Path N 39A,0.251,9502.0,111.574,N 39A,,,,N,39,6.73333333333333,1933.449,1943.303051,1943.303051,-1.1692806716634458,25.774843219821417,-1.132571364544063,-4.978144328341028,1943.303051,1943.2554504999998,-1.132571364544063,25.824972716519188,-4.929518215249221,-0.9433788200153602,25.895659821771083,-4.8609510162838285,-0.9384287747499077,25.8858512755305,-4.870465404222661,0.3016118246374113,0.19181372164962823,0.18606122813736,-0.22590185164808563,-0.12081660194966659,-0.11719331205719907,-0.19770745503973744,-0.07106123726909293,-0.06893011076339484,-0.23085189691353813,-0.11100805570908179,-0.10767892411836666,1943-04-21 14:43:36.336003024,-0.827856263663445,-0.7911469565440626,-0.6034301274320268,-0.5999469389443521,0.3034537120695792,-0.22442613623141816,-0.22790932471909287,-0.1962195665582557,-0.9115678382914814,-0.2577128333719645,-0.6085988310538044,-0.2192574326096406,25.901677248215684,-0.12683402839426705,-4.86599118102677,-0.11215314731425785,4,,,,,
59,59,12 SPL A Path N 40A,0.204,14563.0,177.892,N 40A,,,,N,40,6.86666666666666,1933.5823333333333,1943.437162,1943.437162,-1.0066657827634171,25.967696728154838,-1.0377034723727174,-4.791074496722526,1943.4535059999998,1943.3520993611107,-1.0377034723727174,25.896186631459738,-4.860440005617742,-0.9101318694290309,25.89088256830938,-4.865584999914217,-0.9375046784638497,25.88696731555494,-4.869382834238551,0.32527556880423436,0.1928904378134353,0.18710565358341422,-0.09653391333438621,0.07681415984545836,0.07451050319169106,-0.1214546885307813,0.003471639417631659,0.003367524951495504,-0.06916110429956746,0.08072941259989719,0.07830833751602473,1943-06-09 13:32:20.831998231,-0.6641684867634176,-0.6950754243727175,-0.5696031434290311,-0.5984903891582941,0.3270854969066626,-0.09456534333438649,-0.06567809760512344,-0.11935050029929987,-0.9091936555512914,-0.09747212721212573,-0.6241660199907194,-0.04000246677269814,25.907794210205854,0.05990251794898427,-4.876759178131477,0.08568468140895114,6,,,,,
60,60,12 SPL A Path N 41A,0.23,10096.0,118.138,N 41A,,,6.0,N,41,7.0,1933.7156666666667,1943.571273,1943.620305,-0.9371639626912891,25.946019946402952,-0.8798939354897243,-4.812101191789672,1943.6037903333333,1943.446912861111,-0.8798939354897243,25.970527598750436,-4.788328523936086,-0.895235662081417,25.89160258604585,-4.864886575509667,-0.9336219612675636,25.88282200869834,-4.873403823342522,0.32350451578978257,0.19332552036144426,0.18752768800580852,-0.04192830060987207,0.054417360357103206,0.05278538371999453,0.018708287631533132,0.07996821933753277,0.07756997243959922,-0.003542001423725516,0.06319793770461146,0.06130263155284954,1943-08-15 09:52:18.479997370,-0.5932015226912898,-0.536063612823058,-0.5541415013591948,-0.5940826078925638,0.32510729263806604,-0.03906002133209496,0.0008810852012740567,0.021443605594495558,-0.9079502876505177,-0.029213675040771436,-0.6370119792996978,0.04381045660840799,25.911934641730493,0.03408530467245896,-4.879134764737006,0.06703357294733348,8,,,,,
61,61,12 SPL A Path N 42A,0.254,12093.0,147.773,N 42A,,,,N,42,7.06666666666666,1933.7823333333333,1943.638329,1943.753904,-0.6958520610144662,25.99786612169353,-0.7470880765669025,-4.76180988329606,1943.7350733333333,1943.5439239722223,-0.7470880765669025,25.918853189284434,-4.838453217862207,-0.8904391378533238,25.889192983883493,-4.867223913703172,-0.932944882612915,25.876842708104046,-4.879203804711993,0.3264270530582583,0.19423240824786897,0.18840737832451918,0.19458707683885768,0.10867313781003674,0.10541403040711206,0.15154209404461003,0.025005444517313197,0.02425553123623943,0.2370928215984488,0.12102341358948365,0.11739392141593363,1943-10-03 04:11:56.543997489,-0.3508208290144668,-0.4022074899002362,-0.5487770104644349,-0.5928894547934705,0.328307105642467,0.19795618144996813,0.24206862577900373,0.1547650831001651,-0.9025422763217699,0.2066902153073037,-0.6313205162840799,0.2804996872696131,25.9196704118904,0.07819570980312918,-4.878231939859079,0.11642205656301918,10,,,,,
62,62,12 SPL A Path N 43A,0.211,14434.0,169.653,N 43A,,,,N,43,7.13333333333333,1933.8490000000002,1943.705385,1943.831011,-0.6082482059949519,25.812673499756816,-0.5713800025946966,-4.941448578500889,1943.8394866666667,1943.63899375,-0.5713800025946966,25.882785305081466,-4.873439426217924,-0.9102157118997963,25.900747664372016,-4.856015758082501,-0.9346920745000732,25.871139433101735,-4.884736038496982,0.32448463610737033,0.21062821798355616,0.20431147772623345,0.30196750590484445,-0.08807416461520035,-0.08543282041838829,0.33497960644670516,-0.018271349100881906,-0.017723391341347334,0.3264438685051213,-0.05846593334491956,-0.05671254000390746,1943-10-31 07:39:22.895999670,-0.262600117994952,-0.22566410926136313,-0.5679992071775741,-0.5941247723750733,0.3266276222817775,0.30539908918262215,0.33152465438012135,0.3384769724467051,-0.8911867576252611,0.28293855163030923,-0.6234843219704299,0.36088420397547794,25.928582877879133,-0.11590937812231772,-4.876956454482554,-0.0644921240183356,10,,,,,
63,63,12 SPL A Path N 44A,0.252,12340.0,148.933,N 44A,,,,N,44,7.2,1933.9156666666668,1943.77244,1943.933545,-0.4100397407746713,25.83781629379406,-0.6088675018467321,-4.917059816856824,1943.9180646666666,1943.7349303611109,-0.6088675018467321,25.82844232086552,-4.926152664337238,-0.9184239773710845,25.91322931429154,-4.843908432844058,-0.9375198846716477,25.85967920252948,-4.895852576754376,0.32862951978606963,0.22341136787827853,0.21671126095561352,0.5083842365964132,-0.07541302049748211,-0.07315138401276577,0.30426781273086995,-0.08348115358934412,-0.08097755379320049,0.5274801438969764,-0.021862908735421627,-0.021207240102447678,1943-12-07 17:51:15.120002985,-0.06357138077467056,-0.26252298451339845,-0.5756470274821955,-0.5964427349077588,0.33053577470078294,0.5120756467075249,0.5328713541330883,0.3078419225179072,-0.886916456416235,0.47687671564156364,-0.615404468122385,0.5518330873477144,25.939135365407807,-0.10131907161374798,-4.873764844921359,-0.04329497193546494,12,,,,,
64,64,12 SPL A Path N 45A,0.243,11148.0,136.031,N 45A,,,,N,45,7.26666666666666,1933.9823333333334,1943.839496,1943.989638,-0.8083145587705729,25.83483716904568,-0.6619430415829849,-4.919949597654,1944.0081936666666,1943.828063111111,-0.6619430415829849,25.829603209660927,-4.925026590596804,-0.9107662544619252,25.92179344470103,-4.835601140705553,-0.9370012441579004,25.850896013287453,-4.904372358151033,0.32333617817924404,0.2241594588005546,0.2174369166311309,0.10245169569135226,-0.08695627565534991,-0.08434845694844739,0.25419305461396635,-0.09320817305787206,-0.09041285994786907,0.12868668538732753,-0.01605884424177262,-0.015577239502967188,1943-12-28 05:13:43.968000427,-0.4613974547705728,-0.31511408758298454,-0.5674484864341474,-0.5954245042412338,0.32481945596471307,0.10605103166357455,0.13402704947066102,0.25769551346581837,-0.8822570080107445,0.07394244924017157,-0.61080164012432,0.14940418535374722,25.94276775419506,-0.10793058514937925,-4.87045364055773,-0.04949595709627008,12,,,,,
65,65,12 SPL A Path N 46A,0.252,14490.0,172.212,N 46A,1.0,7.0,,N,46,7.33333333333333,1934.049,1943.906551,1944.101398,-0.7674748252037102,25.816156166143042,-0.8704577930920315,-4.938070357279589,1944.1193363333332,1943.9249360555555,-0.8704577930920315,25.879335946896976,-4.876785338150465,-0.9192180567578438,25.933411389163826,-4.824331618397195,-0.9367631967724116,25.843192825657454,-4.911844527184013,0.33148916402542455,0.22608696960096672,0.21930662138263923,0.1517432315541336,-0.11725522302078417,-0.11373873888239405,0.043761967393678956,-0.05547762679716565,-0.053813852769520075,0.16928837156870136,-0.02703665951441181,-0.026225830095575553,1944-02-07 02:40:48.115200551,-0.42037342720371024,-0.523362634758698,-0.575333289230066,-0.5946881483974117,0.33245783543729934,0.15495986202635575,0.17431472119370145,0.046980740773308625,-0.8807579767588962,0.11328315155518598,-0.5918617162239642,0.17148828902025398,25.94639164915392,-0.13023548301087828,-4.8865853177905985,-0.0514850394889903,2,,,,,
66,66,12 SPL A Path N 47A,0.216,10017.0,122.938,N 47A,,,,N,47,7.44444444444444,1934.160111111111,1944.018311,1944.266973,-1.0355839953018111,25.987014505502206,-1.1356289586471011,-4.772336059517805,1944.2486070000002,1944.0189904444446,-1.1356289586471011,25.96582134577733,-4.79289363638253,-0.9126749702373621,25.94923588721757,-4.808981697040086,-0.9449396600539957,25.83808951107589,-4.916794793361275,0.324571366582469,0.22890364867600815,0.2220388282522209,-0.122909025064449,0.03777861828463713,0.03664563752228123,-0.21940796727308856,0.019812181857350453,0.01921801452344833,-0.09064433524781546,0.14892499442631646,0.14445873384346974,1944-04-07 17:05:26.995200228,-0.6883170223018111,-0.7883803516471012,-0.5682483509318067,-0.6023685304706625,0.3249415728311192,-0.12006867137000443,-0.08594849183114861,-0.21657509864345892,-0.8718526684806104,-0.16373132682120073,-0.5736948294706686,-0.1146221928311425,25.94269910835522,0.044315397146984736,-4.890926438389893,0.11859037887208768,4,,,,,
67,67,12 SPL A Path N 48A,0.231,8867.0,105.147,N 48A,,,,N,48,7.55555555555555,1934.2712222222224,1944.13007,1944.37745,-1.6038280554357822,26.09429336568675,-1.2985461771045708,-4.668274492350196,1944.357291,1944.1089712222226,-1.2985461771045708,26.084641171308505,-4.677637217419037,-0.9167699471268319,25.95538021537855,-4.803021637280654,-0.951796126159301,25.839913608434646,-4.91502540068231,0.3304432971392823,0.2268183096246305,0.22001602851899446,-0.6870581083089503,0.1389131503081984,0.1347471449304578,-0.3885836278661808,0.13258481842565573,0.12860859972107175,-0.6520319292764812,0.25437975725210293,0.246750908332114,1944-05-18 03:31:14.879998527,-1.2564506054357822,-0.9511888861045706,-0.5718341188490541,-0.6087294788676343,0.33010298752086925,-0.6846164865867281,-0.647721126568148,-0.38615853951432894,-0.8708229113013841,-0.7330051441343981,-0.5642208811111044,-0.6922297243246779,25.93747175480714,0.15682161087960722,-4.897604166491177,0.22932967414098027,5,,,,,
68,68,12 SPL A Path N 49A,0.25,10717.0,131.61,N 49A,,,,N,49,7.66666666666666,1934.3823333333335,1944.241829,1944.42745,-1.2562264805761183,26.172615642736556,-1.2332137023609853,-4.592301100389111,1944.4285029999999,1944.1977088055557,-1.2332137023609853,26.09887585583188,-4.663829431084518,-0.9004427303509753,25.951552956052424,-4.806734117099587,-0.951003815061202,25.83936617379797,-4.915556417754228,0.33128360770614257,0.22852149367556662,0.22166813408024272,-0.35578375022514297,0.22106268668413165,0.2144330167104762,-0.3274119074770923,0.14946094707998134,0.14497861327705439,-0.3052226655149163,0.3332494689385861,0.3232553173651169,1944-06-05 10:43:14.879997090,-0.9087990305761184,-0.8857851993609852,-0.5550085699898641,-0.6074488808945352,0.3308735919408882,-0.3537904605862543,-0.30135014968158325,-0.3254114108104258,-0.8707760715388848,-0.3854504090372335,-0.5586132041145762,-0.3501858264615423,25.931973440338922,0.240642202397634,-4.90132985124097,0.30902875085185855,6,,,,,
69,69,12 SPL A Path N 50A,0.222,19013.0,221.556,N 50A,,,,N,50,7.77777777777777,1934.4934444444445,1944.353589,1944.480609,-0.8395865710710547,26.029718559072332,-0.9475839197674225,-4.730912700514246,1944.4970676666665,1944.2841890833333,-0.9475839197674225,26.093324815428748,-4.6692139957859595,-0.900192707173871,25.94131155482472,-4.816668378704475,-0.9541787090760009,25.837744081196508,-4.917129863798572,0.3312942296801048,0.23479156750137195,0.22775016839201148,0.06060613610281629,0.08840700424761394,0.08575567819022911,-0.050970469498927584,0.14949912633408266,0.14501564753532392,0.11459213800494616,0.19197447787582433,0.18621716328432658,1944-06-24 21:40:10.041598689,-0.4921059620710548,-0.6000868521007559,-0.5542786768127599,-0.6101333998676676,0.33090033936202307,0.062172714741705104,0.11802743779661279,-0.04938551888781656,-0.8723471746816492,0.03276060361059452,-0.5533042302675057,0.06119826819645097,25.9254786043988,0.10423995467353109,-4.908010890267346,0.17709818975310032,6,,,,,
70,70,12 SPL A Path N 51A,0.232,11780.0,144.41,N 51A,,,,N,51,7.88888888888888,1934.6045555555556,1944.465348,1944.583144,-0.7469387076550942,26.077640244477355,-0.6792063476633099,-4.684428186454522,1944.5714693333332,1944.3701322222223,-0.6792063476633099,25.923482702773185,-4.833962543482983,-0.8892049132806381,25.938612556406852,-4.819286434159788,-0.949113121231291,25.833225041545695,-4.921513377450261,0.337908030472192,0.23390715291439698,0.22689227739849976,0.14226620562554393,0.13902768807050236,0.13485824770526644,0.21854927712257619,-0.018508339066880097,-0.01795327397826411,0.2021744135761968,0.24441520293165908,0.23708519099573966,1944-08-01 10:20:12.825598340,-0.3993555636550943,-0.33163487832997657,-0.5428167528361938,-0.6045741721479578,0.337738174150936,0.1434611891810995,0.20521860849286355,0.21973183490035395,-0.8788521676518414,0.1319134599967472,-0.547446410400634,0.14809084674553974,25.916227509871028,0.16141273460632632,-4.920525168489131,0.23609698203460905,8,,,,,
71,71,12 SPL A Path N 52A,0.244,14674.0,170.846,N 52A,,,7.0,N,52,8.0,1934.7156666666667,1944.577107,1944.650655,-0.4510937642637805,25.663089304769866,-0.7042654529900556,-5.086546743480181,1944.648339,1944.456706861111,-0.8413903142687231,25.867372926650404,-4.8883895874198435,-0.9038692539031489,25.946049014288622,-4.812072995649893,-0.9499694821619795,25.82871603074172,-4.92588716302022,0.33848850693308064,0.22589102813535833,0.219116556201585,0.45277548963936837,-0.2829597095187566,-0.2744737478302879,0.05984217624606023,-0.07263738707779528,-0.0704589918393328,0.498875717898199,-0.16562672597185468,-0.16065958045996087,1944-08-26 03:21:12.671997316,-0.10344310926378064,-0.4937419752687231,-0.5570047100420378,-0.6049348098703128,0.3383740806019856,0.45356160077825713,0.5014917006065321,0.06062802569050465,-0.8912447406393694,0.4401509763755889,-0.5426859045917283,0.43924279532794763,25.912126724811223,-0.24903742004135765,-4.926271162695247,-0.16027558078493342,8,,,,,
81,81,SPL A  Path M 1A,0.232,13154.0,164.229,M 1A,,7.8,,M,1,8.13333333333333,1934.8490000000002,1945.359422,1944.711218,-1.3261384708872943,25.861389230703985,,-4.894193832324827,1944.695254333333,1944.5427333888886,-0.8973320407341223,26.053167382075145,-4.70816710771329,-0.9106233043605627,25.935369370489116,-4.82243235693185,-0.9547225046126034,25.822720880982263,-4.931702518238394,0.33528308897337844,0.23522114286693946,0.22816686079236528,-0.4155151665267316,-0.07398013978513163,-0.07176147539297695,0.01188384266293424,0.11845193004654082,0.11489955666444492,-0.37141596627469087,0.038668349721721285,0.03750868591356671,1944-09-17 07:20:20.083197378,-0.9784272528872944,-0.5496367864007888,-0.5632885399994516,-0.60918811627927,0.33542320502092166,-0.41513871288784276,-0.3692391366080243,0.012247651625897174,-0.897427234080554,-0.4287112368067403,-0.5354826154358123,-0.44294463745148205,25.90715612272976,-0.04576689202577455,-4.92985139378246,0.03565756145763288,9,,,,,
72,72,12 SPL A Path N 53A,0.244,13274.0,173.573,N 53A,,,,N,53,8.11111111111111,1934.8267777777778,1944.688867,1944.72389,-0.9147638870512916,26.635023610751578,-0.5929485834230815,-4.143760747334863,1944.7452446666666,1944.6277253888886,-0.8846301522975862,26.16656809380609,-4.598167283327153,-0.9131550919274576,25.922727971308067,-4.834694640551462,-0.9587710448687139,25.818389699042136,-4.935903808032138,0.3339842096054791,0.25828887470630035,0.2505427913538625,-0.0016087951238340503,0.7122956394435107,0.6909338932165996,0.02625661595735253,0.2440906953694887,0.23677041541535684,0.04400715781742226,0.8166339117094417,0.792143060697275,1944-09-21 22:38:59.135999463,-0.5670399970512916,-0.5368849076309195,-0.5653600640385688,-0.612732714979825,0.3343707833391734,-0.0016799330127228451,0.045692717928533355,0.0262096675221673,-0.8983483168169325,-0.016415570234359134,-0.5333163030994515,-0.03372369395184005,25.906048131699418,0.7289754790521599,-4.930482577522876,0.7867218301880134,9,,,,,
73,73,12 SPL A Path N 54A,0.257,11096.0,131.595,N 54A,,,,N,54,8.22222222222222,1934.937888888889,1944.711218,1944.800626,-0.4129880989541724,26.003291439962712,-0.6666001207572195,-4.756547270321768,1944.7787726666666,1944.7119459722223,-0.7015275375237403,26.074313151870243,-4.687655499554345,-0.9088819084767956,25.909334853512625,-4.847686098744216,-0.9674747349365624,25.809344862306293,-4.944677390114274,0.3335093425580022,0.27441684393353405,0.2661870827839706,0.49589380952262324,0.09395658645008709,0.09113882842244792,0.20894083452230747,0.16197776055853197,0.15712004751938094,0.5544866359823901,0.1939465776564191,0.18813011979250582,1944-10-20 00:41:55.622398913,-0.06518747295417243,-0.3537487648570736,-0.56063512142124,-0.6209259349365627,0.3338287080817557,0.4954476484670675,0.5557384619823902,0.20847798857786293,-0.8993975504661885,0.48640945151201614,-0.5162067396902277,0.45101926673605525,25.89892710193236,0.10436433803035072,-4.931517630890716,0.1749703605689481,10,,,,,
82,82,SPL A  Path M 2A,0.252,16508.0,196.895,M 2A,,,,M,2,8.23333333333333,1934.949,1945.415302,1944.811802,-0.7768306265657567,25.58462440489644,-0.7381269140398748,-5.162658481006403,1944.8416043333334,1944.7961294166666,-0.43374345672883435,25.7843492205461,-4.968923412578079,-0.9093681157338899,25.904943349114443,-4.8519459019254985,-0.979150052869461,25.79997910757785,-4.95376226585841,0.3340279615441115,0.2789232335039744,0.27055832573119304,0.13253748916813313,-0.3203189442180019,-0.31071257908090466,0.47471785883295076,-0.11952336048012313,-0.11593885489932483,0.20231942630370425,-0.21535470268140955,-0.20889621514799295,1944-10-24 02:52:07.564798206,-0.42901882456575685,-0.08590185239550101,-0.560685074845001,-0.6320922499666833,0.3338821527447721,0.1316662502792441,0.2030734254009265,0.4738820445736913,-0.8992102146819702,0.12237958811621341,-0.5148311060913836,0.08581228152562675,25.898149724649024,-0.313525319752582,-4.931459027189543,-0.2311994538168598,10,,,,,
83,83,SPL A  Path M 3A,0.232,13615.0,169.699,M 3A,0.0,8.0,,M,3,8.33333333333333,1935.049,1945.582941,1944.912385,-0.11141164466657377,25.765131816779142,-0.5007465456042887,-4.987564486406065,1944.8823596666668,1944.881012333333,-0.5200968824995084,25.789135478513547,-4.964280694487074,-0.9071339224746695,25.897339540451597,-4.859321672366547,-0.9794902649606657,25.804593926271718,-4.9492858455771715,0.33214239731841944,0.28736544620629245,0.27874735647456805,0.7957222778080957,-0.1322077236724546,-0.12824281403951776,0.3842463785942687,-0.11099765442730103,-0.10766883477102655,0.868078620294092,-0.03946210949257534,-0.038278640828893096,1944-11-29 22:23:23.424002711,0.23650074033342627,-0.17221452283284164,-0.5580314946413361,-0.6319354877245547,0.33163229777232794,0.7945322349747623,0.8684362280579809,0.38303428152019453,-0.9086113329741612,0.7971996883075874,-0.5124965949081134,0.7489973352415397,25.893491081956782,-0.12835926517763951,-4.938517880637293,-0.049046605768771734,11,,,,,
74,74,12 SPL A Path N 55A,0.249,11634.0,141.545,N 55A,1.0,8.0,,N,55,8.33333333333333,1935.049,1944.800626,1944.922892,-0.6720483762661944,26.017650213865057,-0.7700881741067501,-4.742619116048754,1944.971767,1944.9651145277776,-0.46581912883776794,25.852967131314514,-4.902363352953604,-0.8965277450727717,25.898116509256504,-4.858568004856097,-0.9803111328211648,25.798643949400216,-4.955057382642297,0.32961890061342325,0.2870624355679959,0.278453433125314,0.22447936880657726,0.11953370460855339,0.11594888880734278,0.43244690082608744,-0.041909494463804244,-0.04065262872483366,0.3082627565549704,0.2190062644648414,0.21243826659354248,1944-12-03 18:40:59.980801489,-0.32412548426619436,-0.1176873138377676,-0.5470298435727715,-0.632271344168387,0.3289842293419163,0.22290435930657715,0.3081458599021927,0.43108867884460617,-0.9089247604815296,0.2368763842153352,-0.517259475617404,0.19313399135120968,25.886595805619475,0.131054408245582,-4.939170644876887,0.19655152882813276,12,,,,,
84,84,SPL A  Path M 4A,0.266,15981.0,192.737,M 4A,,,,M,4,8.5,1935.2156666666667,1945.582941,1945.080024,-0.6139973655805353,25.77611936329935,-0.5737463260776133,-4.976906456405995,1945.0322643333336,1945.048595861111,-0.8370912629822044,26.05866294502999,-4.702836356691459,-0.8911364214441247,25.889173827626863,-4.867242495463669,-0.9820791982239574,25.794329285498033,-4.95924264977405,0.32935315168136653,0.2898340804319,0.28114195635974915,0.27713905586358945,-0.11305446432751154,-0.109663960942326,0.0528507050449023,0.16862849338247324,0.16357132486593398,0.3680818326434221,-0.01820992219868245,-0.017663806631945,1945-01-30 05:00:36.864002965,-0.2654371975805347,-0.48871119664887064,-0.5412666398330136,-0.633557142279513,0.32869070758809765,0.2758294422524789,0.3681199446989783,0.05137237974860618,-0.9034901159582855,0.28949275037775024,-0.5170570189020565,0.2516198213215218,25.878624272782858,-0.10250490948350688,-4.945842304986989,-0.03106415141900598,1,,,,,
75,75,12 SPL A Path N 56A,0.242,13391.0,161.251,N 56A,,,,N,56,8.55555555555555,1935.2712222222224,1944.811802,1945.093877,-1.225228047099883,26.38221925792556,-1.039888089667863,-4.388983497619627,1945.1369143333334,1945.1302541388893,-1.0205377527726436,26.168694956672777,-4.59610420507784,-0.8821617375644232,25.88281301805918,-4.873412544352412,-0.9921261068082061,25.789715745795572,-4.963717829420833,0.33245051776519924,0.2910610137320711,0.28233209393024766,-0.3430663095354599,0.4994062398663779,0.4844290467327852,-0.13551030212641482,0.2862345536911673,0.27765037942597076,-0.23310194029167697,0.5925035121299871,0.5747343318012064,1945-02-04 06:21:45.072000644,-0.8765709080998829,-0.6715793524393098,-0.5319542457866454,-0.643119612822095,0.33191054997979763,-0.3446166623132375,-0.23345129527778796,-0.13675263258937748,-0.9032034809850238,-0.3220245661148593,-0.5181960082802618,-0.3583748998196211,25.869671617014077,0.5125476409114817,-4.9462470869052995,0.5572635892856725,2,,,,,
76,76,12 SPL A Path N 57A,0.224,11171.0,133.995,N 57A,,,,N,57,8.77777777777777,1935.4934444444445,1944.912385,1945.236842,-1.222387845637512,26.347746248793417,-1.1943230155656783,-4.4224226612078965,1945.1927940000003,1945.2129041944443,-1.1478152869077085,26.273545419331597,-4.494398207794155,-0.8817841929301378,25.87539436325878,-4.8806087136953495,-1.0045196478468856,25.78750453292993,-4.965862728012638,0.33267578523097047,0.29144806283336316,0.2827075354289914,-0.34060365270737414,0.4723518855346356,0.45818605248745303,-0.259380437895876,0.40228999762196455,0.390225320593282,-0.21786819779062627,0.5602417158634871,0.5434400668047417,1945-03-28 10:44:09.312000764,-0.8727299516375118,-0.7984657289077083,-0.5312592739301379,-0.6550220294718858,0.3323265851936115,-0.3414706777073738,-0.21770792216562596,-0.2605529028218016,-0.9008688805873544,-0.32151896505015753,-0.522131145344417,-0.3505988062930948,25.861360914222242,0.4863853345711746,-4.949830424451384,0.5274077632434873,3,,,,,
85,85,SPL A  Path M 5A,0.242,14837.0,184.006,M 5A,,,,M,5,8.66666666666666,1935.3823333333335,1945.594117,1945.247663,-0.9958299679857308,26.090670751275823,-0.994671854835846,-4.67178846455494,1945.3208693333333,1945.2976357222224,-1.1974686815215048,26.20381822770435,-4.562034280944503,-0.9013586165409367,25.855558883810943,-4.899849327114548,-1.0064637840887667,25.784750810007434,-4.968533866784689,0.3368267939692171,0.3188500059300805,0.30928769425223673,-0.09447135144479402,0.23511186746488022,0.2280608625596079,-0.29950298797421443,0.34620453757331643,0.33582186349149384,0.010633816103035931,0.30591994126838884,0.29674540222974954,1945-04-01 09:31:40.368003227,-0.64609632698573,-0.8472225961881715,-0.5505249585409366,-0.6564770343248779,0.3363857695566919,-0.09557136844479341,0.010380707339147865,-0.30008430878902914,-0.9006921750237313,-0.09513779296199942,-0.5292447330841533,-0.11685159390157673,25.853393028673615,0.23727772260220803,-4.9501016467476555,0.27831318219271584,4,,,,,
86,86,SPL A  Path M 6A,0.214,12386.0,154.082,M 6A,,,,M,6,8.83333333333333,1935.549,1945.605293,1945.478103,-1.3741882309412718,26.17303768304381,-1.2716764466999466,-4.5918917170706735,1945.4355886666665,1945.381533972222,-1.168457117628881,26.1764137414598,-4.588616906646581,-0.9107542711707965,25.841887823323376,-4.913110392498094,-1.0083267177771915,25.780554711329856,-4.972604124462925,0.3273133017497487,0.32998883482882735,0.32009246967230925,-0.4634339597704753,0.3311498597204334,0.32121867542742066,-0.26019009625908535,0.3344680173504955,0.3244373215101553,-0.36586151316408033,0.3924829717139531,0.38071240739225143,1945-06-24 12:10:56.207997449,-1.0228415099412724,-0.8174079969622143,-0.5596306297263522,-0.6578563637910801,0.32713729669512,-0.4632108802149202,-0.3649851461501923,-0.26026603503686335,-0.9068724610183191,-0.46731576992295276,-0.5464219753595646,-0.4764195345817078,25.840705793094614,0.33233188994919516,-4.959744911788173,0.3678531947174992,6,,,,,
77,77,12 SPL A Path N 58A,0.264,10611.0,129.851,N 58A,,,8.0,N,58,9.0,1935.7156666666667,1944.912385,1945.581,-1.1353531539596395,26.265532790059762,-1.0799582647533315,-4.502170538314129,1945.5473479999998,1945.4698741388888,-1.318184175357916,26.142096764504355,-4.6219047174631305,-0.9126881763976527,25.82839046519359,-4.926202964857566,-1.013366524575776,25.774609605510733,-4.978370936558534,0.32689615971177527,0.3400688634505238,0.32987019823564007,-0.2226649775619869,0.43714232486617277,0.4240324265434374,-0.40149072757496646,0.31185563738655137,0.3025030868213297,-0.12198662938386362,0.49092318454902895,0.47620039824440497,1945-08-01 01:33:35.999996960,-0.7832861539596403,-0.9663527393579168,-0.5612702975087639,-0.6624135172424428,0.3267786004827336,-0.2220158564508764,-0.1208726367171975,-0.40108009403793005,-0.9150750391124738,-0.22027811484716575,-0.5603143691866652,-0.22297178477297508,25.83042356280941,0.4351092272503507,-4.969864846335579,0.46769430802144996,8,,,,,
87,87,SPL A  Path M 7A,0.3,18336.0,220.613,M 7A,,,8.0,M,7,9.0,1935.7156666666667,1945.616469,1945.582941,-1.4450111411728368,25.98771982040949,-1.3309033437275082,-4.771651897004588,1945.59347,1945.559739861111,-1.059508414383847,26.013108857396627,-4.747024277236698,-0.9266378957803995,25.820445092836444,-4.933910055497719,-1.0094490130460252,25.774229881126033,-4.978739273008933,0.3312089716907956,0.34368508921941743,0.3333779733937241,-0.5183732453924373,0.16727472757304795,0.16225815849313108,-0.13308530447748199,0.19078730281525816,0.18506559160382854,-0.4355621281268116,0.21348993928345905,0.20708737600434457,1945-08-01 18:33:47.375996582,-1.0929305541728376,-0.7073541243838473,-0.5749170087248441,-0.6580345412126917,0.33095800492717325,-0.5180135454479935,-0.4348960129601459,-0.13265641743118603,-0.9152572925713992,-0.5297538486014376,-0.5605241414642661,-0.5324064127085715,25.83005680558209,0.15766301482740275,-4.970085301800866,0.1984334047962779,8,,,,,
80,80,12 SPL A Path N 61A,0.215,15594.0,183.013,N 61A,,8.7,,N,61,9.03333333333333,1935.749,1945.247663,1945.616469,-0.5981609480190643,25.78607396172062,,-4.967250396391378,1945.610136666667,1945.6510552777775,-0.9751019612849147,25.799331267360106,-4.95439067734802,-0.9399432575410425,25.818129105714068,-4.9361565861662955,-1.0068988363612699,25.770331733020914,-4.982520515652382,0.34504278768542423,0.34281036717338614,0.3325294842618531,0.3417823095219782,-0.03205514399344622,-0.03109381022508284,-0.0428470761536518,-0.01498433298889997,-0.01453495284256423,0.4087378883422056,0.01574222869970754,0.015270119261003856,1945-08-14 00:16:06.384001635,-0.2458456650190639,-0.6228310046182479,-0.5879058146243757,-0.6550380212501589,0.3444368691958475,0.34206014960531184,0.40919235623109496,-0.042615041496244364,-0.9165878398217404,0.31842689180267614,-0.5642726350376425,0.31842697001857856,25.823012539672977,-0.036938577952355445,-4.974614714413745,0.007364318022366589,8,,,,,
78,78,12 SPL A Path N 59A,0.234,23352.0,274.48,N 59A,,,,N,59,9.01111111111111,1935.726777777778,1945.080024,1945.631,-0.8821337946628428,25.624200019950212,-0.8395320205596867,-5.1242697386480955,1945.6434700000002,1945.7418039166664,-0.6604679519128283,25.79210437898779,-4.961400831338053,-0.9301835020723465,25.804372602496514,-4.949500531852355,-1.0138533056845618,25.765960929559782,-4.986760238717716,0.3303856409802353,0.34134504487003275,0.3311081069743763,0.04804970740950365,-0.18017258254630164,-0.17476920679574093,0.27523235836270826,-0.013701415655601087,-0.013290510200090644,0.13171951102171897,-0.14176090960956955,-0.13750949993037942,1945-08-19 07:33:36.000002697,-0.5297167946628423,-0.3079636619128278,-0.5778250660167908,-0.6615453485456728,0.3292888644559051,0.04810827135394857,0.13182855388283055,0.27537521415900484,-0.9171551704177716,0.03502137575492881,-0.5659764341606076,0.03625963949776534,25.819510187325815,-0.19531016737560236,-4.976581458767529,-0.14768827988056632,8,,,,,
79,79,12 SPL A Path N 60A,0.249,9588.0,117.597,N 60A,,,,N,60,9.02222222222222,1935.7378888888888,1945.135904,1945.682941,-0.5011091130565775,25.96603915529254,-0.6604679519128283,-4.792682358974684,1945.6992113333333,1945.8346247777777,-0.8522511889292789,25.808496836396955,-4.945499983726589,-0.9369741712132202,25.794915675719594,-4.958673845395236,-1.0190743467909114,25.756587174331905,-4.9958528750263085,0.33966065954054814,0.335517737877086,0.3254555609181473,0.4358650581566428,0.1711234795729446,0.16599148642055184,0.08350336683431263,0.013962284842629439,0.013543555920197589,0.5179652337343339,0.20945198096063322,0.20317051605162462,1945-09-07 06:33:47.376000881,-0.14832852605657726,-0.499356709595945,-0.5842857475743314,-0.6663275959575781,0.33813109176798867,0.4359572215177541,0.5179990699010009,0.08370773818616493,-0.9178463113993819,0.4167371983428044,-0.5720666571490896,0.4237381310925123,25.806991043201993,0.15904811209054515,-4.984031025414956,0.19134866644027237,9,,,,,
88,88,SPL A  Path M 8A,0.312,20552.0,254.471,M 8A,,,,M,8,9.11111111111111,1935.8267777777778,1945.6947,1945.783693,-1.1735106590684161,25.835251333948115,-1.163966301034962,-4.919547853556988,1945.7714453333335,1945.9281455555554,-0.8493322916628756,25.784646397606007,-4.9686351478582,-0.9401059940052074,25.78431537644687,-4.96895624169277,-1.0258512044550292,25.749922322902147,-5.00231784756169,0.33925658861724645,0.33391189211353645,0.32389787446904583,-0.23340466506320867,0.050935957501245355,0.049408388135781856,0.09395727950335468,0.0014002300887341335,0.0013582371883720985,-0.14765945461338692,0.08532901104596746,0.08276999400470153,1945-10-14 01:09:02.448002674,-0.8200248080684156,-0.4959321743295418,-0.5870825297552077,-0.6726721908161405,0.33776305526430933,-0.2329422783132079,-0.1473526172522751,0.09433349309594764,-0.9154852220571905,-0.2580254370112256,-0.5740068877530672,-0.24601792031534842,25.782755899184345,0.05249543476377028,-4.999294592709806,0.07974673915281727,10,,,,,
89,89,SPL A  Path M 9A,0.266,13474.0,166.98,M 9A,,,,M,9,9.22222222222222,1935.937888888889,1945.80646,1945.847702,-0.8733771028636328,25.552648703577358,-0.9458137690411806,-5.193675231042928,1945.8465346666665,1946.0202070277778,-0.9458137690411809,25.55054609601929,-5.195714781400327,-0.9527885482802626,25.770507450385345,-4.98235006805171,-1.040156093112277,25.75135876631411,-5.000924483087651,0.3403613236376818,0.331706214366518,0.3217583449976595,0.07941144541662981,-0.21785874680798756,-0.2113251629912174,0.008751180081405852,-0.22375877605238395,-0.2170482503585731,0.1667789902486443,-0.19871006273675107,-0.19275074795527658,1945-11-06 09:52:10.272000838,-0.5194431888636326,-0.591888026374514,-0.5994287249469293,-0.6865161071400547,0.33882656399407574,0.07998553608329673,0.16707291827642212,0.009315062627702283,-0.9194501910998382,0.04607308823620537,-0.5734609903269114,0.054017801463278836,25.774510728499344,-0.22186202492198603,-5.0077054240086945,-0.18596980703423327,11,,,,,
90,90,SPL A  Path M 10A,0.32,20220.0,245.426,M 10A,1.0,9.0,,M,10,9.33333333333333,1936.049,1945.918219,1945.908209,-0.7905535451914933,25.2637382505324,-0.8446966564574906,-5.473921259601067,1945.9160363333333,1946.1130550833332,-0.8446966564574906,25.393170028382798,-5.348371140768404,-0.9708003050822896,25.768091789382808,-4.984693283380783,-1.0582064919676815,25.750127886754946,-5.002118448568834,0.33005438578332824,0.3328256106616817,0.3228441705979311,0.1802467598907963,-0.5043535388504097,-0.4892279762202838,0.11958037327710973,-0.3729824513886868,-0.36179670767154093,0.2676529467761881,-0.4863896362225475,-0.47180281103223276,1945-11-28 11:54:39.023998186,-0.43619608219149375,-0.49028440212415747,-0.6170980123045118,-0.7041000988843481,0.3286556951168373,0.18090193011301803,0.26790401669285435,0.12028807859192418,-0.9328648615685136,0.1423113163770202,-0.5728022769544157,0.1366061947629219,25.767302443510605,-0.5035641929782066,-5.015459907682049,-0.45846135191901727,11,,,,,
91,91,SPL A  Path M 11A,0.332,21055.0,260.992,M 11A,,,,M,11,9.44444444444444,1936.160111111111,1946.029978,1945.992198,-0.8701593213173455,25.36312313103863,-0.9749062231984388,-5.377516931661219,1945.996785333333,1946.2083516944444,-0.974906223198439,25.392977264408756,-5.348558123750862,-0.9692422358412485,25.759858199546294,-4.992679947858098,-1.0756259422120187,25.752202492453385,-5.00010606029529,0.3284575632533532,0.33411548579531647,0.3240953623763077,0.09908291452390294,-0.39673506850766316,-0.3848369838031216,-0.0008469022090009659,-0.3571280953613396,-0.346417823781452,0.20546662089467316,-0.38907936141475474,-0.377410871365929,1945-12-29 03:39:16.127997372,-0.5152139353173462,-0.6200786408651059,-0.6151907048968039,-0.7210529723509076,0.326692232419712,0.09997676957945778,0.20583903703356143,-7.50858571495483e-05,-0.9502471584252971,0.08008783710795153,-0.5716898693997581,0.056475934082411916,25.758109833385834,-0.3949867023472038,-5.026616115801266,-0.35090081585995314,12,,,,,
92,92,SPL A  Path M 12A,0.222,13394.0,160.075,M 12A,,,,M,12,9.55555555555555,1936.2712222222224,1946.141738,1946.089949,-1.2640058030864778,25.55207041165524,-1.0918339354257383,-5.194236179990298,1946.1022906666667,1946.309824861111,-1.0918339354257385,25.45794487747089,-5.285538889404463,-0.9821354220447756,25.722366090381186,-5.029047668669348,-1.0818457797144019,25.7528768474754,-4.999451929180389,0.335296686192316,0.30779587510306755,0.29856507680871636,-0.28187038104170226,-0.17029567872594598,-0.16518851132095058,-0.10563502724028473,-0.26892946712870963,-0.2608642724095181,-0.18216002337207593,-0.20080643582015867,-0.19478425080990913,1946-02-02 19:57:11.663997894,-0.908825905086478,-0.7366423574257386,-0.6277219478225535,-0.7268046357421796,0.3333762330102095,-0.28110395726392445,-0.1820212693442984,-0.10485960624028497,-0.9663066349596244,-0.2976991681268534,-0.5896749994845961,-0.31915090560188186,25.72922610852534,-0.17715569687009847,-5.031717308306873,-0.16251887168342538,2,,,,,
93,93,SPL A  Path M 13A,0.244,13718.0,170.802,M 13A,,,,M,13,9.66666666666666,1936.3823333333335,1946.253497,1946.224725,-1.1413366818733919,25.458641089718796,-1.064266923384997,-5.28486355656187,1946.2151346666667,1946.414256416667,-1.064266923384997,25.60450853272407,-5.1433706781723245,-1.007219066670337,25.698398743871316,-5.052296234457388,-1.078749067892141,25.754854059338893,-4.9975340139006805,0.3251250738269565,0.3186959344304388,0.30913824335685863,-0.13411761520305499,-0.2397576541525197,-0.23256732210448217,-0.06261485717796911,-0.10692242228421378,-0.1037158188399075,-0.0625876139812509,-0.2962129696200968,-0.2873295426611895,1946-03-24 00:35:27.600001101,-0.7858872318733918,-0.7088366540516639,-0.6524356008370036,-0.7232445508088078,0.32330830521715676,-0.13345163103638824,-0.06264268106458404,-0.06197052182611736,-0.9843864812932663,-0.15695020058012554,-0.6017705360087763,-0.18411669586461554,25.713406141258,-0.2547650515392057,-5.038794203913739,-0.24606935264813146,3,,,,,
94,94,SPL A  Path M 14A,0.286,16910.0,205.295,M 14A,,,,M,14,9.77777777777777,1936.4934444444445,1946.365256,1946.33073,-0.7874582851951217,25.802814096798173,-0.9137910330668815,-4.951012297964805,1946.332648333333,1946.522234972222,-0.9137910330668816,25.635738458668182,-5.113077337707278,-1.0156017099059715,25.71352803077235,-5.0376206748705155,-1.082016489651871,25.755544442572354,-4.99686433526039,0.32289797298623657,0.3259851523919558,0.31620885767171086,0.2281434247108498,0.08928606602582434,0.08660837690571022,0.11064602452965422,-0.07037224304339063,-0.06826177947451839,0.2945582044567492,0.047269654225818414,0.0458520372955844,1946-05-01 17:11:41.279996946,-0.43179682519512197,-0.558125736400215,-0.6604408480170826,-0.7260501700129818,0.32117918702863424,0.2286440228219606,0.2942533448178598,0.11114626152039475,-1.0157928262775786,0.22833454108245688,-0.6257288015140444,0.19393197631892245,25.68498723605032,0.11782686074785431,-5.048698035173599,0.09768573720879381,5,,,,,
95,95,SPL A  Path M 15A,0.27,14939.0,182.101,M 15A,,,,M,15,9.88888888888889,1936.6045555555556,1946.477016,1946.44249,-0.812578132132131,25.645760189487575,-0.7380372534497613,-5.103356158595158,1946.4444076666666,1946.6351132222226,-0.7380372534497613,25.72186836275078,-5.0295304694481215,-1.0504903962132988,25.70640533049105,-5.044529765370375,-1.0864833657229047,25.749848168613173,-5.0023897779635345,0.28842399457879764,0.3276226222057938,0.31779721976583153,0.23791226408116772,-0.06064514100347651,-0.058826393224783224,0.30696769337882807,0.016205247346234113,0.0157192519783201,0.2739052335907737,-0.1040879791255982,-0.10096638063162366,1946-06-11 12:12:44.639997067,-0.45669315213213124,-0.3821484381164281,-0.6949395449077431,-0.7300600079729049,0.28696169058391446,0.23824639277561188,0.2733668558407737,0.30730262059179086,-1.038228413347012,0.22565028121488107,-0.6377881953661022,0.18109504323397096,25.671877606507934,-0.026117417020358857,-5.052641309464422,-0.05071484913073654,6,,,,,
96,96,SPL A  Path M 16A,0.306,16626.0,208.837,M 16A,,,9.0,M,16,10.0,1936.7156666666667,1946.588775,1946.560003,-0.6140753430220312,25.717030801966576,-0.7029713097781197,-5.0342229517844,1946.5772663333335,1946.7510559166667,-0.7029713097781197,25.69786184677774,-5.052817030007124,-1.0689227343664978,25.69705598495022,-5.053598724038434,-1.0923919596758622,25.743576593434497,-5.008473268602603,0.2847274016352546,0.32326026361826476,0.3135656883123418,0.4548473913444666,0.019974817016354507,0.019375772254033308,0.3681040923361752,-3.809427190285911e-05,-3.695182468899105e-05,0.4783166166538311,-0.02654579146792102,-0.0257496831817976,1946-07-24 09:37:34.608001627,-0.25795533702203105,-0.34681677711145315,-0.7129727831998312,-0.7355177125925287,0.28336912107641254,0.4550174461778001,0.4775623755704977,0.36830807065098997,-1.041711623564078,0.42763628054204683,-0.6498946732971562,0.39193933627512517,25.659620986751005,0.057409815215571314,-5.055597931660247,0.02137497987584691,7,,,,,
97,97,SPL A  Path M 17A,0.26,12945.0,156.9,M 17A,,,,M,17,10.1111111111111,1936.8267777777778,1946.700534,1946.729306,-0.6822604541801969,25.730794548879068,-0.8697544177286457,-5.020871979641814,1946.7235516666667,1946.869137722222,-0.8697544177286458,25.515473863493437,-5.229735197672734,-1.0938130757630882,25.690238507707654,-5.060211745138497,-1.0945899342581233,25.738287283655705,-5.013603951981129,0.28298268931175014,0.32413204036810245,0.31441132047745146,0.4115526215828913,0.040556041171413426,0.039339765496682944,0.21743204691254145,-0.1717114345551399,-0.16656180863283124,0.41232948007792647,-0.007492734776636922,-0.007268027660685128,1946-09-24 04:43:14.015998467,-0.325801842180197,-0.5133073143953124,-0.737462215179755,-0.7372740525914564,0.2816777532723321,0.411660372999558,0.4114722104112594,0.2175193023199488,-1.0520227348159776,0.36976228063578076,-0.6760856793078122,0.3502838371276152,25.63223777531677,0.0985567735622972,-5.060887352245402,0.04001537260358745,9,,,,,
98,98,SPL A  Path M 18A,0.31,18768.0,238.209,M 18A,,,,M,18,10.2222222222222,1936.937888888889,1946.812294,1946.881346,-1.312927455983709,25.098596239634656,-0.9144904058711786,-5.634110661591986,1946.8548446666666,1946.9967199444445,-0.9144904058711786,25.391682968251754,-5.349813603966118,-1.0988235837939753,25.674261401487843,-5.075709697942776,-1.104683604237704,25.73016157912693,-5.021485966631085,0.2869451635744796,0.30250249928907663,0.2934304493353836,-0.2141038721897337,-0.5756651618531876,-0.55840096364921,0.18122301091665907,-0.28190777005452244,-0.2734533560305872,-0.20824385174600502,-0.6315653394922727,-0.6126246949609016,1946-11-18 16:35:27.455996659,-0.9561647639837092,-0.5577807165378453,-0.7420448517661975,-0.7469152851960373,0.28532398013748644,-0.2141199122175117,-0.20924947878767186,0.18115731949999225,-1.0636576295750526,-0.24926982640865636,-0.7039529712371166,-0.25221179274659256,25.6082612922864,-0.5096650526517443,-5.075969215613323,-0.5581414459786629,11,,,,,
99,99,SPL A  Path M 19A,0.244,13520.0,168.357,M 19A,1.0,10.0,,M,19,10.3333333333333,1937.049,1946.924053,1946.953882,-0.7482833074496298,25.34565811624153,-0.9797153034569103,-5.394458170664553,1947.001704,1947.1262458888891,-0.9797153034569103,25.264395544083225,-5.473283678283834,-1.0945035908064493,25.656272305723324,-5.093159300725318,-1.1236047308517108,25.72635949144018,-5.025174029708108,0.2862014586915251,0.27970441543799435,0.2713160800189929,0.34622028335681954,-0.3106141894817931,-0.3012988699392345,0.12002281510738393,-0.3922210176400623,-0.380458309321036,0.37532142340208097,-0.380701375198651,-0.36928414095644513,1946-12-15 04:00:22.752000675,-0.39137554344962977,-0.6226552674569104,-0.7373070411675603,-0.765383678323933,0.28450686647201945,0.3459314977179305,0.3740081348743032,0.11988344390368,-1.069446617922238,0.32116331047260815,-0.7128035837059008,0.32142804025627103,25.598781023759138,-0.25312290751760713,-5.081372675957148,-0.3130854947074049,12,,,,,
100,100,SPL A  Path M 20A,0.324,17185.0,205.466,M 20A,,,,M,20,10.5555555555555,1937.2712222222221,1947.147571,1947.169884,-0.8779351469373917,25.34893227637348,-0.9652943924565401,-5.391282202594962,1947.1534433333334,1947.2594176388889,-0.9652943924565403,25.40823771796695,-5.333755331194877,-1.1058871810924575,25.639315977958685,-5.109607108220298,-1.1422915748232112,25.72440306999018,-5.027071778078823,0.29028549581126684,0.2709846232147671,0.2628577943645386,0.22795203415506582,-0.2903837015852062,-0.28167509437466354,0.13734086230766487,-0.22889431721293008,-0.22202977663971377,0.2643564278858195,-0.375470793616703,-0.3642104245161386,1947-03-04 00:11:01.823997189,-0.520425494937392,-0.6078186897898736,-0.7482642411480132,-0.7836136044343223,0.2884621083535587,0.22783874621062117,0.2631881094969303,0.13720298606692402,-1.087078655419217,0.2091435084818254,-0.7313705144309847,0.21094501949359268,25.573129240274774,-0.22419696390129573,-5.090380145448794,-0.3009020571461676,3,,,,,
101,101,SPL A  Path M 21A,0.248,12648.0,158.54,M 21A,,,,M,21,10.7777777777777,1937.4934444444443,1947.37109,1947.336564,-1.2696647229825988,25.530122761285845,-1.220725629534981,-5.215525620325117,1947.3535920000002,1947.394550611111,-1.2207256295349809,25.59423133558533,-5.153339662168874,-1.107514992393708,25.615807821857636,-5.132410254719874,-1.1507885708675563,25.72492394604346,-5.026566523098381,0.2919923021548212,0.259840107507348,0.25204750268318254,-0.16214973058889082,-0.08568506057179093,-0.08311536560524324,-0.11418388642136301,-0.02388455603161314,-0.023168258196223885,-0.11887615211504254,-0.19480118475761543,-0.18895909722673565,1947-05-03 20:18:02.303998519,-0.911655030982599,-0.8626648535349811,-0.7494937452548194,-0.7916436169370008,0.2897572903075967,-0.16216128572777966,-0.12001141404559823,-0.11413861423617803,-1.1039232988703223,-0.16574142411227655,-0.7577432476036383,-0.15391178337896072,25.559914864896367,-0.029792103610521536,-5.104562610722724,-0.11096300960239258,5,,,,,
102,102,SPL A  Path M 22A,0.122,6033.0,73.132,M 22A,,,10.0,M,22,11.0,1937.7156666666667,1947.594609,1947.554328,-1.514577018684952,25.903638969096665,-1.3455728667434252,-4.853211163586543,1947.5117643333333,1947.528214222222,-1.3455728667434252,25.677606993412457,-5.07246444031998,-1.106223055854688,25.599223875034507,-5.1484968489777785,-1.1539067979623456,25.725606274352323,-5.025904657815503,0.2919685029099234,0.23505773931620524,0.22800835771408895,-0.40835396283026415,0.3044150940621577,0.2952856853912351,-0.24198427546205717,0.07750201089398583,0.07517772558727447,-0.36067022072260646,0.17803269474434202,0.17269349422895974,1947-07-22 07:54:47.807998151,-1.1559140346849524,-0.9870375737434255,-0.7478207314935768,-0.7942811218929012,0.2897304773019391,-0.4080933031913756,-0.3616329127920511,-0.24185210694353867,-1.1263005198387819,-0.3882764988461702,-0.8049243166159197,-0.3509897180690327,25.554632984611956,0.3490059844847089,-5.113719805797238,0.26050864221069503,7,,,,,
103,103,SPL A  Path M 23A,0.322,17960.0,223.757,M 23A,,,,M,23,11.0666666666666,1937.7823333333333,1947.661664,1947.644401,-1.2524768585627246,25.599059249854868,-1.422581482298419,-5.148656537048279,1947.6559100000002,1947.6632128055555,-1.422581482298419,25.778288165906314,-4.974802696189218,-1.097027725595708,25.585283250663277,-5.16201939402411,-1.1555962632729662,25.724229997961615,-5.027239659677257,0.28614856673090844,0.22606898587789448,0.2192891769913913,-0.15544913296701668,0.013775999191590671,0.013362856975831505,-0.3124099281422376,0.189996156318004,0.184298171590027,-0.09688059528975845,-0.125170748106747,-0.12141687737102203,1947-08-24 04:57:09.936000511,-0.8935436555627245,-1.0636137522984193,-0.7382419236512637,-0.7954796218840771,0.2836309165218289,-0.1553017319114608,-0.09806403367864747,-0.31223215821631184,-1.1490248716545584,-0.10345198690816626,-0.8142105495211656,-0.07933310604155897,25.549785747443373,0.049273502411494974,-5.124094262803999,-0.02456227424427926,8,,,,,
104,104,SPL A  Path M 24A,0.264,14865.0,183.385,M 24A,,,,M,24,11.1333333333333,1937.849,1947.72872,1947.769001,-1.5006905696475803,25.832166278767403,-1.2351665399309677,-4.92254038793283,1947.7535863333333,1947.8067769166664,-1.2351665399309677,25.693111104625505,-5.057425297402214,-1.1272638810181481,25.58036890306714,-5.166786360335845,-1.1472666826355924,25.720881026996203,-5.0304881950034135,0.2894193266060435,0.22348762583682968,0.2167852319379574,-0.3734266886294322,0.2517973757002636,0.24424597240301438,-0.11441734225703178,0.11393945543566748,0.11052241116715145,-0.3534238870119879,0.11128525177119997,0.10794780707058305,1947-10-08 16:26:55.535996508,-1.1413835666475807,-0.8759057809309677,-0.7680821271014815,-0.7866486360800369,0.28683834255212465,-0.3733014395460992,-0.3547349305675438,-0.11433892564592052,-1.1737481472457143,-0.326942422401866,-0.8255729506657911,-0.3158106159817896,25.54316044915806,0.2890058296093443,-5.139492352765165,0.2169519648323348,10,,,,,
105,105,SPL A  Path M 25A,0.32,14019.0,170.093,M 25A,,,,M,25,11.2,1937.9156666666668,1947.795776,1947.847357,-0.9523321915825982,25.64810778525424,-1.2188444742624174,-5.101078967225533,1947.837905,1947.9522328333333,-1.2188444742624174,25.686942990094696,-5.063408430178238,-1.1379559864079516,25.57186279383909,-5.175037371348141,-1.1458665338733836,25.71630479574518,-5.034927185079216,0.287206240285206,0.22756205715531072,0.2207374710611971,0.1856237948253534,0.07624499141514818,0.07395840412260846,-0.07627201991057726,0.11578839466014539,0.11231590070428894,0.19353434229078537,-0.06819701049094107,-0.06615178214631712,1947-11-06 06:50:50.352003213,-0.5927901205825978,-0.8593307592624173,-0.7783765151023962,-0.7847358023456055,0.284681304291764,0.18558639451979841,0.19194568176300764,-0.07633533559576229,-1.1913920629421952,0.23905987135959705,-0.8314668792570158,0.23867675867441795,25.541590518957285,0.10651726629695446,-5.146740232631585,0.04566126540605264,11,,,,,
106,106,SPL A  Path M 26A,0.276,14999.0,187.338,M 26A,,,,M,26,11.2666666666666,1937.9823333333334,1947.862831,1947.897357,-1.2035106615570734,25.58055490626246,-1.0851199540921408,-5.166605935376349,1947.912633,1948.0976348333331,-1.0851199540921408,25.60159606673172,-5.146195799309562,-1.1624974956294203,25.561232089397436,-5.185349260963593,-1.1600006121201696,25.712497891431223,-5.038619920332799,0.2683621540545809,0.21733090618193535,0.21081315230551118,-0.04101316592765314,0.01932281686502435,0.01874332558724401,0.073845517360785,0.038341599539679784,0.03719173496948643,-0.04351004943690384,-0.13194298516876302,-0.12798601504355034,1947-11-24 12:50:50.352001779,-0.8438185905570732,-0.7253820550921405,-0.8025276287960871,-0.7983439278562809,0.2659683514926861,-0.04129096176098612,-0.04547466270079226,0.07359516095337792,-1.2028144323801395,-0.0006962291769339046,-0.8320250525257441,-0.011793538031329098,25.539379749891303,0.041175156371156874,-5.148695126839974,-0.017910808536375278,11,,,,,
107,107,12 SPL A M 27A,0.272,13434.0,156.359,M 27A,1.0,11.0,,M,27,11.3333333333333,1938.049,1947.929887,1947.993185,-1.0995170091367505,25.576125508678462,-1.191025216301212,-5.1709024953268035,1948.0108126666667,1948.2513032777779,-1.191025216301212,25.573886803843493,-5.173074061403771,-1.1764429323214052,25.556668518339595,-5.18977597052541,-1.172219590819863,25.707750792370867,-5.043224653892335,0.28166521977643366,0.21309621113646177,0.20670545576445046,0.07692592318465463,0.01945699033886683,0.018873475198606826,-0.009448513792669977,0.012957800257558697,0.012569195827836962,0.07270258168311239,-0.13162528369240434,-0.12767784143446814,1947-12-29 12:18:02.160001244,-0.7395374541367504,-0.8310400769678784,-0.8160275042380719,-0.8100239654170851,0.2789013447563529,0.07649005010132148,0.07048651128033467,-0.009884480033410544,-1.2218792207364324,0.12236221159968186,-0.8269564273836583,0.08741897324690784,25.532825603594848,0.043299905083614476,-5.1517484058990135,-0.019154089427789955,12,,,,,
108,108,12 SPL A M 28A,0.312,15624.0,191.647,M 28A,,,,M,28,11.5555555555555,1938.2712222222221,1948.153405,1948.141896,-1.2700479782098117,25.56497999658956,-1.2494945259082784,-5.181713753508159,1948.1706683333334,1948.4068785277777,-1.2494945259082786,25.47547106202519,-5.268538315124945,-1.2057896795748002,25.564886403020775,-5.181804540205819,-1.1866918920736491,25.707931565560457,-5.043049302090703,0.3033865714762259,0.21857092534158062,0.212015983290559,-0.06425829863501153,9.359356878491099e-05,9.078669766005021e-05,-0.042718057777350084,-0.09227291629450345,-0.0895056515348293,-0.08335608613616263,-0.1429515689708971,-0.13866445141745665,1948-02-21 22:24:52.070402781,-0.9097641862098116,-0.8891554609082785,-0.8449116577692446,-0.8239397868514268,0.30032959022160993,-0.06485252844056699,-0.08582439935838482,-0.04326044668475756,-1.2352946689621749,-0.034753309247636865,-0.8279101077242487,-0.08185407848556292,25.522268170778222,0.042711825811338144,-5.152424190828424,-0.029289562679735148,2,,,,,
109,109,12 SPL A M 29A,0.256,13734.0,161.734,M 29A,,,,M,29,11.7777777777777,1938.4934444444443,1948.376924,1948.376924,-1.3789185903782735,25.285307680807545,-1.321655291354154,-5.452998696539872,1948.3596606666667,1948.5635307222224,-1.3216552913541542,25.330251547668166,-5.409402696246402,-1.23809679249658,25.581677013598707,-5.165517480039117,-1.1904768803686347,25.704881912088798,-5.046007496454745,0.31940829353650013,0.21799236632349048,0.21145477525742234,-0.14082179788169347,-0.29636933279116207,-0.28748121650075475,-0.08875658367969119,-0.25074253835105037,-0.24322276962590195,-0.18844171000963872,-0.4195742312812527,-0.4069912000851268,1948-05-17 22:54:01.497597381,-1.0181647423782736,-0.9609359700208205,-0.8767458806632464,-0.827148871979746,0.31609353414356156,-0.14141886171502716,-0.19101587039852763,-0.08939207385561714,-1.2543945758642423,-0.12452401451403117,-0.8517171140731767,-0.16644762830509685,25.536315748670003,-0.25100806786245755,-5.158518486710838,-0.2944802098290342,5,,,,,
110,110,12 SPL A M 30A,0.336,18846.0,228.25,M 30A,,,11.0,M,30,12.0,1938.7156666666667,1948.600443,1948.560162,-1.3159993054743766,25.14046696560739,-1.2578412263004175,-5.593495638691174,1948.5453719999998,1948.7213536666666,-1.2578412263004175,25.51835112658286,-5.226944223703356,-1.254809650952008,25.596418841438165,-5.1512177596165625,-1.1977676756564135,25.690793209467508,-5.0596736788844225,0.31532079437440685,0.2207178522090349,0.21409852382126046,-0.061189654522368686,-0.4559518758307739,-0.44227787907461114,-0.010829071800757428,-0.07593574828387517,-0.07365843519284206,-0.11823162981796309,-0.5503262438601162,-0.5338219598067511,1948-07-24 00:27:46.828799721,-0.9548789814743766,-0.8967504823004177,-0.8929741500631193,-0.8338360003508579,0.31197216159530944,-0.061904831411257244,-0.12104298112351863,-0.011575796467424126,-1.2688001407277614,-0.04719916474661523,-0.8702728298784765,-0.08460615159590001,25.54430342824056,-0.4038364626331692,-5.164798916906942,-0.4286967217842319,7,,,,,
111,111,12 SPL A M 31A,0.264,14443.0,174.705,M 31A,,,,M,31,12.1666666666666,1938.8823333333332,1948.768082,1948.69903,-1.0786057830486024,26.129278733333653,-1.254003146751111,-4.634338335879022,1948.7450646666666,1948.8780135,-1.254003146751111,25.592820101864508,-5.154708572990406,-1.2481300200503922,25.604764769563342,-5.143122125875862,-1.2058292343988863,25.687871843426773,-5.062507433157596,0.3176587293552966,0.224638654369806,0.21790174112523103,0.16952423700178976,0.5245139637703105,0.5087837899968397,-0.0007235708072869107,-0.012157550033696415,-0.01179294510818707,0.1272234513502839,0.4414068899068795,0.4281690972785741,1948-09-12 20:16:46.271999791,-0.7172077230486025,-0.8925130174177776,-0.8858040267726145,-0.8412757228294417,0.31455301743989905,0.16859630372401202,0.12406799978083927,-0.0015640100109904909,-1.2889462665515825,0.21034048350298007,-0.9084526021881354,0.19124487913953292,25.553193446557568,0.5760852867760846,-5.171132151741517,0.5367938158624952,9,,,,,
112,112,12 SPL A M 32A,0.304,17302.0,210.175,M 32A,1.0,12.0,,M,32,12.3333333333333,1939.049,1948.935721,1948.976002,-1.367404351730354,25.508714606652486,-1.26054089485344,-5.236291744401022,1948.9239536666666,1949.0335812222224,-1.26054089485344,25.773022371460467,-4.9799105694596335,-1.256899056829072,25.61374934469311,-5.134406998154232,-1.2093013759583657,25.69068359153673,-5.059780009373457,0.3189809748113281,0.22509508968958694,0.21834448794977226,-0.11050529490128191,-0.1050347380406258,-0.10188474624678978,-5.1540435939171715e-05,0.16632439071836558,0.1613363222407219,-0.15810297577198829,-0.18196898488424296,-0.17651173502756556,1948-12-23 05:12:05.644803405,-1.0054523477303539,-0.8986607111867732,-0.8940688453846276,-0.8441135803472548,0.315759218915121,-0.11138350234572625,-0.16133876738309905,-0.0010063630100131486,-1.3038165566592141,-0.06358779507113987,-0.9422775500618843,-0.06317479766846956,25.577522002064224,-0.06880739541173853,-5.172462782589177,-0.06382896181184528,12,,,,,
113,113,12 SPL A M 33A,0.262,13933.0,169.184,M 33A,,,,M,33,12.5555555555555,1939.2712222222221,1949.159239,1949.096829,-1.3356125497813636,25.681073774395255,-1.4043555191231694,-5.069101628098856,1949.1346,1949.1887385555556,-1.4043555191231694,25.573492854538216,-5.1734561961693855,-1.276438986373038,25.601579827969843,-5.146211551070972,-1.2237944184088085,25.690908545784627,-5.0595618015034525,0.3108442363949783,0.22642033303136916,0.21962998724373403,-0.05917356340832547,0.07949394642541208,0.07710992297211572,-0.12869367208659946,-0.030943322763480552,-0.03001533251380521,-0.11181813137255503,-0.00983477138937161,-0.009539826595403866,1949-02-05 08:13:19.344002228,-0.9733220627813634,-1.0419437197898358,-0.9130901723730381,-0.857954785242142,0.3076370634641516,-0.06023189040832522,-0.11536727753922138,-0.1296344520865994,-1.3211156301556664,-0.014496919625697213,-0.9777700031928516,0.004447940411488216,25.581678316990306,0.09939545740494893,-5.172859886338083,0.10375825823922646,2,,,,,
114,114,12 SPL A M 34A,0.27,14756.0,178.017,M 34A,,,,M,34,12.7777777777777,1939.4934444444443,1949.382758,1949.330969,-1.5100496558577907,25.530690182566904,-1.4170895139503221,-5.214975216008277,1949.371545,1949.3429795555555,-1.4170895139503223,25.6729357969915,-5.076995547560274,-1.2936474979075996,25.59797935924213,-5.149704041741535,-1.2280072931343282,25.684953657041877,-5.065338103132809,0.30143669038075743,0.22672807275955492,0.21992849785747137,-0.21640215795019113,-0.06728917667522794,-0.06527117426674156,-0.12472130887283521,0.07516221817009949,0.07290810324717789,-0.2820423627234625,-0.15426347447497335,-0.14963711287546833,1949-05-01 19:17:18.384003013,-1.1470567488577905,-1.053974878950322,-0.9297687853520438,-0.8614939608426616,0.298321621093811,-0.21728796350574675,-0.2855627880151289,-0.1254906065765389,-1.341017396217346,-0.16903225964044477,-1.0279487743026856,-0.11910797455510491,25.59687754746094,-0.06618736489403787,-5.1671406723570055,-0.04783454365127149,5,,,,,
115,115,12 SPL A M 35A,0.236,12838.0,156.954,M 35A,,,12.0,M,35,13.0,1939.7156666666667,1949.606276,1949.686837,-1.4056063362118123,25.80704343401234,-1.3275080300520592,-4.946909798573689,1949.639194,1949.4971069722221,-1.3275080300520592,25.679290805949986,-5.070831125320453,-1.3070181309518232,25.593761549252225,-5.153795359609848,-1.238127390212438,25.68433935136742,-5.065933985780091,0.28037135835634636,0.2258607754831405,0.2190872108263764,-0.09858820525998913,0.21328188476011434,0.20688556103615952,-0.01809181525049493,0.08706757145350608,0.08445641498561478,-0.1674789459993744,0.12270408264491905,0.11902418720640195,1949-09-08 16:41:31.631999008,-1.0415458252118124,-0.9635904480520593,-0.9425938593962676,-0.8709260425041045,0.2778357426977539,-0.09895196581554477,-0.17061978270770783,-0.018612467648643178,-1.3426003148238832,-0.0630060213879291,-1.019317647115367,-0.022228178096445284,25.61624905083161,0.19079438318073016,-5.162043809194703,0.21513401062101423,9,,,,,
116,116,12 SPL A M 36A,0.234,13139.0,155.351,M 36A,1.0,13.1,,M,36,13.4333333333333,1940.1490000000001,1949.991846,1949.899776,-1.0668680980865748,25.700138801270715,-1.2927045508601405,-5.050608361379393,1949.876153,1949.6538592777777,-1.2927045508601405,25.662475062343933,-5.08714256477576,-1.3275830155452701,25.584928794995083,-5.162363219566819,-1.2413291679777494,25.673281926410038,-5.076659798562999,0.25962030999575403,0.22656522128592202,0.21977053029953222,0.26071491745869535,0.11521000627563183,0.11175485818742636,0.0341127796930523,0.07052491457168959,0.06840987238368494,0.1744610698911746,0.026856874860676783,0.026051437183606474,1949-11-25 10:02:15.935999192,-0.7021687700865749,-0.9280900405268072,-0.9625712964619368,-0.8734115483249717,0.25731745040494614,0.260402526375362,0.17124277823839684,0.033712477461570724,-1.344411817184611,0.2775437190980361,-1.0336030158414036,0.3314342457548287,25.615899557836954,0.08423924343376044,-5.158547740758975,0.10793937937958198,11,,,,,
117,117,12 SPL A M 37A,0.26,13040.0,159.372,M 37A,,13.2,,M,37,13.5333333333333,1940.249,1950.142721,1950.041846,-1.4056392182820343,25.480242951748746,-1.3017655847183012,-5.2639095343742,1950.0948373333333,1949.8089206944449,-1.3017655847183012,25.502375272141865,-5.242440962269666,-1.3458508451624849,25.597160099069423,-5.150498732301669,-1.2506249994903282,25.662785026239522,-5.086841896697397,0.2808302793627087,0.21090447202614443,0.2045794469100539,-0.05978837311954943,-0.11691714732067737,-0.11341080207253107,0.047321995009492336,-0.093960464765298,-0.09114259042698632,-0.15501421879170607,-0.18254207449077597,-0.177067637676803,1950-01-16 06:34:15.456002452,-1.0405555262820343,-0.9366093180516346,-0.9802423981069293,-0.8819732143236618,0.27788670738184706,-0.060313128175105035,-0.15858231195837247,0.04686077318541811,-1.3475205522919556,-0.058118665990078755,-1.0611764699366901,0.020620943654655832,25.601166488643976,-0.12092353689522994,-5.161068405337996,-0.10284112903620368,1,,,,,-1.499569599999995
118,118,12 SPL A M 38A,0.24,12966.0,151.839,M 38A,,,,M,38,13.7666666666666,1940.4823333333334,1950.377416,1950.34289,-1.4327894377862946,25.326744063406142,-1.3090906982077446,-5.412804991055406,1950.2592086666666,1949.9664178055557,-1.3090906982077446,25.491832573193985,-5.252667485676102,-1.3738288784756256,25.60691831665699,-5.141033163659552,-1.2615009537201916,25.657587203188015,-5.091883837035592,0.26954126105927434,0.20702670050300795,0.20081796975489602,-0.058960559310669014,-0.28017425325084844,-0.27177182739585426,0.06043219811744557,-0.11667937434593038,-0.11318015990929513,-0.17128848406610309,-0.33084313978187296,-0.320921154019814,1950-05-06 03:42:59.039996769,-1.067103657786295,-0.9435722808744114,-1.0075965791422923,-0.8920992215257473,0.2664989108941182,-0.05950707864400262,-0.17500443626054762,0.05971302366374176,-1.366558220552997,-0.06623121723329772,-1.0721637681652636,0.005060110378968696,25.58470280179254,-0.2579587383863995,-5.15531720410082,-0.2574877869545862,5,,,,,-1.138532000000158
119,119,12 SPL A M 39A,0.242,11963.0,145.828,M 39A,,,13.0,M,39,14.0,1940.7156666666667,1950.61211,1950.39289,-1.088843438554905,25.668510704427067,-1.2118707093969228,-5.081287931598698,1950.39289,1950.1225715,-1.211870709396923,25.493704036959524,-5.250852147108893,-1.38888896533746,25.621457426893333,-5.126930081339198,-1.261186881405745,25.651374369010703,-5.097910348315926,0.2558404882323265,0.2067699917499324,0.2005689596973256,0.300045526782555,0.04705327753373467,0.04564214974049996,0.16942713858886974,-0.12601036284665193,-0.1222313120648808,0.1723434428508399,0.017136335416363835,0.01662241671722775,1950-05-24 09:42:59.040002506,-0.7230576585549049,-0.8460849293969228,-1.0220169363652378,-0.8910401084335228,0.25309276906258293,0.29895927781033294,0.16798244987861788,0.16833465412590665,-1.3695644948832317,0.28072105632832667,-1.0723389787182374,0.34928132016333246,25.58389445882031,0.08461624560675673,-5.152617222927037,0.07132929132833876,5,,,,,-1.0570639999997704
120,120,12 SPL A M 40A,0.28,14578.0,174.15,M 40A,,,,M,40,14.0833333333333,1940.799,1950.69593,1950.44289,-1.1139792518495688,25.485857343045357,-1.2964950778771258,-5.258463518672574,1950.5401856666667,1950.2787518333332,-1.296495077877126,25.58784183191064,-5.159537544628356,-1.381175700144292,25.6307674558682,-5.117899260133286,-1.2636222272967665,25.645871331604177,-5.103248349630632,0.26360561719015674,0.21005937625103255,0.20375969555723855,0.2671964482947231,-0.14491011282284205,-0.1405642585392881,0.08394290028508804,-0.0396767590795856,-0.038486853074788684,0.14964297544719773,-0.16001398855881988,-0.15521516904194232,1950-06-11 15:42:59.040001072,-0.7480934718495688,-0.9304147065437925,-1.0136452350609584,-0.8927091975606554,0.2616861719623102,0.2655517632113896,0.1446157257110866,0.08249049364619909,-1.3704017975436955,0.2564225456941267,-1.071280439322404,0.32318696747283526,25.583962431724363,-0.0981050886790058,-5.150815799348753,-0.107647719323821,6,,,,,-0.9370639999997703
121,121,12 SPL A4 M 41A,0.192,7707.0,94.251,M 41A,,,,M,41,14.1666666666666,1940.8823333333332,1950.779749,1950.784777,-1.6866625432269038,25.609157448259506,-1.355897127924082,-5.138861183613795,1950.69836,1950.4328745555556,-1.355897127924082,25.470998293015143,-5.272876945792382,-1.3712492690048896,25.630330890209155,-5.118322733188217,-1.2622583086119705,25.63979644946575,-5.109141046053729,0.26516236565721873,0.20949162964823664,0.20320897567506035,-0.31541327422201415,-0.02117344194964943,-0.020538450425577892,0.016361149525258283,-0.16183097284260484,-0.15697766196705634,-0.42440423461493326,-0.030639001206242966,-0.02972013756006575,1950-10-14 10:38:47.472002409,-1.3200929892269038,-0.9895004079240818,-1.0030534291437785,-0.8905578335841928,0.26347388225913154,-0.3170395600831253,-0.42953515564271094,0.014556548858591442,-1.3663756214855893,-0.32028692174131446,-1.0672483873861494,-0.2528446018407544,25.611287417454342,-0.002129969194836434,-5.139253951345408,0.0003927677316131195,10,,,,,-0.4
122,122,12 SPL A4 M 42A,0.332,18299.0,219.701,M 42A,,,,M,42,14.25,1940.9656666666667,1950.863569,1950.867413,-1.2670495886957727,25.317980087740562,-1.446105192317374,-5.421306135090777,1950.8565343333332,1950.588486666667,-1.446105192317374,25.503490443797656,-5.241359234611835,-1.3643498631988384,25.637389451495885,-5.111475858154474,-1.2773022681696071,25.63652306144992,-5.112316265162962,0.2714967574878072,0.21266476520153146,0.20628694889311242,0.09730027450306578,-0.31940936375532303,-0.30983027693630305,-0.08265251607161588,-0.13164764202761367,-0.12769952924320607,0.010252679473834458,-0.31854297370935925,-0.3089898699278155,1950-11-13 14:32:16.367998179,-0.9003147626957728,-1.0793921236507076,-0.9954722061432828,-0.9047849056557182,0.2705465978518021,0.09515744344750998,0.004470142959945411,-0.08482162618272722,-1.3753287060367865,0.10827911734101381,-1.0736545830861703,0.17333982039039753,25.622263824195507,-0.3042837364549449,-5.125977283947142,-0.29532885114363516,11,,,,,-0.5817911999998449
123,123,12 SPL A4 M 43A,0.288,14854.0,178.933,M 43A,1.0,14.0,,M,43,14.3333333333333,1941.049,1950.947388,1950.917413,-1.3846034450294458,25.5833337953929,-1.4423998045683633,-5.163910385130933,1951.0335276666665,1950.7446290833334,-1.4423998045683633,25.524092219666425,-5.221375306001373,-1.3547588965335464,25.637693915770768,-5.111180524763196,-1.285305596840845,25.63377649543678,-5.114980461661365,0.27263896978131247,0.21295922941765055,0.2065725821273901,-0.029844548495899348,-0.054360120377868526,-0.0527298603677373,-0.07606514124585768,-0.1144957048943193,-0.11106197870453993,-0.09929784818860066,-0.05044270004388096,-0.048929923469567704,1950-12-01 20:32:16.367996745,-1.017768619029446,-1.0747012352350298,-0.9851858571168796,-0.9119453776047339,0.2718768635884364,-0.03258276191256637,-0.105823241424712,-0.0779467721625244,-1.3824210931481515,-0.002182351881294231,-1.0723105721294268,0.05454195309998089,25.629527450231155,-0.04619365483825533,-5.117872310264209,-0.04603807486672373,12,,,,,-0.7017911999998449
124,124,12 SPL A4 M 44A,0.238,13056.0,158.81,M 44A,,,,M,44,14.5555555555555,1941.2712222222221,1951.170907,1951.315757,-1.6755463799798715,25.670962775865807,-1.6633366096650573,-5.078909397782407,1951.2271936666666,1950.9032636388886,-1.6633366096650573,25.700929707786184,-5.049841174150326,-1.379895230235132,25.640680406415573,-5.108283598972828,-1.2941888370642725,25.626775242054634,-5.121771747454582,0.276168396716229,0.21386140602445367,0.20744770245775543,-0.2956511497447396,0.03028236945023366,0.029374201190420557,-0.28790168962234336,0.059806888938606306,0.058013280339336205,-0.3813575429155991,0.04418753381117213,0.04286234967217428,1951-04-26 06:01:52.752002398,-1.306020323979871,-1.2943538863317234,-1.009605325957354,-0.9199651859392726,0.2750862886876916,-0.2964149980225168,-0.3860551380405983,-0.289217090011232,-1.3959942904116929,-0.2795520895681787,-1.0706866435115912,-0.23533368046827974,25.65426265194514,0.016700123920667664,-5.108311004601988,0.029401606819580373,4,,,,,0.25781680000005314
125,125,12 SPL A4 M 45A,0.246,14390.0,170.992,M 45A,,,,M,45,14.7777777777777,1941.4934444444443,1951.394425,1951.448411,-1.9298600039858544,25.848492552099838,-1.8530053314470958,-4.906703739537637,1951.4372853333334,1951.0653134722222,-1.8530053314470958,25.795885186434546,-4.957733410306624,-1.3916506333594632,25.644994134356384,-5.104099239732962,-1.3005553140214063,25.6250885957183,-5.1234078112672945,0.27744977549428584,0.21417994066142274,0.207756684240962,-0.5382093706263913,0.20349841774345379,0.19739550019532537,-0.4616288838938944,0.15140322559786057,0.1468626428621791,-0.6293046899644481,0.22340395638153865,0.21670407172965778,1951-06-13 16:04:49.296002468,-1.5592727159858537,-1.482507048780428,-1.0206192058872408,-0.9254655248547397,0.2761941624502299,-0.538653510098613,-0.6338071911311141,-0.4621716843661161,-1.4071697839101789,-0.5226902200756756,-1.0838314694328919,-0.4754412465529618,25.65374790281623,0.19474464928360646,-5.099749640410784,0.19304590087314732,6,,,,,0.576186400000348
126,126,12 SPL A4 M 46A,0.218,11097.0,136.036,M 46A,,,14.0,M,46,15.0,1941.7156666666667,1951.617944,1951.547688,-1.953609610375561,25.868200231337998,-1.7850972800247253,-4.88758709359983,1951.5566410000001,1951.2308601944444,-1.7850972800247253,25.870173905565682,-4.8856726098622305,-1.4025834790650085,25.647771341738103,-5.101405320800621,-1.310092300307367,25.628626400364606,-5.119976105382327,0.2733333945429365,0.21390945864460692,0.20749431397983056,-0.5510261313105524,0.22042888959989426,0.21381822720079136,-0.38311540091789426,0.22261687199042157,0.21594059199942736,-0.6435173100681939,0.23957383097339147,0.23238901178249716,1951-07-19 21:44:48.768003389,-1.58222810637556,-1.413644152024725,-1.0307815613983415,-0.9341325293212562,0.27225893746381186,-0.5514465449772186,-0.6480955770543039,-0.38347488324196805,-1.41078380584576,-0.5428258045298009,-1.0957740500999673,-0.4864540562755928,25.647071884581454,0.2211283467565437,-5.0964731817138,0.20888608811397003,7,,,,,0.714451200000089
127,127,12 SPL A4 M 47A,0.258,13967.0,163.362,M 47A,,,,M,47,15.0555555555555,1941.7712222222221,1951.673824,1951.673824,-1.4718222257127604,25.89382893325922,-1.4829903089055438,-4.862726996449226,1951.650405,1951.3972156944446,-1.4829903089055438,25.871517662919576,-4.884369151791378,-1.4117115248960215,25.6499056246313,-5.099335045051391,-1.3199245464618639,25.637210697043265,-5.111649251761065,0.2742662892170398,0.21344260335661663,0.2070414596819271,-0.06011070081673897,0.24392330862791667,0.23660804860216533,-0.07375866449584985,0.2192185646118349,0.21264419985912544,-0.1518976792508966,0.25661823621595303,0.24892225531183954,1951-09-03 22:41:53.663998984,-1.0994316337127608,-1.1107870689055437,-1.0391070390626882,-0.9430878906007529,0.27303404539270965,-0.06032459465007256,-0.15634374311200783,-0.07417418445881285,-1.4268929358496758,-0.04492928986308464,-1.107618181334011,0.008186547621250151,25.63845269862832,0.25537623463089787,-5.0912702136597865,0.2285432172105608,9,,,,,0.9585888000000147
128,128,12 SPL A4 M 48A,0.236,12365.0,150.749,M 48A,,,,M,48,15.1111111111111,1941.8267777777778,1951.729703,1951.729703,-1.0235390906283097,25.852523824161526,-1.317461107415644,-4.902793365325078,1951.7428966666666,1951.5632514722222,-1.317461107415644,25.842812850603774,-4.912213106785835,-1.4133999292680515,25.659220328553833,-5.090299689099497,-1.3251260970308332,25.643372583108068,-5.105672160659345,0.2742457357881663,0.2041933655978509,0.1980696065635459,0.38986083863974175,0.19330349560769378,0.18750632377441967,0.09238917801485917,0.1806558852146504,0.1752380152170631,0.30158700640252345,0.2091512410534584,0.202878795334267,1951-09-24 08:11:53.807999123,-0.65070146662831,-0.9445179340823106,-1.0399500528791625,-0.9474031070724998,0.2730143879328147,0.38924858625085257,0.2967016404441898,0.09187304483893295,-1.434120929725931,0.41058183909762125,-1.1088122029427456,0.45811073631443566,25.641380413571042,0.21114341059048414,-5.0905649085458275,0.18777154322074985,9,,,,,1.051287200000022
129,129,12 SPL A4 M 49A,0.268,14980.0,178.816,M 49A,,,,M,49,15.1666666666666,1941.8823333333332,1951.785583,1951.825163,-1.4570220059058612,25.78208579439057,-1.3238189484373584,-4.971118958583201,1951.8237533333333,1951.7284717777775,-1.3238189484373584,25.666440371104173,-5.083296175625242,-1.4044394021274358,25.67734494298223,-5.072718631857805,-1.3254783289045209,25.64936117071565,-5.099863170794112,0.2826598577730799,0.18487647680454974,0.17933203126515376,-0.052582603778425385,0.10474085140834077,0.10159967327460429,0.0831278426980574,-0.0016944368415536815,-0.0016436206806753617,-0.1315436770013403,0.1327246236749211,0.12874421221091126,1951-10-29 04:25:40.367999211,-1.0834207019058613,-0.9502289217706915,-1.0301158448218801,-0.9468507664600766,0.2823818242636482,-0.05330485708398114,-0.13656993544578466,0.08238848168879816,-1.4419848010424539,-0.015037204863407316,-1.107845593317742,0.024424891411880756,25.650524503103277,0.13156129128729432,-5.094081359305866,0.12296240072266507,10,,,,,1.1196088000001687
130,130,12 SPL A4 M 50A,0.29,14323.0,175.083,M 50A,,,,M,50,15.2222222222222,1941.937888888889,1951.841463,1951.916394,-1.4908957487779044,25.364711494760417,-1.4600007673533675,-5.375976202967447,1951.912241,1951.8926353055556,-1.4600007673533675,25.5543135348137,-5.192060328095362,-1.4030010420107601,25.667839152301113,-5.081939343876397,-1.3246779891117053,25.655376709832616,-5.094028037695264,0.2844911034702284,0.16910000784679594,0.1640286986114401,-0.08789470676714428,-0.3031276575406956,-0.29403685909105004,-0.05848780577252929,-0.11921841730681611,-0.11564305697178472,-0.16621775966619912,-0.2906652150721989,-0.28194816527218336,1951-12-01 11:36:41.184002589,-1.1165645967779039,-1.0857028393533674,-1.027786312677427,-0.9451036227505943,0.285367077229739,-0.08877828410047695,-0.17146097402730953,-0.05941211166141813,-1.4413916126172102,-0.04950413616069427,-1.1100527681756693,-0.006511828602234537,25.664740204031396,-0.300028709270979,-5.095847063456084,-0.280129139511363,12,,,,,0.9006543999997126
131,131,12 SPL A4 M 51A,0.208,9904.0,120.435,M 51A,,,,M,51,15.2777777777777,1941.9934444444443,1951.897342,1951.995166,-1.4320845473763366,25.516143315290112,-1.339466142922775,-5.229085822735438,1952.0067166666668,1952.0533163888888,-1.339466142922775,25.482014817460122,-5.262190806915512,-1.3970984406043183,25.675411761078205,-5.07459383763653,-1.3297048234558564,25.656213444772035,-5.093216396436676,0.28743988220912137,0.16787012501156326,0.16283569996243608,-0.0349861067720183,-0.15926844578809352,-0.15449198509890838,0.05626430191630424,-0.19001926337749828,-0.18432058566880727,-0.10237972392048023,-0.14007012948192354,-0.13586942629876209,1951-12-30 05:39:14.975997683,-1.0571232193763371,-0.964448606256108,-1.0209700255765408,-0.9491556499836342,0.2888254854440689,-0.03615319379979631,-0.10796756939270291,0.0551418859903785,-1.446387739254172,0.014303191877835353,-1.1102591944711324,0.053135975094795285,25.670782028834477,-0.1546387135443652,-5.095682304205536,-0.13340351852990207,12,,,,,0.667402400000233
132,132,12 SPL A4 M 52A,0.22,11439.0,137.256,M 52A,1.0,15.0,,M,52,15.3333333333333,1942.049,1951.953222,1952.10859,-1.0954181326140835,25.565189642329823,-1.3166996598449041,-5.181510395043649,1952.1587150000003,1952.2155317222225,-1.3166996598449041,25.498049451080618,-5.246637051957291,-1.3870918519021587,25.67285132913353,-5.077077482227185,-1.339277787822309,25.658321046192892,-5.091172001982432,0.29579066465605824,0.16848313055972605,0.1634303214742095,0.2916737192880752,-0.10766168680370569,-0.10443291281646339,0.07217767254451753,-0.17751831066568732,-0.17219453652882452,0.2438596552082255,-0.09313140386306884,-0.0903383930612165,1952-02-09 17:51:16.416001558,-0.7196580026140831,-0.940590266178237,-1.0100151384854918,-0.9577157689889757,0.298017261759724,0.29035713587140877,0.23805776637489262,0.07120141178525856,-1.444429940894196,0.3490118082801126,-1.1040018778199177,0.3843438752058346,25.675468236705502,-0.11027859437567855,-5.096125219552371,-0.085385175491278,2,,,,,0.4196919999999588
133,133,12 SPL A4 M 53A,0.214,10498.0,128.717,M 53A,,,,M,53,15.5555555555555,1942.2712222222221,1952.176741,1952.372389,-1.422596299544292,25.412815395621916,-1.4961945847872709,-5.329314938092786,1952.3148453333336,1952.3753494166667,-1.4961945847872709,25.50564274142087,-5.239271484394341,-1.3824417046617876,25.67844019502718,-5.071656226421684,-1.3526148042774522,25.660957580290724,-5.0886145375421945,0.29511753612662733,0.1669628706881689,0.1619556541962003,-0.04015459488250439,-0.26562479940526273,-0.25765871167110177,-0.11173848187878066,-0.16888858374344196,-0.16382361511697793,-0.06998149526683983,-0.24814218466880789,-0.24070040055059128,1952-05-16 07:03:53.913603541,-1.0449895765442911,-1.1189906674539367,-1.0043898698284544,-0.9700334821107854,0.2972669114978997,-0.04059970671583679,-0.0749560944335057,-0.11259624972137276,-1.4427781094278944,0.02018180988360241,-1.084209550473759,0.039219973929467855,25.693472322658202,-0.2806569270362864,-5.091983210409774,-0.2373317276830118,5,,,,,0.20313319999986848
134,134,12 SPL A4 M 54A,0.236,12061.0,143.014,M 54A,,,,M,54,15.7777777777777,1942.4934444444443,1952.400259,1952.463557,-1.9705693222034366,25.53892318631087,-1.7162193761568085,-5.20698912004659,1952.4865746666667,1952.5298362500002,-1.7162193761568088,25.549564177108937,-5.196667252562556,-1.3838347521615237,25.67230245133223,-5.077609899183221,-1.3688375127057968,25.662869081175284,-5.086760362569165,0.29534827558196197,0.16615961086242267,0.16117648413262772,-0.5867345700419129,-0.13337926502135744,-0.12937922086336862,-0.3252117544909689,-0.12378262059610516,-0.12007037980442921,-0.6017318094976398,-0.12394589486441276,-0.12022875747742479,1952-06-18 15:53:04.876801172,-1.5923244232034364,-1.3378133534901417,-1.0047782448837461,-0.9852199810669079,0.2973259696486145,-0.5875461783196902,-0.6071044421365285,-0.3258775194261539,-1.4404817305107713,-0.5300875916926653,-1.073865820880406,-0.5184586023230304,25.696776266700734,-0.157853080389863,-5.088837824981141,-0.11815129506544864,6,,,,,-0.006268400000124042
135,135,12 SPL A4 M 55A,0.296,14713.0,179.621,M 55A,,,15.0,M,55,16.0,1942.7156666666667,1952.623778,1952.623778,-1.7554925067226972,25.696953949394032,-1.7153867009631882,-5.0536976995482945,1952.6262506666665,1952.6832993333333,-1.7153867009631885,25.702739126862227,-5.048086019552369,-1.4067464081742076,25.669297746755728,-5.080524492669477,-1.370245147147386,25.676105014433112,-5.073921374949735,0.3019753975032191,0.16661924805414263,0.16162233680496793,-0.3487460985484896,0.027656202638304705,0.026826793121182746,-0.3128214054019692,0.03025291802712715,0.029345633015492645,-0.3852473595753112,0.020848934960920218,0.02022367540144021,1952-08-16 07:15:57.427196901,-1.376126060722698,-1.336002946296522,-1.0266393874797632,-0.9855859071473859,0.3033128356147079,-0.3494866732429347,-0.390540153575312,-0.31355233487419176,-1.4349893391854345,-0.3205031675372627,-1.0684392019727844,-0.3076868587499135,25.701713318985124,-0.004759369591091911,-5.075541462200053,0.021843762651758247,8,,,,,-0.0014664000001189115
136,136,12 SPL A4 M 56A,0.254,16576.0,193.279,M 56A,,,,M,56,16.1666666666666,1942.8823333333332,1952.791417,1952.791417,-1.420098273963431,25.87234024488178,-1.389192652238222,-4.883571239062224,1952.7914169999997,1952.8354058055556,-1.389192652238222,25.8115259995523,-4.942561665174274,-1.4171147263479258,25.675858428417346,-5.074160565850888,-1.3813801694373007,25.68245292240018,-5.067763840742602,0.30827844248897385,0.16358475736939965,0.15867885049586009,-0.002983547615505122,0.1964818164644342,0.1905893267886638,0.02371398274174959,0.13416030244001576,0.13013683496984077,-0.038718104526130226,0.18988732248159934,0.18419260168037788,1952-10-16 15:48:24.940797165,-1.0395583549634315,-1.0086527332382227,-1.0359342019034812,-0.9956419451595229,0.30882832143487,-0.0036241530599503413,-0.04391640980390865,0.02306728709360073,-1.4311188348825254,0.011020560919094535,-1.0709895327356207,0.03143117777218918,25.70918725255115,0.1631529923306303,-5.063619525200009,0.18004828613778479,10,,,,,0.10029960000019801
137,137,12 SPL A4 M 57A,0.328,17011.0,207.022,M 57A,1.0,16.0,,M,57,16.3333333333333,1943.049,1952.959056,1952.959056,-0.9919871760285384,25.865283804381082,-1.1897703158861481,-4.890416056912304,1952.951073,1952.981841888889,-1.1897703158861483,25.875182218211297,-4.880814496512862,-1.4148587704177817,25.686940916163774,-5.06341044191198,-1.3866214465339024,25.687668308469824,-5.062704864101185,0.3084575670492486,0.15238880487344056,0.14781866461525325,0.4228715943892434,0.17834288821730837,0.1729943849996758,0.2278946492820362,0.19007617395963905,0.1843757895025894,0.39463427050536404,0.17761549591125814,0.17228880718888107,1952-12-17 00:20:52.454397429,-0.6102737840285389,-0.808147053552815,-1.0325864716122262,-0.9998028753116803,0.3091338517647952,0.42231268758368723,0.3895290912831414,0.22722572549499878,-1.423711474584282,0.4317242985557437,-1.057163444588483,0.44688966055994406,25.727814938357916,0.13746886602316621,-5.054153006549219,0.16373694963691499,12,,,,,0.10260159999997523
138,138,12 SPL A4 M 58A,0.23,11487.0,134.107,M 58A,,,,M,58,16.4761904761904,1943.191857142857,1953.102746,1953.102746,-1.1572254976664749,25.88792260537102,-1.0511036410799666,-4.868456193564057,1953.1027463333332,1953.1316921388889,-1.0511036410799668,25.868791288643106,-4.887013762103301,-1.4210213987388451,25.692518788173846,-5.057999850283486,-1.3810459824085999,25.688792245385688,-5.061614634053431,0.3039411937137299,0.15534132220571098,0.15068263595272985,0.2637959010723703,0.1954038171971746,0.18954365671942863,0.37001937918165345,0.17753483777449355,0.172210567989637,0.22382048474212501,0.19913035998533246,0.19315844048937336,1953-02-07 12:03:17.856000777,-0.7746090216664747,-0.6685008110799666,-1.0375976636277342,-0.993136762991933,0.3054127052823005,0.2629886419612595,0.21852774132545827,0.3691851485057274,-1.4148510595272559,0.257625561860781,-1.039618355179494,0.26500933351301925,25.736882296047977,0.1510403093230437,-5.049854759423139,0.18139856585908198,2,,,,,0.5465904000000106
139,139,12 SPL A4 M 59A,0.262,12939.0,157.7,M 59A,,,,M,59,16.6190476190476,1943.3347142857144,1953.246437,1953.246437,-1.0040982495448867,25.853167456177214,-1.1055798389694738,-4.902169035833541,1953.246437,1953.2834423055554,-1.1055798389694738,25.86140568473714,-4.894177871748131,-1.4274888916282333,25.694309648268217,-5.056262698083348,-1.3796726535058215,25.68314510665119,-5.06709241509728,0.29966817359606895,0.15324827150536893,0.1486523558428907,0.42339064208334665,0.15885780790899773,0.15409366224980658,0.31970380959324113,0.1682371326455486,0.16319170103750627,0.3755744039609348,0.17002234952602535,0.16492337926373857,1953-03-31 22:47:17.232000455,-0.6206196275448865,-0.7221012169694735,-1.0428737435171223,-0.9906669547697103,0.3018888471671176,0.4222541159722357,0.3700473272248238,0.31855181348213024,-1.410564050315442,0.4064658007705553,-1.0357224996382113,0.41510287209332475,25.741544064644557,0.11162339153265677,-5.048932899904464,0.14676386407092235,3,,,,,0.6457244000000251
140,140,12 SPL A4 M 60A,0.196,10519.0,124.402,M 60A,,,,M,60,16.7619047619047,1943.4775714285713,1953.390128,1953.390128,-1.1554157696970595,25.843126992663176,-1.3389180746938756,-4.911908385846793,1953.3982553333335,1953.4307266666667,-1.3389180746938756,25.817305299102546,-4.93695568681754,-1.427340655321066,25.692677219832703,-5.057846169990077,-1.3878453670460957,25.673180728621805,-5.0767579614295615,0.29953759709285205,0.15448922038038138,0.1498560886611417,0.2719248856240064,0.15044977283047345,0.14593778414328362,0.09024351004713715,0.12307961072408229,0.11938845319846465,0.23242959734903623,0.16994626404137136,0.16484957558276836,1953-05-23 09:31:16.608000133,-0.7710750016970594,-0.9545285426938753,-1.041487684209955,-0.9977314455738736,0.30069186301488765,0.2704126825128955,0.22665644387681416,0.08876334658417435,-1.41262402782515,0.25720825812809056,-1.0338576082106385,0.2627826065135791,25.74661623705633,0.09651075560684674,-5.042823827798828,0.13091544195203486,5,,,,,0.8
141,141,12 SPL A4 M 61A,0.26,12752.0,155.168,M 61A,,,,M,61,16.9047619047619,1943.6204285714286,1953.533818,1953.558201,-1.8572402048396803,25.75562144846725,-1.5464537161899132,-4.9967896387722845,1953.5598266666668,1953.5799281944444,-1.5464537161899132,25.778199184420686,-4.9748890091200915,-1.4326552072737386,25.695690197034473,-5.054923551974588,-1.387027138030187,25.66861440769857,-5.081187338388308,0.29830712987700253,0.14788951574232906,0.14345430916518326,-0.4245849975659417,0.05993125143277567,0.058133913202303766,-0.11782836915860347,0.08463724722768025,0.08209897618332018,-0.47021306680949326,0.08700704076867893,0.08439769961602384,1953-07-23 17:50:26.736001693,-1.47189099883968,-1.161094756189913,-1.0455142401070718,-0.9957798742385204,0.29971637647418886,-0.42637675873260816,-0.47611112460115956,-0.11962653372341818,-1.4166074347186166,-0.4406327701210637,-1.0096436650787097,-0.46224733376097027,25.735592373347767,0.020029075119481377,-5.040119086648449,0.04332944787616455,7,,,,,0.7
142,142,12 SPL A4 M 62A,0.268,14568.0,172.862,M 62A,,,,M,62,17.047619047619,1943.7632857142858,1953.677509,1953.731151,-1.6267051740329999,25.73584911213163,-1.6590149444696862,-5.015969002741198,1953.7474063333332,1953.731683138889,-1.6590149444696864,25.722525178339733,-5.0288933517586765,-1.4258801784991246,25.692318394711837,-5.058194233945571,-1.3980228449368994,25.66906629549687,-5.080749002705081,0.3021742665930192,0.15185496388128794,0.14730083351445544,-0.20082499553387523,0.04353071741979164,0.04222523120437316,-0.23128058397159615,0.028686090058627656,0.02782579421776858,-0.22868232909610042,0.06678281663475971,0.06477999996388295,1953-09-24 20:52:57.935998559,-1.240318268033,-1.2725305064696864,-1.0374027430824582,-1.005620116992455,0.30440360326836113,-0.20291552495054188,-0.23469815104054503,-0.2332569969160406,-1.4280680156914882,-0.19863715834151163,-0.9999095106130989,-0.2404087574199012,25.724420459925756,0.01142865220587197,-5.028657178963074,0.012688176221876013,9,,,,,0.8
143,143,12 SPL A4 M 63A,0.296,14249.0,172.872,M 63A,,,,M,63,17.1904761904761,1943.9061428571429,1953.821199,1953.952867,-1.493099454536379,25.676104974420316,-1.5728207522318869,-5.073921413762548,1953.938237333333,1953.8742962777776,-1.5728207522318873,25.6845894224322,-5.065691414346538,-1.4246676957214073,25.693508673097,-5.057039652009177,-1.4043973299401518,25.671506837039892,-5.078381653002936,0.30122994791054375,0.15185072513948955,0.14729672189252363,-0.06843175881497165,-0.017403698676684343,-0.016881761753371194,-0.15117315381173177,-0.008141732740223043,-0.007897562175343134,-0.08870212459622717,0.00459813738042314,0.004460239240388297,1953-12-14 19:06:53.711999029,-1.105382252536379,-1.1850606342318872,-1.0349035454714073,-1.0108081236762627,0.30249857986311385,-0.07047870706497172,-0.09457412886011629,-0.15317407108950984,-1.4211175582237812,-0.07198189631259777,-0.9990765032463766,-0.10630574929000236,25.699212957697757,-0.023107983277441235,-5.019950802279279,-0.05397061148326898,12,,,,,0.8
144,144,12 SPL A4 M 64A,0.224,12155.0,146.537,M 64A,1.0,17.0,,M,64,17.3333333333333,1944.049,1953.96489,1954.130694,-1.5986576281262828,25.641814180744664,-1.5104860768113364,-5.1071838265358664,1954.1459243333331,1954.0147733333336,-1.5104860768113364,25.646185392394546,-5.102943707523365,-1.4143949210399342,25.69236639770844,-5.058147670558835,-1.407618206707917,25.673828682662162,-5.076129439530876,0.2895903116198746,0.15080262096666594,0.14628005036384278,-0.1842627070863485,-0.05055221696377643,-0.04903615597703137,-0.09688110441517335,-0.046687758036539385,-0.045287592173023285,-0.19103942141836572,-0.032014501917497995,-0.031054387004990858,1954-02-17 16:52:45.983998378,-1.2094813821262833,-1.1211256248113368,-1.0233534008732674,-1.0128152728745838,0.2895666306707286,-0.18612798125301588,-0.19666610925169947,-0.09856334251702566,-1.418738393785345,-0.1799192343409377,-0.9963671277302153,-0.21311425439606801,25.689382346325893,-0.04756816558122878,-5.017464727630629,-0.08971909890523744,2,,,,,0.4658360000002775
145,145,12 SPL A4 M 65A,0.254,13171.0,157.113,M 65A,,,,M,65,17.5555555555555,1944.2712222222221,1954.188408,1954.354212,-1.439701147771348,25.62063702201866,-1.343926368103281,-5.12772588227168,1954.3309996666667,1954.154459722222,-1.343926368103281,25.6851347625977,-5.065162428932607,-1.401752300427148,25.692744380487817,-5.057781023483012,-1.4061752508301022,25.671941939031214,-5.077959599720334,0.2749416630711462,0.15127225788563226,0.1467356028716094,-0.03794884734420001,-0.07210735846915739,-0.0699448587886673,0.05993688675563258,-0.006677605060376142,-0.00647734368461587,-0.03352589694124575,-0.051304917012554796,-0.04976628255134585,1954-05-10 06:53:49.631998781,-1.0485132397713484,-0.9529473711032814,-1.009429900538259,-1.0101156549412136,0.2735329808670584,-0.039083339233089376,-0.03839758483013478,0.058591084061187404,-1.4059643558949675,-0.033736791876380456,-0.9895565340783455,-0.05895670569300282,25.68112461883447,-0.06048759681581117,-5.013429984229573,-0.11429589804210671,5,,,,,-0.47505439999993093
146,146,12 SPL A4 M 66A,0.264,12921.0,157.87,M 66A,,,,M,66,17.7777777777777,1944.4934444444443,1954.411927,1954.508093,-0.9934203284122121,25.79295308502977,-1.1533154316772827,-4.960577577990275,1954.4904073333335,1954.2933523055556,-1.1533154316772827,25.733553458620605,-5.018195809603427,-1.3954425431096582,25.690326324777963,-5.060126561702126,-1.408739812717971,25.675199679811747,-5.074799558585804,0.27589250578795327,0.14863894404479155,0.1441812621128548,0.40202221469744615,0.1026267602518054,0.09954898371185106,0.24669172875453602,0.04121069957602567,0.03997479069573876,0.41531948430575905,0.11775340521802136,0.1142219805955289,1954-07-05 10:53:40.847997386,-0.6008474914122128,-0.760901765677283,-1.0018320640818803,-1.0114083520513044,0.27475763075953435,0.40098457266966747,0.4105608606390916,0.24548472457860973,-1.4005983163116393,0.4071779878994273,-0.9837267952446251,0.3828793038324123,25.68384172151348,0.1091113635162877,-5.018038340854717,0.05746076286444168,7,,,,,-0.5597115999998828
147,147,12 SPL A4 M 67A,0.3,17546.0,204.586,M 67A,,,17.0,M,67,18.0,1944.7156666666667,1954.635446,1954.608917,-1.0268248188482878,25.787070268813384,-1.0583852827863167,-4.966283968548328,1954.6258436666667,1954.4339996944445,-1.0583852827863167,25.787117292156996,-4.966238355434794,-1.4028266377586496,25.693957571867955,-5.056604215712361,-1.4123085860043352,25.68149048068039,-5.068697418835211,0.2691287886545048,0.1542071477967634,0.14958247543430647,0.3760018189103618,0.09311269694542901,0.09032024716403253,0.3385234179678987,0.0933546349509804,0.09055492944879943,0.3854837671560474,0.10557978813299229,0.10241345028688276,1954-08-11 06:06:46.512000613,-0.6333445658482877,-0.6647526897863171,-1.0078975061475388,-1.0136764411710015,0.26913742867453894,0.3745529402992511,0.38033187532271384,0.3372033003290095,-1.4110153509229635,0.3841905320746757,-0.9916132350456521,0.35826866919736444,25.683974851037522,0.10309541777586162,-5.027365838906928,0.06108187035859913,8,,,,,-0.7614008000000116
148,148,12 SPL A4 M 68A,0.302,15900.0,194.023,M 68A,,,,M,68,18.0833333333333,1944.799,1954.719265,1954.760521,-1.1549107010984505,25.781328522627827,-1.0523702921501163,-4.97185351976578,1954.7686729999998,1954.578974,-1.0523702921501166,25.71909900527604,-5.032216773892187,-1.3924569213943387,25.69700407497212,-5.053649077236295,-1.422862061850778,25.6715934955108,-5.0782975934195695,0.27412647915069177,0.15705500514361698,0.15234492553932866,0.23754622029588823,0.08432444765570679,0.0817955574705147,0.3403811144137712,0.018496102471273684,0.01794140435815894,0.2679513607523274,0.1097350271170292,0.1064440736537895,1954-10-05 14:09:50.255997668,-0.7600660120984511,-0.6574522351501167,-0.9961384001165611,-1.0228850409618888,0.2749290707398813,0.23607238801810992,0.26281902886343766,0.3389667761359932,-1.418617735458276,0.26370703435982557,-0.9843287494831089,0.22426273738465774,25.695249620368674,0.08607890225915327,-5.032977325421356,0.06112380565557629,10,,,,,-0.8373748000001118
149,149,12 SPL A4 M 69A,0.24,13438.0,156.616,M 69A,,,,M,69,18.1666666666666,1944.8823333333332,1954.794901,1954.936581,-0.9753753565036108,25.588898224386913,-1.1576434709354964,-5.158512833362451,1954.9271693333333,1954.7258352222223,-1.1576434709354964,25.700705367251032,-5.050058786712827,-1.3829706605386745,25.710847061574228,-5.040221241802381,-1.4301618519305004,25.67355167217241,-5.076398142476041,0.27652114216767065,0.1486680749479294,0.14420951938020868,0.4075953040350636,-0.12194883718731475,-0.11829159156007041,0.22913508228784765,-0.008132589312301283,-0.00788869295882518,0.45478649542688954,-0.08465344778549877,-0.0821146908864101,1954-12-08 20:26:58.415997881,-0.5789461275036114,-0.7611864056021634,-0.9852211275942301,-1.0288365375416113,0.2777987432666214,0.4062750000906187,0.4498904100379999,0.22782102117673597,-1.42282758278877,0.4474522262851591,-0.9966090409025653,0.4176629133989539,25.70887650280406,-0.11997827841714681,-5.018074439987695,-0.1404383933747564,12,,,,,-0.7
150,150,12 SPL A4 M 70A,0.244,13732.0,167.355,M 70A,,,,M,70,18.25,1944.9656666666667,1954.886904,1955.084406,-1.3426443552044274,25.731889354738353,-1.2579252526367848,-5.01981000701025,1955.0897833333331,1954.8763858611112,-1.2579252526367848,25.635624080039815,-5.1131882861205815,-1.3849080777370184,25.71866273314365,-5.03263996222333,-1.4374909400753126,25.67707432744951,-5.072981131630701,0.27711877723228884,0.14550192037597298,0.1411383177838648,0.04226372253259103,0.013226621594704113,0.012829955213080169,0.1307714859894733,-0.08359705530922075,-0.08108997962049773,0.09484658487088526,0.0548150272888428,0.05317112462045159,1955-01-31 19:23:47.615998249,-0.9445470772044281,-0.8596735106367855,-0.9856627526259074,-1.0347880144503123,0.277928920705422,0.041115675421479314,0.09024093724588422,0.12977881771169475,-1.4246818764093783,0.08203752120495089,-0.9946869565310386,0.05013987932661046,25.71280543690191,0.019083917836443476,-5.013474421625427,-0.006335585384823261,1,,,,,-0.6487128000001109
151,151,12 SPL A4 M 71A,0.222,14453.0,171.619,M 71A,1.0,18.0,,M,71,18.3333333333333,1945.049,1954.970724,1955.248363,-1.4557560462023162,25.58608466099417,-1.5633627053166468,-5.161242017989043,1955.2524053333334,1955.0251747222221,-1.5633627053166468,25.636647817416357,-5.112195250627962,-1.3982114776030814,25.728153611329223,-5.02343371547454,-1.432143666247119,25.68207873508945,-5.068126806175884,0.27430574771302063,0.14634599318695615,0.14195707685124723,-0.05754456859923485,-0.14206895033505162,-0.13780830251450293,-0.16562551691450558,-0.09256075319309669,-0.0897848562048346,-0.02361237995519727,-0.09599407409528027,-0.09311521181315907,1955-04-01 15:39:35.567997686,-1.0555273272023171,-1.1630814359833133,-0.9974731048253034,-1.0280398643304522,0.275323780163151,-0.05805422237701374,-0.027487462871864876,-0.1660799282756168,-1.4232427269569063,-0.0325133192454099,-0.9608399413182174,-0.09468738588409975,25.73587737914804,-0.14979271815386852,-5.009167159779118,-0.15207485820992517,4,,,,,-0.7480355999999155
152,152,12 SPL A4 M 72A,0.234,13501.0,164.224,M 72A,,,,M,72,18.6666666666666,1945.3823333333332,1955.306001,1955.424447,-1.8916877145431963,25.59196943651654,-1.7087808110937992,-5.155533726884592,1955.396829666667,1955.1697228333335,-1.7087808110937992,25.63149386302594,-5.117194637926204,-1.4100920098663232,25.74080936735548,-5.011157505571511,-1.4275401251256374,25.679622241605955,-5.070509629419806,0.2844659923349614,0.1377442131433723,0.1336132641911692,-0.48159570467687307,-0.14883993083894254,-0.14437622131308103,-0.30779983222656854,-0.10984377313456051,-0.10654955837825408,-0.46414758941755885,-0.08765280508941586,-0.08502409746478534,1955-06-04 22:09:20.592003159,-1.489169903543195,-1.3066220254271323,-1.007868665671879,-1.0220332863061927,0.28409464558070635,-0.48130123787131596,-0.46713661723700217,-0.3078649631987906,-1.4265921295310535,-0.46509558501214276,-0.9430309031504546,-0.5461390003927403,25.72044723584783,-0.12847779933128933,-5.009622835530718,-0.14591089135387403,6,,,,,-0.7406635999998258
153,153,12 SPL A4 M 73A,0.24,14197.0,170.843,M 73A,,,18.0,M,73,19.0,1945.7156666666667,1955.50625,1955.517679,-1.7788986725358853,25.71642749156712,-1.6740538037933967,-5.034808168904977,1955.5189050000001,1955.3131273888887,-1.6740538037933967,25.67803685012035,-5.07204747501476,-1.3946394491322875,25.755049929796808,-4.997344017597799,-1.4261412691627704,25.67598020472676,-5.074042441612996,0.2677695217195276,0.1426878019775315,0.13840859479619433,-0.38425922340359775,-0.03862243822968736,-0.037464151307178284,-0.2761661639942011,-0.07324542497820374,-0.0710487946831068,-0.3527574033731149,0.040447286840361585,0.03923427270801927,1955-07-08 22:52:04.944001380,-1.3751688455358848,-1.2703080387933958,-0.9909294161878428,-1.0192219701211036,0.2658445598319114,-0.384239429348042,-0.3559468754147812,-0.27614624111457076,-1.4206929167281812,-0.3582057558077041,-0.9497360876420884,-0.4254327578937964,25.712631803244054,0.003795688323066315,-5.009325601716533,-0.025482567188443994,7,,,,,-0.7
154,154,12 SPL A4 M 74A,0.248,13605.0,165.108,M 74A,,,,M,74,19.0666666666666,1945.7823333333333,1955.65105,1955.614589,-1.3515750243011082,25.725713622277386,-1.4803905849833958,-5.025800529254713,1955.6399223333335,1955.4576943333332,-1.4803905849833958,25.770485070211436,-4.982371777044206,-1.3889314603989757,25.757987528143367,-4.994494517825652,-1.424529187729289,25.673434943797165,-5.07651137016731,0.2619852048043532,0.14254610761121814,0.13827114984392694,0.03735643609786754,-0.032273905865981334,-0.03130601142906109,-0.09108230589619319,0.014846187549270695,0.014400950384668931,0.07295416342818073,0.05227867848022072,0.05071084091259692,1955-08-13 07:47:58.704000745,-0.946585367301108,-1.0750715946500622,-0.9836873111767537,-1.0161784762987331,0.2585010333907579,0.03710194387564569,0.06959310899762516,-0.09100308077582257,-1.4143586173365694,0.06278359303546122,-0.9595499214810324,0.01296455417992437,25.706285208694535,0.01942841358285108,-5.012536717123139,-0.013263812131573793,8,,,,,-0.7
155,155,12 SPL A4 M 75A,0.25,13202.0,159.082,M 75A,,,,M,75,19.1333333333333,1945.849,1955.730381,1955.787499,-1.3106980581131942,25.869314096789797,-1.3363606927606135,-4.886506632972928,1955.769328,1955.5989935277778,-1.3363606927606135,25.715118675169936,-5.036077733898409,-1.3843539277303447,25.753879190046316,-4.998479646863174,-1.424245050106938,25.67525539757567,-5.074745511797628,0.2628632684641928,0.1412818876082059,0.13704484379880438,0.07365586961715054,0.11543490674348078,0.11197301389024616,0.048373191506795865,-0.03777590919434933,-0.036643009677609285,0.11354699199374374,0.19405869921412844,0.18823887882470025,1955-10-15 10:29:28.464000795,-0.9034605711131939,-0.9293594287606134,-0.9775888142581225,-1.0144521336347154,0.25973208343324455,0.07412824314492861,0.11099156252152154,0.04860871002531449,-1.4193745965931657,0.1086765384799715,-0.9821044823040833,0.07864391119088943,25.700856442303895,0.168457654485902,-5.018070363293762,0.1315637303208339,10,,,,,-1.3849963999998454
156,156,12 SPL A4 M 76A,0.274,15074.0,181.237,M 76A,,,,M,76,19.2,1945.9156666666668,1955.793344,1955.905896,-1.3468089958675382,25.550328306442626,-1.4462776967165383,-5.195926039467587,1955.926803,1955.7380998333335,-1.4462776967165383,25.65667747593785,-5.092766281565527,-1.3809162646729076,25.746817034903174,-5.005330007973574,-1.4275285855776323,25.673219330985653,-5.076720516750607,0.26888148683267804,0.14190689261453787,0.13765110490499585,0.034107268805369406,-0.19648872846054743,-0.19059603149401294,-0.06182228657986991,-0.08887437340972208,-0.08620903095116302,0.08071958971009408,-0.12289102454302636,-0.11920552271697993,1955-11-27 15:38:56.255999506,-0.9380323478675384,-1.0372292577165385,-0.9726282909229076,-1.0162499486331877,0.26850487478694646,0.03459594305536917,0.07821760076564932,-0.06106339585764786,-1.4216373269672768,0.07482833109973863,-0.9900645407620233,0.05203219289448491,25.704013101970727,-0.15368479552810044,-5.02377619622751,-0.17214984324007698,11,,,,,-1.6258495999999703
157,157,12 SPL A4 M 77A,0.274,16296.0,200.575,M 77A,,,,M,77,19.2666666666666,1945.9823333333334,1955.90541,1956.087014,-1.681326036168883,25.550390024581123,-1.4955028303428015,-5.195866172256064,1956.0771926666666,1955.8752633611111,-1.4955028303428015,25.50905519934268,-5.235961366085611,-1.3880960380067533,25.735959323093223,-5.015862097006342,-1.4346534681054728,25.676309589056928,-5.073722935518889,0.266175038178088,0.1457047971249895,0.14133511025917872,-0.2932299981621298,-0.18556929851209958,-0.18000407524972228,-0.10205177248513016,-0.2215275885720326,-0.21488397619075647,-0.2466725680634103,-0.12591956447580444,-0.12214323673717509,1956-02-01 20:19:51.513598537,-1.2701948541688837,-1.0844993256761353,-0.9782804803956423,-1.0218612310082504,0.2663503840170413,-0.29191437377324136,-0.24833362316063323,-0.10086617356846395,-1.4150848508932081,-0.266241185275675,-0.9759335373731794,-0.2942613167957042,25.714299897131536,-0.16390987255041267,-5.026917646315693,-0.16894852594037157,2,,,,,-0.936749600000291
158,158,12 SPL A4 M 78A,0.268,14672.0,172.145,M 78A,1.0,19.0,,M,78,19.3333333333333,1946.049,1956.025659,1956.238668,-1.4583734589919832,25.426447267004274,-1.426800634768071,-5.316091886533183,1956.2354243333332,1956.0105016666664,-1.426800634768071,25.479595401121106,-5.264537664958513,-1.411340870893353,25.708972005747725,-5.042040064704649,-1.4324062041193957,25.679325409788245,-5.070797559251305,0.2682140343259347,0.2023418443811506,0.1962736124681344,-0.0470325880986302,-0.28252473874345085,-0.27405182182853416,-0.020556538625759384,-0.23522667503466485,-0.22817222705037507,-0.025967254872587553,-0.25287814278397036,-0.2452943272818784,1956-03-28 08:27:34.963198781,-1.0452707749919838,-1.0137401184347374,-0.9999906850044642,-1.01808339543884,0.2682107862984839,-0.045280089987519645,-0.027187379553143876,-0.01885843284798161,-1.418458315359106,-0.03991514363287729,-0.9687039614674812,-0.07656681352450267,25.71632018267083,-0.2898729156665567,-5.026906977301484,-0.28918490923169937,3,,,,,-0.5635984000000215
159,159,12 SPL A4 M 79A,0.246,15964.0,194.686,M 79A,,,,M,79,19.4666666666666,1946.1823333333334,1956.151587,1956.380591,-1.1407024091433464,25.461948911777927,-1.4103242893724577,-5.281654936086291,1956.356363,1956.1457900555554,-1.4103242893724577,25.53406965883798,-5.211697090230575,-1.4192953795268282,25.69953489962637,-5.051194152013422,-1.4302701514037126,25.684441629402006,-5.065834775063758,0.26462954063378136,0.20382328236165853,0.19771062212360635,0.27859297038348174,-0.2375859878484441,-0.23046078407286874,0.005271280647158316,-0.1679167044794466,-0.162880882512107,0.2895677422603662,-0.2224927176240783,-0.21582016102253299,1956-05-19 07:06:40.838403001,-0.7257547261433452,-0.9956915703724576,-1.0063738913601614,-1.0143985910287123,0.2653260774586713,0.2806191652168162,0.2886438648853671,0.0069749244249362645,-1.414105759891464,0.2734033507481175,-0.9406926728519327,0.21493794670858746,25.72427226108756,-0.2623233493096322,-5.034626624248414,-0.24702831183787666,5,,,,,-0.5
160,160,12 SPL A4 M 80A,0.22,13396.0,156.249,M 80A,,,,M,80,19.5999999999999,1946.3156666666666,1956.24478,1956.44983,-1.6318969999820438,25.713812797731723,-1.4442131748594031,-5.0373444480722505,1956.4453353333336,1956.2797946388891,-1.4442131748594031,25.661044115873764,-5.088530597161291,-1.4161504596386671,25.697452184578168,-5.053214406437332,-1.4277812258679836,25.68561651952644,-5.064695119894155,0.25990680409915023,0.20361676776876145,0.1975103009033501,-0.2157465403433767,0.016360613153555192,0.01586995836508187,-0.026683219630624772,-0.03729142543554905,-0.03617305558673559,-0.20411577411406023,0.028196278205282255,0.02735067182190498,1956-06-13 15:18:24.192000631,-1.2160492099820437,-1.028423815526069,-1.001634908027556,-1.0103130291318725,0.2582018528834634,-0.21441430195448774,-0.2057361808501712,-0.02542186857506838,-1.4086149534134242,-0.2232820465686196,-0.9268498155426206,-0.2891993944394231,25.724145316151482,-0.010332518419758685,-5.040131841636111,0.002787393563860263,6,,,,,-0.5
161,161,12 SPL A4 M 81A,0.252,13556.0,165.618,M 81A,,,,M,81,19.7333333333333,1946.449,1956.378891,1956.505585,-1.5600401154528196,25.80737063811164,-1.5634707945833763,-4.94659240732533,1956.5106043333335,1956.4134080555555,-1.5634707945833763,25.800997015746304,-4.952774884755926,-1.4171440265208401,25.698019539723397,-5.05266406627291,-1.4228113201730541,25.68477198884857,-5.065514323096996,0.260801533356805,0.20375522190138956,0.1976446027965407,-0.14289608893197947,0.10935109838824175,0.10607165894758008,-0.14815498774659844,0.10254443311704382,0.09946912556786429,-0.1372287952797655,0.12259864926306818,0.11892191577166589,1956-07-04 01:03:31.104003482,-1.1434675104528182,-1.1468329382500426,-1.0009970414652847,-1.003742984284165,0.25762307374432414,-0.14247046898753357,-0.13972452616865327,-0.14767262696882058,-1.4027624994337093,-0.15727761601911028,-0.9235710659734866,-0.21989644447933165,25.722033899986613,0.08533673812502585,-5.045730340325276,0.09913793299994644,7,,,,,-0.5567020000001199
162,162,12 SPL A4 M 82A,0.292,17837.0,208.52,M 82A,,,,M,82,19.8666666666666,1946.5823333333333,1956.513002,1956.576398,-1.4984752683152653,25.881807611395555,-1.434395448683735,-4.874387798870199,1956.5853133333333,1956.5450283055554,-1.434395448683735,25.83198572573724,-4.922715526177622,-1.412652934350826,25.69988602358622,-5.05085355826113,-1.4151119712004776,25.679642532574245,-5.070489946977658,0.26084826649190773,0.20385647449796404,0.19774281882774405,-0.08582233396443928,0.18192158780933454,0.1764657593909309,-0.024250136138451766,0.1346911201569926,0.13065173346348433,-0.08336329711478774,0.2021650788213094,0.1961021481074594,1956-07-29 23:04:48.115197673,-1.0809820943152664,-1.0167863753504016,-0.9948489843508259,-0.9944014568671441,0.2577017522562896,-0.08613310996444046,-0.08658063744812228,-0.02446294313845195,-1.409479686681649,-0.08899558163361632,-0.923640526362815,-0.15734156795245136,25.7172320135839,0.16457559781165543,-5.052026850827216,0.17763905195701746,7,,,,,-0.6
163,163,12 SPL A4 M 83A,0.296,15663.0,190.754,M 83A,,,19.0,M,83,20.0,1946.7156666666667,1956.647113,1956.673957,-1.24467096228312,25.806778927704524,-1.3441709095301313,-4.947166372337335,1956.6811213333333,1956.6779969166664,-1.3441709095301313,25.890611752833802,-4.865847693633683,-1.4006389767641834,25.693978253431123,-5.056584154389277,-1.4077877705308546,25.67640990749147,-5.073625625634203,0.2619940554047994,0.2086137090930186,0.2023573839572931,0.15596801448106334,0.11280067427340157,0.10941778205194197,0.06161962623083539,0.19559731680479922,0.18973135327382215,0.16311680824773456,0.13036902021305607,0.12645925329686758,1956-09-03 16:02:17.836799148,-0.8259095212831205,-0.9253163321967985,-0.9811242708197386,-0.9854026391975209,0.25909760047611247,0.15521474953661818,0.15949311791440046,0.060963636601205,-1.4194564603667366,0.17478549808361654,-0.9435591133477275,0.11764959206460701,25.70922900059036,0.09754992711416577,-5.056189691213295,0.10902331887595995,9,,,,,-0.5412515999999788
164,164,12 SPL A4 M 84A,0.224,12074.0,140.77,M 84A,,,,M,84,20.1111111111111,1946.8267777777778,1956.758873,1956.793009,-1.289366497992009,25.983248719401328,-1.205916559021933,-4.775988909693517,1956.8370679999998,1956.8076162222221,-1.205916559021933,25.893929184415388,-4.862629751825229,-1.404079696167891,25.691179031069666,-5.05929942807211,-1.4121357497431213,25.675169284340303,-5.074829042497061,0.2633316481549869,0.21029524730568025,0.20398849283895704,0.11471319817588199,0.2920696883316616,0.28331051837859356,0.20238225524916983,0.2036647501222729,0.19755684426610612,0.12276925175111231,0.30807943506102475,0.2988401328035444,1956-10-17 05:47:27.801599484,-0.8690573809920092,-0.7850199290219334,-0.9828666512234465,-0.9880305781875656,0.2597737526900385,0.11380927023143728,0.11897319719555632,0.20205605749916913,-1.4286667801588,0.13930028216679102,-0.9600160168434708,0.09095863585146158,25.709799402725835,0.2734493166754923,-5.055158287204475,0.27916937751095805,10,,,,,-0.4
165,165,12 SPL A4 M 85A,0.238,13410.0,163.562,M 85A,,,,M,85,20.2222222222222,1946.937888888889,1956.870632,1957.044238,-1.08371221679067,25.89175990614031,-1.174156357585556,-4.864733973444835,1957.0135483333333,1956.9371997222224,-1.174156357585556,25.91268921265937,-4.844432336828284,-1.4201777698812341,25.685636018378556,-5.064676205812618,-1.4145780067402087,25.675127835190228,-5.0748692485871265,0.2550950276663319,0.21016585032883056,0.20386297647744267,0.33646555309056403,0.2061238877617555,0.19994223236778286,0.24817049166108426,0.22863491660313429,0.22177815545420643,0.33086578994953864,0.21663207095008374,0.21013527514229136,1957-01-17 03:31:29.567998431,-0.6600928847906709,-0.7508976839188891,-0.9972370375201228,-0.9887334320735418,0.25223692064107917,0.337144152729452,0.32864054728287095,0.24846480207775087,-1.4379996565405624,0.3542874397498923,-0.9970064719485537,0.3369135871578829,25.72201887013674,0.16974103600357182,-5.052514525097255,0.1877805516524198,1,,,,,-0.1907432000004435
166,166,12 SPL A4 M 86A,0.228,12554.0,148.184,M 86A,1.0,20.0,,M,86,20.3333333333333,1947.049,1956.982391,1957.203398,-1.1493903579739888,25.86305901243647,-1.2449780470937928,-4.892574127346499,1957.220875,1957.0699887222222,-1.2449780470937928,25.850775470121974,-4.904489286226982,-1.4427230816907954,25.675347838720484,-5.074655842962742,-1.4144964966413676,25.67634024830412,-5.07369319574252,0.25520318243453116,0.21408732642727982,0.2076668475076992,0.29333272371680663,0.18771117371598578,0.18208171561624287,0.19706399118244444,0.17321699000009141,0.16802221246998852,0.26510613866737875,0.1867187641323511,0.1811190683960211,1957-03-16 05:45:59.328003360,-0.7235427859739874,-0.8188857970937922,-1.0179837692463507,-0.9868908208635896,0.25216714338304436,0.29444098327236334,0.26334803488960223,0.19842215499725954,-1.433526726933507,0.2841363689595182,-1.0121355005545738,0.28859271458058644,25.71992884992536,0.14313016251110966,-5.050246196355524,0.15767206900902497,3,,,,,0.3822328000006403
167,167,12 SPL A4 M 87A,0.26,13628.0,162.462,M 87A,,,,M,87,20.4666666666666,1947.1823333333334,1957.100135,1957.414989,-1.50183156651672,25.797507491789144,-1.4085208174276846,-4.956159757889612,1957.3611253333336,1957.1999553888886,-1.4085208174276846,25.85580925374538,-4.8996064657744425,-1.4632252632566825,25.67169158326661,-5.078202447315552,-1.41244595627581,25.680577297169705,-5.069583215972411,0.2610021716286586,0.2133483333559563,0.20695001683858433,-0.038606303260037445,0.125815908522533,0.12204268942593988,0.05609197363763,0.17969700449451884,0.17430789132972802,-0.08938561024090985,0.11693019461943877,0.1134234580827993,1957-06-01 11:18:13.104003314,-1.0730217205167185,-0.9804650627610169,-1.0367030495066818,-0.9830367944980323,0.2574317837110245,-0.03631867101003672,-0.08998492601868624,0.05761750696170487,-1.4334893527252441,-0.06834221379147576,-1.0250597691243768,-0.04796195139234172,25.703446333363598,0.09406115842554641,-5.0514713446721915,0.09531158678257956,6,,,,,0.9959736000003395
168,168,12 SPL A4 M 88A,0.232,11020.0,135.225,M 88A,,,,M,88,20.5999999999999,1947.3156666666666,1957.250614,1957.464989,-1.5743405277923455,25.90686125701053,-1.6421558517766897,-4.850085512087215,1957.4853663333333,1957.3292838611112,-1.6421558517766897,25.85759712045561,-4.897872217186856,-1.4878900282484662,25.68129732576549,-5.068884781034217,-1.4079292635701806,25.68341128170509,-5.066834222633243,0.25547948391607983,0.21726300452884795,0.21074728702300197,-0.08645049954387929,0.2255639312450377,0.2187992689470013,-0.16450221199748996,0.1780283923943339,0.17268932090642744,-0.1664112642221649,0.22344997530543864,0.2167487105460273,1957-06-19 17:18:13.104001880,-1.1448306817923446,-1.212360723110022,-1.0595608904151326,-0.9766998855701803,0.2521028772017737,-0.08526979137721202,-0.1681307962221643,-0.16304279019193388,-1.437911565726315,-0.1364289620660304,-1.025848138570605,-0.11898254322173951,25.699279696277237,0.20758156073329204,-5.056472004435209,0.20638649234799367,6,,,,,1.115973600000296
169,169,12 SPL A4 M 89A,0.244,13176.0,153.761,M 89A,,,,M,89,20.7333333333333,1947.449,1957.384725,1957.576121,-1.8502954610210038,25.868422612567148,-1.612971041530496,-4.8873713815837405,1957.5557436666668,1957.4586336944444,-1.612971041530496,25.94228910125878,-4.815720148887972,-1.4818456278324506,25.685717275151717,-5.064597385930082,-1.4092802866808845,25.683736565542794,-5.066518694057832,0.26151679046310927,0.21992388183003117,0.21332836461392338,-0.3684498331885533,0.18270533741543105,0.17722600434634117,-0.13264399014027337,0.2576368903264819,0.24991035998559172,-0.4410151743401194,0.18468604702435343,0.17914731247409144,1957-07-30 06:49:11.856001809,-1.419229767021003,-1.182190630197162,-1.0516898588324501,-0.9762182635975507,0.2600931727570475,-0.36753990818855287,-0.4430115034234523,-0.13201093787175458,-1.4578141606601784,-0.3924813003608254,-1.0253949976271837,-0.39383476939381934,25.692959493426134,0.1754631191410141,-5.070994418355108,0.18362303677136715,7,,,,,1.3
170,170,12 SPL A4 M 90A,0.252,11888.0,145.329,M 90A,,,,M,90,20.8666666666666,1947.5823333333333,1957.518836,1957.626121,-1.4142771357781387,26.05158343419866,-1.6048591697075423,-4.709703552992959,1957.67681,1957.585552722222,-1.6048591697075423,25.90757117887866,-4.84939688077591,-1.4712454980897511,25.68694203187968,-5.063409359656392,-1.4073766961129253,25.687294707784943,-5.06306726050153,0.2701943738135767,0.21947548956028362,0.2128934196283456,0.0569683623116124,0.364641402318977,0.35370580666343265,-0.13865008434969706,0.22246385563559792,0.21579216460508674,-0.006900439665213476,0.3642887264137151,0.3533637075085707,1957-08-17 12:49:11.856000375,-0.9825114417781386,-1.1723838297075417,-1.0392883277286398,-0.9724799048351473,0.2703466018758412,0.05677688595050112,-0.010031536942991304,-0.13812291659969733,-1.46397321702903,0.04969608125089131,-1.0276067249529968,0.045095283174858114,25.690348789628132,0.36123464457052634,-5.075548319566379,0.3658447665734199,8,,,,,1.3
171,171,12 SPL A4 M 91A,0.206,11868.0,138.542,M 91A,,,20.0,M,91,21.0,1947.7156666666667,1957.652947,1957.828188,-1.5500049123234834,25.802707489870176,-1.4065297153314449,-4.951115707751029,1957.7774989999998,1957.7098675,-1.4065297153314449,25.85957699915225,-4.895951715052326,-1.445536130151333,25.68266266269779,-5.067560390556515,-1.3997019122934489,25.69091561840741,-5.059554940988626,0.2730635374048907,0.22285607080457615,0.216172617241122,-0.10446878217215039,0.12004482717238574,0.11644468280548637,0.043045377119133955,0.17937161456743075,0.17399225984655478,-0.1503030000300345,0.11179187146276703,0.10843923323759697,1957-10-30 06:55:36.767998569,-1.115410280323484,-0.9726447293314454,-1.0118045527624437,-0.9629254752795597,0.27357766980705706,-0.10360572756104025,-0.15248480504392425,0.04319381439691076,-1.4701626481453247,-0.07984226417815865,-1.026430878587495,-0.08897940173598906,25.686528339531836,0.11617915033833981,-5.083956782301105,0.13284107455007632,10,,,,,1.4438255999998943
172,172,12 SPL A4 M 92A,0.216,13200.0,160.79,M 92A,,,,M,92,21.0833333333333,1947.799,1957.736767,1957.878188,-1.2553070978927126,25.724440073387914,-1.2245144387256663,-5.027035884412989,1957.891086333333,1957.8346139722223,-1.2245144387256663,25.71273126082866,-5.038393549683588,-1.4319436491106523,25.671011459176984,-5.078862174483734,-1.3901266258899936,25.691481163264584,-5.05900635682172,0.26812966969072416,0.23182442930549807,0.2248720146706017,0.17663655121793975,0.05342861421092948,0.05182629007074535,0.21252259762702683,0.04031659387455141,0.03910749922425468,0.13481952799728103,0.0329589101233303,0.03197047240873108,1957-11-17 12:55:36.767997134,-0.8200124658927138,-0.789039230059,-0.9964227506939852,-0.9514287182511045,0.26807565628083,0.1764102848012714,0.13141625235839072,0.2124758029788779,-1.472546586080997,0.21723948818828442,-1.0240369636319464,0.2040244977392326,25.685703050087707,0.03873702330020734,-5.089113332342523,0.06207744792953385,11,,,,,1.507651199999789
173,173,12 SPL A4 M 93A,0.224,13331.0,158.357,M 93A,,,,M,93,21.1666666666666,1947.8823333333332,1957.820586,1957.966883,-0.8682313059608029,25.611046219227898,-1.1797452471794803,-5.137029056886746,1957.9619013333333,1957.9589220277776,-1.1797452471794803,25.610843757609576,-5.137225446681132,-1.4336313297960939,25.66356987898756,-5.086080581683278,-1.3760602956988188,25.693954948314204,-5.0566067605857405,0.26780036134185015,0.23430480137795184,0.22727800038460255,0.565400023835291,-0.052523659759661,-0.05094847520346768,0.2534583365949083,-0.0519899797110881,-0.050430800219552374,0.5078289897380159,-0.08290872908630575,-0.0804222963010055,1957-12-19 21:53:42.288001657,-0.43169494396080216,-0.74326508417948,-0.9963177956572046,-0.9353908584349296,0.2680964645712705,0.5646228516964025,0.5036959144741275,0.2526158424837969,-1.4755652560132564,0.6073339500524535,-1.017418697246226,0.5857237532854238,25.683586888392927,-0.07254066916502921,-5.094570643572363,-0.04245841331438349,12,,,,,1.7102596000001353
174,174,12 SPL A4 M 94A,0.228,13985.0,170.056,M 94A,,,,M,94,21.25,1947.9656666666667,1957.904406,1958.040633,-1.4156973376849253,25.497044980212923,-1.3749469590360655,-5.247611398743661,1958.040844,1958.083709888889,-1.3749469590360655,25.32990507706003,-5.409738776201002,-1.4340357724164194,25.653919873797456,-5.095441183217726,-1.3674569372727015,25.693874017249275,-5.056685264528031,0.26762033213506414,0.23273769508713693,0.22575789161144863,0.018338434731494102,-0.15687489358453277,-0.1521702155259348,0.06154808989567628,-0.32869468381685846,-0.3188371302491901,-0.04824040041222388,-0.1968290370363519,-0.19092613421562987,1958-01-15 19:56:42.288002231,-0.9780878426849242,-0.9373232600360651,-0.9949022336386412,-0.9247885753282569,0.2687345403141854,0.01681439095371695,-0.053299267356667346,0.06003298922900957,-1.4791249412433929,0.06342760355846755,-1.0069961633445819,0.02890832065965765,25.680535312355147,-0.18349033214222388,-5.095089092460377,-0.15252230628328434,1,,,,,1.7987595999999964
175,175,12 SPL A4 M 95A,0.258,16513.0,198.361,M 95A,1.0,21.0,,M,95,21.3333333333333,1948.049,1957.988225,1958.115016,-1.8409122334624688,24.88162403173926,-1.5661292172165204,-5.844575872972598,1958.1387196666667,1958.208652305556,-1.5661292172165204,25.29402006141555,-5.444547600226301,-1.4418180445827125,25.658309529845642,-5.09118317295443,-1.3642206643801356,25.689895026705344,-5.060544925145551,0.26908084778744656,0.23221773027376733,0.2252535205428321,-0.39909418887975634,-0.7766854981063815,-0.7533927000181677,-0.12835402724423453,-0.36538093971340996,-0.3544231653314043,-0.47669156908233323,-0.8082709949660831,-0.7840309478270466,1958-02-11 23:32:24.575999013,-1.4021869934624693,-1.1270484222165196,-1.0008487184993786,-0.9195196554495799,0.2698065261432967,-0.4013382749630907,-0.4826673380128894,-0.13023840261460487,-1.4805188156545361,-0.36039341780793266,-1.0026014792793374,-0.39958551418313193,25.681357559634378,-0.7997335278951176,-5.093286466696752,-0.7512894062758457,2,29.782584478487774,34.23426674232101,-0.22215670526367534,,1.7119808000000485
176,176,12 SPL A4 M 96A,0.216,13259.0,160.361,M 96A,,,,M,96,21.5555555555555,1948.2712222222221,1958.211744,1958.26051,-1.441778080502167,25.503391172294467,-1.675571134276839,-5.241455528962643,1958.2526306666666,1958.3316775833332,-1.675571134276839,25.355219636921845,-5.385183399989439,-1.4374717529177254,25.665973599743783,-5.0837489485125325,-1.3692956717016973,25.69063542373514,-5.059826732622675,0.2663515053923564,0.2331054971661184,0.22611466330608193,-0.004306327584441494,-0.1625824274493155,-0.15770658045011032,-0.2398461699321304,-0.3106057601978082,-0.30129069344947546,-0.07248240880046963,-0.18724425144067425,-0.1816287963399681,1958-04-06 02:04:03.360002129,-1.0008704305021658,-1.234781674276838,-0.994679106667725,-0.9225146811461415,0.2659838144073893,-0.006191323834440876,-0.0783557493560243,-0.24184475190435273,-1.473202163323461,0.031424082821294164,-0.9938939560916304,-0.006976474410535394,25.674523877194012,-0.17113270489954502,-5.086386380932412,-0.15506914803023086,4,29.49221028736695,34.29729320100787,-0.129912477778957,,1.0495519999997676
177,177,12 SPL A4 M 97A,0.246,11914.0,144.763,M 97A,,,,M,97,21.7777777777777,1948.4934444444443,1958.382366,1958.382366,-1.74402308886588,25.68064370673181,-1.6160915837197596,-5.0695187980330765,1958.3947033333334,1958.452899138889,-1.6160915837197596,25.64676959212871,-5.1023770279392275,-1.4278850955336866,25.67319306176954,-5.076745998152928,-1.3719999794531657,25.688622945790573,-5.061778856353687,0.2717341776170612,0.2294715639775021,0.22258971177379214,-0.3161379933321935,0.007450644962272435,0.007227200119851673,-0.18441187649034133,-0.025924176489411366,-0.025146710436494264,-0.37202310941271444,-0.007979239058762744,-0.007739941679389517,1958-05-20 13:31:34.176001491,-1.3012875988658794,-1.1731710337197587,-0.9832829419503528,-0.9231201244670544,0.27246422575185725,-0.3180046569155266,-0.37816747439882503,-0.18610924578663735,-1.4692390477753643,-0.2747840410905158,-0.9869947292301194,-0.31429286963576,25.666921539237308,0.013722167494503168,-5.082207624097789,0.012688826064712444,5,28.79268912138537,34.376625998381456,0.05968193872166338,,0.6911607999999352
178,178,12 SPL A4 M 98A,0.26,14795.0,178.043,M 98A,,,21.0,M,98,22.0,1948.7156666666667,1958.541234,1958.541234,-1.6624735817912317,25.756273897359858,-1.5793056023576588,-4.996156756821964,1958.5382653333334,1958.5759752777776,-1.5793056023576588,25.726738665857912,-5.024806226731164,-1.4296822732368426,25.67891464434105,-5.07119600584274,-1.3573654132084843,25.688740723856608,-5.061664610451854,0.26998890474500414,0.22660393967043566,0.2198080875196945,-0.23279130855438912,0.07735925301880897,0.07503924902077586,-0.1531314978925823,0.050690995621003765,0.04917077266232983,-0.3051081685827475,0.06753317350325005,0.06550785362988965,1958-07-17 13:12:35.424000986,-1.2173550717912311,-1.1342316223576585,-0.9832233151812866,-0.9063509752918173,0.2725224227831071,-0.23413175660994456,-0.31100409649941385,-0.1545353956148046,-1.447006244297411,-0.21546733749382074,-0.9947751828376952,-0.22257988895353598,25.647967372077233,0.10830652528262519,-5.076989939151191,0.08083318232922654,7,27.704706301934728,34.66515073371278,0.4288743042364093,,0.6
179,179,12 SPL A4 M 99A,0.226,12760.0,153.702,M 99A,,,,M,99,22.1111111111111,1948.8267777777778,1958.691196,1958.691196,-1.3314201364158653,25.743298393482075,-1.3866829577380821,-5.008743125338452,1958.7166646666667,1958.701937638889,-1.3866829577380821,25.642902248667667,-5.1061283897698715,-1.420954944624701,25.676035304600145,-5.0739889941848135,-1.3486732891226136,25.683844187352243,-5.066414299826451,0.2683385176994187,0.22680630012493908,0.2200043791841673,0.08953480820883564,0.06726308888192989,0.06524586884636197,0.03547245533610621,-0.031053956792741626,-0.030122648628526132,0.01725315270674832,0.05945420612983199,0.05767117448799919,1958-09-10 06:52:37.055999711,-0.8840521964158654,-0.9389329877380815,-0.9725824230969228,-0.8955185069976134,0.2706440088040802,0.08853022668105737,0.011466310581747963,0.03481876264166187,-1.4360217232192802,0.10460158680341491,-0.9998096712719728,0.11575747485610743,25.636615762090273,0.10668263139180212,-5.075175963762756,0.06643283842430403,9,27.837953773909074,34.58629611462389,0.36407525400676055,,0.4
180,180,12 SPL A4 M 100A,0.224,16719.0,204.567,M 100A,,,,M,100,22.2222222222222,1948.937888888889,1958.917564,1958.917564,-1.1661551550071492,25.42913445516108,-1.3537141125759469,-5.313485287149199,1958.8764223333335,1958.8312085833334,-1.3537141125759469,25.564099288549837,-5.182568049113772,-1.4158290213610212,25.666918667440044,-5.082832223396482,-1.3424287784925328,25.678211833086387,-5.071877739787876,0.26736649761508474,0.22796946289181294,0.22113265869966245,0.249673866353872,-0.23778421227896374,-0.23065306375271621,0.06315495629748095,-0.10357718029526335,-0.10047090065820836,0.17627362348538367,-0.24907737792530682,-0.24160754736132262,1958-12-01 21:51:38.304002650,-0.7153916950071479,-0.9035609419092799,-0.9654495128610208,-0.8871235503814215,0.269392528371792,0.2500578178538728,0.1717318553742736,0.06290816269562882,-1.4447500376720972,0.27859488266494803,-1.0027335620100666,0.28734186700291864,25.633954975721707,-0.20482052056062727,-5.074503298667946,-0.2389819884812523,12,28.974444963288427,34.64073687774334,0.13854553996168004,,0.5510768000001472
181,181,12 SPL A4 M 101A,0.246,12856.0,151.782,M 101A,1.0,22.0,,M,101,22.3333333333333,1949.049,1959.020507,1959.020507,-1.563567046304826,25.519865017006357,-1.4342243944681803,-5.225475734853664,1959.0370566666668,1958.9621349444449,-1.4342243944681803,25.5141347001057,-5.231034199550465,-1.413823240634561,25.660075434495113,-5.089470227785393,-1.3313117600885271,25.679826186353736,-5.070311800975014,0.26699937189137773,0.22501299822327558,0.218264858406534,-0.1497438056702649,-0.14021041748875618,-0.13600550706827086,-0.01473065501079133,-0.14820074850689716,-0.14375620805917558,-0.23225528621629876,-0.1599611693473797,-0.1551639338786499,1959-01-08 11:38:28.751998496,-1.1112389343048266,-0.9816040091348462,-0.9613753778567828,-0.8738611845329713,0.26870354581772593,-0.14986355644804372,-0.23737774977185522,-0.014586014797828136,-1.4399016314446527,-0.12366541486017324,-1.0034364257226678,-0.10780250858215878,25.628836190081564,-0.10897117307520787,-5.066489218918019,-0.15898651593564495,1,29.058876032100518,34.670902635304074,0.1335453005994531,,0.6
182,182,12 SPL A4 M 102A,0.216,11583.0,141.779,M 102A,,,,M,102,22.4666666666666,1949.1823333333334,1959.173099,1959.173099,-1.572950982092566,25.593404628149674,-1.6583246907966271,-5.154141576648534,1959.1943089999997,1959.095304527778,-1.6583246907966271,25.50998848209296,-5.235056072485006,-1.4288289563765848,25.660012243902646,-5.089531523291995,-1.3289465292698344,25.679507098094845,-5.07062131977702,0.2723477443290813,0.22497093774004026,0.218224059317191,-0.1441220257159812,-0.06660761575297158,-0.06461005335653969,-0.23533083321898937,-0.14880677687712426,-0.14434406163857952,-0.24400445282273164,-0.08610246994517112,-0.08352025687151432,1959-03-05 04:20:50.064002930,-1.1181813980925646,-1.2032157467966262,-0.974229092293251,-0.8693373318531675,0.27307043845754203,-0.1439523057993135,-0.24884406623939703,-0.23482447074676674,-1.444770793262345,-0.12818018883022098,-1.0082685411491845,-0.10991285694338004,25.614084348602887,-0.02067972045321298,-5.064143089063114,-0.0899984875854205,3,28.87400182251153,34.47161503257039,0.08453820817162404,,0.542281199999836
183,183,12 SPL A4 M 103A,0.202,12629.0,149.399,M 103A,,,,M,103,22.5999999999999,1949.3156666666666,1959.389321,1959.389321,-1.8384560439924897,25.416695801122852,-1.7681320878518125,-5.32555090595282,1959.3339136666666,1959.2272980833332,-1.7681320878518125,25.553267918520334,-5.193074586356091,-1.4263293757217677,25.656298098512497,-5.093134281461892,-1.3333685731784033,25.677632093007546,-5.072440093461746,0.27407176716673887,0.2205421527309466,0.2139280935705194,-0.4121266682707221,-0.239602297389645,-0.23241662449092804,-0.337567286522896,-0.1040610028300885,-0.10094021335521368,-0.5050874708140864,-0.26093629188469336,-0.2531108124910739,1959-05-23 02:27:07.056003438,-1.380226907992488,-1.310789469185144,-0.969569357999545,-0.8715768627200697,0.2763282204179263,-0.410657549992943,-0.5086500452724183,-0.33697557188400623,-1.4359085990342602,-0.4025474449582296,-1.0127297607962156,-0.36749714719627247,25.594274888896145,-0.17757908777329234,-5.0653624437613685,-0.26018846219145164,5,28.659673365013937,34.18610806437406,0.003212335528892468,,0.14844439999956052
184,184,12 SPL A4 M 104A,0.222,16202.0,197.065,M 104A,,,,M,104,22.7333333333333,1949.449,1959.439321,1959.439321,-1.8929892374703814,25.64970332628847,-1.8649173925569003,-5.099531276466919,1959.4736826666667,1959.3550051111113,-1.8649173925569003,25.66703469391926,-5.0827196765513785,-1.4365360718883966,25.65567642163612,-5.093737314248746,-1.329483565307895,25.67595148190142,-5.074070303040803,0.26771605554163397,0.21989003508179017,0.21329553292966108,-0.4564531655819848,-0.0059730953476488935,-0.005793962218173299,-0.42998849268253014,0.012940676281325855,0.012552585399648208,-0.5635056721624865,-0.026248155612950796,-0.025460973426116418,1959-06-10 08:27:07.056002004,-1.4339601014703804,-1.4053384698902327,-0.9776432416106182,-0.8654832344745613,0.2712266640308197,-0.4563168598597622,-0.5684768669958191,-0.4293167828862336,-1.4329204749451203,-0.4600687625252611,-1.0142562995095203,-0.4197038019608601,25.58253734923671,0.06716597705176142,-5.065564331798455,-0.03396694466846473,6,28.425694792046038,34.39676653618856,0.14948392762205703,,-0.0315556000004395
185,185,12 SPL A4 M 105A,0.218,14167.0,164.414,M 105A,,,,M,105,22.8666666666666,1949.5823333333333,1959.592406,1959.592406,-1.8633068962078294,25.934704954346454,-1.6271140246353593,-4.823076847234397,1959.5909089999998,1959.4826678333334,-1.6271140246353593,25.82513860442582,-4.929357302320909,-1.4419212520129456,25.650307532765183,-5.098945190142443,-1.331148652683298,25.668828472723327,-5.080979693173645,0.26369464870791615,0.21702275119511727,0.2105142388867489,-0.4213856441948838,0.28439742158127146,0.27586834290804596,-0.19064476686713105,0.1737573428698731,0.16854636015720548,-0.5321582435245313,0.2658764816231276,0.25790284593924806,1959-08-05 05:28:35.615999453,-1.4018284002078296,-1.165659480635359,-0.9808524614018341,-0.86492904503052,0.2688068901722017,-0.4209759388059955,-0.5368993551773096,-0.190248573459724,-1.419780646274198,-0.44352624993363143,-1.0433462632645876,-0.35848213694324205,25.56745609498169,0.36724885936476426,-5.066029257419434,0.24295241018503688,8,27.53693974648751,34.81807281557625,0.5345978529038367,,-0.26088719999994364
186,186,12 SPL A4 M 106A,0.206,11203.0,136.847,M 106A,,,22.0,M,106,23.0,1949.7156666666667,1959.741,1959.741,-1.1250459402278672,25.891007532642536,-1.3541680706336108,-4.865463783261411,1959.7169513333336,1959.6065765833332,-1.3541680706336108,25.818629463396608,-4.9356712342106555,-1.4309504494033425,25.64815983026654,-5.101028483043155,-1.325356619207827,25.666470319183276,-5.083267125689027,0.2692873700860886,0.2159040999897655,0.20942913603104535,0.3059045091754753,0.24284770237599673,0.23556469978174377,0.07690552842471439,0.17270050246724367,0.16752121439825216,0.2003106789799598,0.2245372134592607,0.217803342427616,1959-09-28 11:09:35.999999542,-0.6611899402278674,-0.8906968493002775,-0.967737018514453,-0.8569102414022712,0.2756137162846341,0.3065470782865857,0.19572030117440387,0.0771541181284175,-1.398990434574597,0.27394449434672974,-1.0534854648753391,0.39229552464747175,25.565450679874683,0.3255568527678534,-5.068680117336149,0.20321633407473794,9,27.774111404944076,34.685318338584615,0.4226805947382388,,-0.06079999999999782
187,187,12 SPL A4 M 107A,0.266,15948.0,185.225,M 107A,,,,M,107,23.1083333333333,1949.824,1959.817448,1959.817448,-1.074151375465136,25.630175903200833,-1.0551159281510492,-5.118473072136158,1959.819409,1959.731056722222,-1.0551159281510492,25.65303186060397,-5.096302564895539,-1.4203490957586875,25.63931951975637,-5.109603672641125,-1.3266155707905172,25.664136582063087,-5.085530874032983,0.2709881150251441,0.21147891615380426,0.20513666345832343,0.34619772029355156,-0.009143616555537193,-0.008869399495033292,0.36353771435613674,0.012612061191536128,0.012233825476404133,0.2524641953253812,-0.03396067886225396,-0.032942198103175,1959-10-26 08:50:40.128000412,-0.6090722074651358,-0.5900053841510485,-0.9549634223697981,-0.8559361901794059,0.27781890121510067,0.34589121490466235,0.24686398271427012,0.363258477476507,-1.3806899461575297,0.30653857069239376,-1.0525452293605335,0.4434730218953977,25.566358232875544,0.06381767032528884,-5.069311864383655,-0.04916120775250299,10,28.283149077156317,34.54953809746368,0.24959118438812464,,0.0
188,188,12 SPL A4 M 108A,0.248,12735.0,155.089,M 108A,,,,M,108,23.2166666666666,1949.9323333333334,1959.899779,1959.899779,-0.9661504687601441,25.43791214596855,-1.1099570664322194,-5.304970839289048,1959.908593,1959.8547997777775,-1.1099570664322194,25.455024071329145,-5.288372100570015,-1.4046613823595273,25.6337800482144,-5.11497701543155,-1.3271203818896926,25.662405340279648,-5.087210195875335,0.2615705315713309,0.2078876573913902,0.20165310654619334,0.4385109135993832,-0.19586790224585116,-0.18999382385749808,0.29996788475872227,-0.17826955366711772,-0.17292324975263865,0.3609699131295485,-0.2244931943110977,-0.2177606434137127,1959-11-25 10:03:50.544002537,-0.4997540047601428,-0.6434167277655521,-0.9370911439984158,-0.8542082970980256,0.2676065479339718,0.43733713923827294,0.3544542923378828,0.29890863914761123,-1.3701478699866998,0.4039974012265557,-1.045046784000759,0.5452927792406161,25.5740652481753,-0.1361531022067517,-5.069285593116361,-0.23568524617268682,11,28.958234924439736,34.58580512938894,0.11739247116522261,,0.0
189,189,12 SPL A4 M 109A,0.22,15479.0,183.916,M 109A,,,,M,109,23.325,1950.0406666666668,1960.008552,1960.008552,-1.2895693550713783,25.296984164818053,-1.2226837842695097,-5.44167239028484,1959.9993366666667,1959.9818270833337,-1.2226837842695097,25.397571015414893,-5.3441021393374015,-1.4047643754546102,25.626781307018017,-5.121765864379455,-1.3220138138305115,25.664757359088014,-5.084928714111037,0.2615751558606034,0.19739644595492623,0.19147652654070677,0.11519502038323193,-0.3297971421999648,-0.3199065259053846,0.17756539879553992,-0.23094103579118297,-0.2240151141278043,0.032444458759133266,-0.3677731942699616,-0.356743676173803,1960-01-04 03:07:14.764800277,-0.8214239710713781,-0.7546616539361762,-0.9349215343712766,-0.8468716025249559,0.2675443966454417,0.11349756329989846,0.025447631453577757,0.1757326139622064,-1.352580393490783,0.0630110384194047,-1.009249706778329,0.18782573570695094,25.580871873683584,-0.2838877088655316,-5.071620579738639,-0.37005181054620095,1,29.281803842761736,34.78661701861451,0.13657266191685702,,-0.06026239999999187
190,190,12 SPL A4 M 110A,0.212,13634.0,165.414,M 110A,1.0,23.1,,M,110,23.4333333333333,1950.1490000000001,1960.089679,1960.089679,-1.4123315289770066,25.45781673545807,,-5.285663188438317,1960.126031,1960.108232888889,-1.3423862921644323,25.425571603407437,-5.31694128897875,-1.3913217913810112,25.624974798385804,-5.123518195817787,-1.3171046321463018,25.663929173520845,-5.0857320623930455,0.2662902366328686,0.19603330555850104,0.19015426672477,-0.021009737595995448,-0.16715806292773294,-0.16214499262053028,0.04556465133653927,-0.20302400058786438,-0.1969353108102343,-0.09522689683070484,-0.20611243806277457,-0.1999311260452714,1960-02-02 19:44:25.209597874,-0.9428069859770077,-0.8722437651644319,-0.9191701253254555,-0.8397199856601906,0.27324621419287115,-0.02363686065155224,-0.10308700031681717,0.04351775560505763,-1.342151240508698,-0.0701802884683087,-0.9862428801705496,0.04343589419354188,25.58559744551953,-0.12778071006145808,-5.066206588156809,-0.21945660028150815,2,29.37969529878385,34.77357957413542,0.10916968922576156,,-0.1
191,191,SPL A4 Path L 1A,0.25,17347.0,207.555,L 1A,,23.5,,L,1,23.8333333333333,1950.549,1960.279862,1960.279862,-1.3252579924449117,25.521913909946193,,-5.223488288213094,1960.257788,1960.23902,-1.4548534384253342,25.56269552319381,-5.1839297155467685,-1.367766663667293,25.634030706582088,-5.114733874308306,-1.3104355134169698,25.662526742718736,-5.087092434295396,0.31221088921770984,0.2079287523670193,0.20169296908350323,0.04250867122238122,-0.11211679663589535,-0.10875441390478802,-0.08382475011840103,-0.07061664499394264,-0.0684988518105752,-0.01482247902794187,-0.14061283277254333,-0.1363958539176977,1960-04-12 10:18:28.108802965,-0.8525003384449101,-0.9824710424253333,-0.8931929026117368,-0.8307868235558585,0.32288658266501524,0.04069256416682665,-0.0217135148890516,-0.08603374653506735,-1.3329537293840321,0.007695736939120401,-0.945954576465263,0.09345423802035291,25.599959991651374,-0.07804608170518179,-5.06924369147555,-0.1542445967375441,4,29.292796227606402,34.72824926354933,0.10788883129152828,,-0.014165599999952677
192,192,SPL A4 Path L 2A,0.236,10376.0,125.018,L 2A,,,,L,2,23.875,1950.5906666666667,1960.403823,1960.403823,-1.626970793854084,25.708355924177177,-1.4923627741761163,-5.0426376699888955,1960.3998696666667,1960.3711427777775,-1.4923627741761163,25.68552212501255,-5.064786683516577,-1.353997609872495,25.640930999595376,-5.108040521082488,-1.3049608341734904,25.658567105946602,-5.090933321560737,0.34416574503136715,0.21123969654904345,0.20490461804950938,-0.272973183981589,0.06742492458180038,0.06540285109359267,-0.13832625274501453,0.0459246461809073,0.04454736604194073,-0.32200995968059365,0.04978881823057435,0.04829565157184135,1960-05-27 19:10:52.435203232,-1.1521058028540823,-1.0175649898427819,-0.8769488597336058,-0.8230403135762681,0.3594114476316352,-0.27515694312047645,-0.3290654892778142,-0.1405981255598284,-1.331566174831674,-0.29540461902241,-0.9352473620653284,-0.21685844078875383,25.60694695549073,0.10140896868644589,-5.080164139787828,0.037526469798932816,5,28.886707333875,34.696072435318854,0.18274882872521656,,0.0
193,193,SPL A4 Path L 3A,0.234,11493.0,144.091,L 3A,,,,L,3,23.9166666666666,1950.6323333333332,1960.515924,1960.515924,-1.5248595362293538,25.826296540914274,-1.421694707750009,-4.9282340923477435,1960.5074636666668,1960.5052400000002,-1.4216947077500086,25.74033345500766,-5.011619145308017,-1.3403452907535178,25.643830730317458,-5.105227753284761,-1.3007412740044415,25.654230876255664,-5.095139507723241,0.35132197022850553,0.20992048494333002,0.20362496959985124,-0.18451424547583595,0.18246581059681688,0.17699366093701752,-0.0811635833713239,0.08797993112919873,0.08534141299463342,-0.22411826222491227,0.17206566465861073,0.1669054153754974,1960-07-07 19:52:35.097601293,-1.048088828229353,-0.9450678254166743,-0.8607588305035176,-0.8165159697127744,0.36775582660846257,-0.18732999772583536,-0.2315728585165786,-0.08415236957502685,-1.3308480638242803,-0.19401147240507344,-0.9098968883900624,-0.13819193983929057,25.63871698015225,0.18757956076202476,-5.086515635425189,0.1582815430774458,7,28.07651489297524,34.64927392307343,0.33993182171127656,,0.06910880000001433
194,194,SPL A4 Path L 4A,0.208,10958.0,131.145,L 4A,,,,L,4,23.9583333333333,1950.674,1960.602644,1960.602644,-1.1132537931665887,25.686347899931537,-1.2811713786176342,-5.0639856735874105,1960.6433,1960.6427429166667,-1.281171378617634,25.726856775066,-5.0246916596182265,-1.3272504725100418,25.672298841722558,-5.0776134005407005,-1.2916999041925767,25.651683668286207,-5.097610324925696,0.34075793774882757,0.16913048701346453,0.16405826370789725,0.21399667934345312,0.014049058208978948,0.013627726953290065,0.04959540226338691,0.06224325373440701,0.0603765785549113,0.17844611102598806,0.034664231645329835,0.03362465133828518,1960-08-08 13:37:29.625601731,-0.6350088451665877,-0.8022352786176336,-0.845038677287819,-0.8051482071092431,0.35585355772080823,0.21002983212123127,0.17013936194265533,0.04631934317079448,-1.32395568513383,0.21070189196724143,-0.9092110246056041,0.27420217943901637,25.645955794173442,0.04039210575809449,-5.08725551963718,0.023269846049769782,8,27.855093718067753,34.569703097013985,0.35283760021887756,,0.17317280000004137
195,195,SPL A4 Path L 5A,0.262,13659.0,169.87,L 5A,,,23.0,L,5,24.0,1950.7156666666667,1960.811332,1960.811332,-1.20540080645696,25.667925884352197,-1.2121225898561645,-5.081855212919525,1960.7994836666667,1960.7794524444444,-1.2121225898561645,25.654810117114305,-5.094577638297956,-1.3247045793795034,25.677710991954772,-5.072363560693951,-1.2856027105824621,25.66651187312397,-5.083226817951018,0.34021977777967,0.16667053202170562,0.16167208276634104,0.11930377292254346,-0.009785107602574783,-0.009491652225573688,0.10472254969978438,-0.021869581823154977,-0.021213713064280288,0.08020190412550221,0.0014140112282277073,0.0013716050314931394,1960-10-23 22:44:25.036799781,-0.72360816245696,-0.7305313675228309,-0.8398663575739476,-0.7966978250130173,0.3548757212315964,0.11625819511698754,0.07308966255605731,0.10145932494978409,-1.3203360467501057,0.11493524029314584,-0.8762529432061615,0.15264478074920151,25.673294528591068,-0.0053686442388709565,-5.087318753969586,0.005463541050061416,10,28.752375945711805,34.77308307412893,0.24695651730150883,,0.17640160000007782
196,196,SPL A4 Path L 6A,0.26,13252.0,164.116,L 6A,,,,L,6,24.1666666666666,1950.8823333333332,1960.984475,1960.984475,-1.3177131699449447,25.61015656705917,-1.2995402847874182,-5.137892028386933,1960.9850486666667,1960.9180112500003,-1.2995402847874182,25.58575138391981,-5.161565300083944,-1.2985803667783011,25.68002926313504,-5.0701148144663755,-1.286890231283185,25.669533640623158,-5.080295673259128,0.34319656623229183,0.16729175153219386,0.16227467190371,-0.019132803166643564,-0.0698726960758691,-0.06777721392055724,0.0016222145066456066,-0.09005164610382484,-0.08735099723717177,-0.03082293866175978,-0.05937707356398647,-0.0575963551278047,1960-12-26 07:37:42.239999205,-0.8329770949449451,-0.8144226664540848,-0.8110670425560785,-0.7956381378804068,0.3584112391124663,-0.021910052388866563,-0.03733895706453827,-0.0007648755674285838,-1.3181130769916571,0.00039990704671244437,-0.8365380969326667,0.0035610019877215793,25.693352340735853,-0.08319577367668174,-5.0922995004975276,-0.045592527889405154,12,29.45403904866901,35.03265477423847,0.20939790123641655,,0.06862999999999624
197,197,SPL A4 Path L 7A,0.212,10750.0,130.961,L 7A,1.0,24.0,,L,7,24.3333333333333,1951.049,1961.159339,1961.159339,-1.3755068779603503,25.47917170034806,-1.3731624033559975,-5.264948658945375,1961.1445203333333,1961.0542806111112,-1.3731624033559975,25.57492649759512,-5.172065548067754,-1.2802025517243871,25.669668834981092,-5.080164533379991,-1.2768555739329375,25.6702119766984,-5.079637680482781,0.3408597942758517,0.17385546384001346,0.16864153847941885,-0.09530432623596319,-0.19049713463303064,-0.18478412556538437,-0.08949988964368809,-0.09381874930577065,-0.09100512501409153,-0.09865130402741284,-0.19104027635033916,-0.18531097846259392,1961-02-28 03:48:34.704001432,-0.8866827419603492,-0.8846576903559971,-0.7900399725299425,-0.7832403013912705,0.35609170840348536,-0.09664276943040673,-0.1034424405690787,-0.09115597985665087,-1.3114654637178933,-0.06404141424245702,-0.7992828309345068,-0.08739991102584244,25.707964842187675,-0.2287931418396134,-5.100080295813598,-0.16486836313177733,2,29.21904240202607,34.749342063780624,0.13360644469626282,,0.0
198,198,SPL A4 Path L 8A,0.218,13387.0,167.726,L 8A,,,,L,8,24.5555555555555,1951.2712222222221,1961.289747,1961.289747,-1.4262671621626974,25.635451225378134,-1.528883589706341,-5.113355956870954,1961.305716,1961.1893925833335,-1.528883589706341,25.63970899736726,-5.1092258754637845,-1.2722046226342398,25.656537642586546,-5.092901921314621,-1.2678044778454944,25.666948300773733,-5.082803478766474,0.342994941290685,0.18559149220892573,0.18002560335754877,-0.1540625395284576,-0.0210864172084122,-0.02045403555633296,-0.2574196837825083,-0.024251201580736865,-0.02352390804532985,-0.158462684317203,-0.031497075395598984,-0.030552478104480585,1961-04-16 18:11:01.392001070,-0.9343132341626966,-1.036546405706341,-0.7793981164120173,-0.7717909348732719,0.35891527402618983,-0.15491511775067934,-0.16252229928942474,-0.2578676766436197,-1.2997064023885823,-0.12656075977411518,-0.784772284043809,-0.14954095011888757,25.703239944020968,-0.06778871864283431,-5.112282500009058,-0.0010734568618966378,4,29.283033128474795,34.56830855345596,0.03806340434317957,,0.09769639999995398
199,199,SPL A4 Path L 9A,0.236,13471.0,160.97,L 9A,,,,L,9,24.7777777777777,1951.4934444444443,1961.468062,1961.468062,-1.784876728995975,25.80450406637558,-1.4701751618590875,-4.949373010575023,1961.4341953333333,1961.3198129722223,-1.4701751618590875,25.763164925703233,-4.989472390418608,-1.261984543412871,25.665674119276346,-5.084039447560751,-1.2555934259131365,25.6642564029417,-5.085414646582521,0.3516181618399675,0.18214076400526194,0.17667836249271274,-0.5228921855831041,0.13882994709923224,0.13466643698572778,-0.20750765238612454,0.09981595004225952,0.09682246970049313,-0.5292833030828386,0.14024766343387896,0.13604163600749786,1961-06-20 20:13:23.231997415,-1.288643240995977,-0.9747544738590873,-0.7665980982462038,-0.7571608833575806,0.369328869134481,-0.5220451427497731,-0.5314823576383964,-0.20748639814538403,-1.288682845690406,-0.496193883305569,-0.7439050878248133,-0.5447381531711636,25.707601791062547,0.09690227531303108,-5.114850651874958,0.16547764129993503,6,28.80055164301412,34.6707643074773,0.190314416996719,,0.2766512000000573
200,200,SPL A4 Path L 10A,0.262,13377.0,166.586,L 10A,,,24.0,L,10,25.0,1951.7156666666667,1961.544777,1961.544777,-1.19938159441859,25.84953948535598,-1.4784705340679603,-4.905688203809845,1961.55151,1961.451712166667,-1.4784705340679603,25.84114103010744,-4.913834789385483,-1.253813362371778,25.66783516512002,-5.08194321148193,-1.2445449602875227,25.662042082733937,-5.087562559327251,0.34780684317991534,0.18081807478632814,0.1753953407234546,0.05443176795318805,0.1817043202359585,0.17625500767208457,-0.22435143998121976,0.17342854609646827,0.16822742399903579,0.04516336586893277,0.18749740262204284,0.18187435551740627,1961-07-18 20:14:47.472002123,-0.7013069464185884,-0.98023429406796,-0.7558080124828888,-0.7436605635514114,0.3646165685557395,0.054501066064300385,0.04235361713282304,-0.22412669451825695,-1.2824840517411678,0.08310245732257782,-0.7273922635733457,0.02608531715475737,25.713374635931906,0.13616484942407325,-5.115083303036876,0.2093950992270308,7,28.2501479349226,34.77542471434246,0.3585004198574332,,0.09253520000001349
201,201,SPL A4 Path L 11A,0.224,12207.0,148.348,L 11A,,,,L,11,25.0666666666666,1951.7823333333333,1961.641691,1961.641691,-1.4511532787893158,25.869379538590756,-1.331263905221886,-4.88644315377158,1961.661908,1961.5839123055557,-1.331263905221886,25.796232679009833,-4.957396339033669,-1.2465593764755725,25.669628167636542,-5.080203981110875,-1.240135014337912,25.658698954753095,-5.090805426899947,0.34365914063568304,0.18037842672353296,0.17496887770606262,-0.2045939023137433,0.19975137095421402,0.193760827339295,-0.09239164263110448,0.12489319306352915,0.12114764620355345,-0.21101826445140381,0.21068058383766086,0.20436227312836674,1961-08-23 05:12:47.376001168,-0.9507526947893149,-0.8303781132218852,-0.7459166879200168,-0.7366768931018005,0.3592963891064624,-0.20483600686929815,-0.2140758016875144,-0.09214231318665937,-1.271521353783216,-0.1796319250060998,-0.7112610396455971,-0.23949165514371784,25.713891280558258,0.15548825803249855,-5.113140404857531,0.22669725108595085,8,27.963014364281808,34.69682029722843,0.38629781515306433,,-0.14005840000012545
202,202,SPL A4 Path L 12A,0.24,12553.0,151.3,L 12A,,,,L,12,25.1333333333333,1951.849,1961.799256,1961.799256,-1.3432568424577527,25.66977901308277,-1.3004309312726903,-5.080057659519582,1961.772217,1961.7140713333335,-1.3004309312726903,25.753116251170468,-4.999219705202134,-1.2162440489249944,25.676555125082356,-5.073484763118863,-1.236956269833489,25.657330686444666,-5.092132660841807,0.3380441747176924,0.1750986428456856,0.16984743454671106,-0.1270127935327583,-0.006776111999585055,-0.00657289640071923,-0.07980577543586331,0.08240003287081994,0.07992885588502367,-0.10630057262426362,0.012448326638104135,0.012075001322225276,1961-10-19 17:28:57.216000441,-0.8390746984577523,-0.7968977232726894,-0.712982699702772,-0.7309320108612666,0.3537891212465789,-0.12609199875498034,-0.10814268759648571,-0.07954624721364056,-1.2566421483251216,-0.08661469413263112,-0.6820506017171923,-0.15702409674055995,25.720349347749323,-0.050570334666552696,-5.112796187109868,0.03273852759028628,10,28.561194076506062,34.59198966709171,0.20752449459779956,,-0.2908928000000659
203,203,SPL A4 Path L 13A,0.224,11538.0,144.636,L 13A,,,,L,13,25.2,1951.9156666666668,1961.875704,1961.875704,-1.1068826725710021,25.720190201837877,-1.2142771038711737,-5.031158302315241,1961.8737446666667,1961.845802166667,-1.2142771038711737,25.65952643118834,-5.090002766482996,-1.1990720421099137,25.665965362180046,-5.083756939031736,-1.2360261032141173,25.6529402295572,-5.096391447927221,0.3177786308381573,0.18783408296174167,0.18220093881368873,0.09218936953891155,0.05422483965783087,0.05259863671649523,-0.021564003470475046,-0.00519483543281396,-0.005039042318184232,0.12914343064311518,0.06724997228067764,0.06523314561198035,1961-11-16 15:10:01.344001312,-0.6008657765710012,-0.708307231871174,-0.693155040554358,-0.7274532413391168,0.33153005660211987,0.0922892639833568,0.12658746476811567,-0.021508120988994055,-1.246309375356605,0.13942670278560287,-0.672840508341292,0.0719747317702909,25.722072086848268,-0.0018818850103912155,-5.112140988140418,0.08098268582517676,11,29.17993626353395,34.516271501074506,0.03732804089282638,,-0.2
204,204,SPL A4 Path L 14A,0.21,10964.0,131.734,L 14A,,,,L,14,25.2666666666666,1951.9823333333334,1961.946274,1961.946274,-1.1926917965847663,25.58861007864438,-1.1950374159356694,-5.158792337614166,1961.9509496666667,1961.9762307222222,-1.1950374159356696,25.659267305846196,-5.090254120656134,-1.1628232101671878,25.651643312601067,-5.097649470343837,-1.2302373300446876,25.64991659039158,-5.099324408154263,0.31425326366451817,0.18640885628622705,0.18081845468617258,-0.029868586417578502,-0.0630332339566877,-0.061142867270328694,-0.01727716059377445,0.005879117927669597,0.005702803181018605,0.03754553345992129,-0.06130651174720114,-0.059467929459903424,1961-12-12 09:21:36.863996942,-0.6849812205847686,-0.6872249142690038,-0.65425959238941,-0.7191206312391318,0.3281334472958326,-0.03072162819535862,0.03413941065436321,-0.018025862778960677,-1.2296578675912195,0.036966071006453216,-0.6605732674665941,-0.024407953118174563,25.722182477169422,-0.1335723985250432,-5.111121686574632,-0.047670651039534384,12,29.60787106007109,34.56266520419656,-0.03594044503981386,,-0.2
205,205,SPL A4 Path L 15A,0.224,10391.0,129.75,L 15A,1.0,25.0,,L,15,25.3333333333333,1952.049,1962.030871,1962.030871,-1.2855377786512403,25.669001637056326,-1.2987381541457095,-5.080811722038995,1962.0587496666667,1962.1054716666667,-1.2987381541457095,25.68574682227651,-5.064568724923564,-1.1713855137485838,25.64255588897446,-5.106464362135884,-1.2178487739842414,25.644609420095332,-5.104472416413327,0.3173782898942996,0.18233617809845895,0.17686791611725491,-0.11415226490265651,0.026445748081865617,0.02565264009688928,-0.12633682427724102,0.04172420552479276,0.04047289660110239,-0.0676890046669989,0.024392216960993807,0.023660694374332714,1962-01-12 06:25:47.855997909,-0.7758277456512418,-0.788404820479044,-0.6601825215263616,-0.7041770039286857,0.33018013261612816,-0.11564522412488021,-0.07165074172255614,-0.12721469368464947,-1.2087328548999678,-0.07680492375127246,-0.6452705425598944,-0.13055720309134744,25.721702956127537,-0.05270131907121112,-5.109842106194124,0.029030384155129596,1,29.973688698373923,34.730214918054024,-0.04102295144332818,,-0.2
206,206,SPL A4 Path L 16A,0.226,11349.0,139.779,L 16A,,,,L,16,25.6666666666666,1952.3823333333332,1962.199104,1962.199104,-1.417984887201122,25.79962875112882,-1.2565315171754283,-4.954102115117532,1962.202924,1962.2355195277778,-1.2565315171754283,25.7354345224319,-5.016371158895833,-1.1829952656896339,25.63786864867962,-5.111011032094279,-1.2052834901012135,25.639912106953666,-5.109028857133874,0.32133946561616317,0.18481553408931686,0.17927291622194744,-0.23498962151148817,0.16176010244920036,0.15690891697674658,-0.07224075819279237,0.09300899138779428,0.09021965173607398,-0.21270139709990854,0.1597166441751554,0.15492674201634138,1962-03-14 16:09:03.744001070,-0.9044054952011212,-0.7428642651754279,-0.6691282664674116,-0.6890442243789912,0.3331055420609098,-0.2352772287337096,-0.21536127082213008,-0.07244778508168097,-1.1920222265580434,-0.22596266064307868,-0.6279871983643383,-0.276418296836783,25.728758542973907,0.07087020815491485,-5.106070051281438,0.15196793616390547,3,29.811037970184216,34.82298545990003,0.03650694381628685,,-0.2
207,207,SPL A4 Path L 17A,0.214,9281.0,113.609,L 17A,,,25.0,L,17,26.0,1952.7156666666667,1962.378797,1962.378797,-1.0660718856739226,25.73767317911055,-0.9637930910246316,-5.014199639530972,1962.3881416666666,1962.3662019444444,-0.9637930910246314,25.862584899564524,-4.8930340215734125,-1.19849149750969,25.646852055478234,-5.102297037665558,-1.1978371254119944,25.63389837092261,-5.11486224122136,0.32402357484917466,0.18266585003501531,0.17718770119243388,0.13241961183576745,0.09082112363231687,0.08809739813458606,0.23079103510246035,0.21539570222367388,0.20893598511398626,0.13176523973807175,0.10377480818794282,0.10066260169038799,1962-05-19 06:15:42.192002425,-0.5483595546739208,-0.4458658326912968,-0.6819386522874678,-0.6790163320369941,0.3352665098573829,0.13357909761354692,0.13065677736307324,0.23216221376912827,-1.1857274137886915,0.11965552811476887,-0.6150677491340789,0.06670819446015808,25.72980467744337,0.00786850166718267,-5.103725550037517,0.0895259105065449,5,29.378220965651426,34.83985892945691,0.1393197438832668,,-0.2954435999999036
208,208,SPL A4 Path L 18A,0.212,11286.0,141.645,L 18A,,,,L,18,26.1666666666666,1952.8823333333332,1962.586524,1962.586524,-0.4073225001988497,26.050452768454207,-0.615313251740286,-4.710800310071733,1962.5628746666669,1962.496777111111,-0.615313251740286,25.88252757175701,-4.873689430119982,-1.2022656151819513,25.656846887864702,-5.092601950302359,-1.1882998059617185,25.63287813182631,-5.115851883347158,0.32590056624052466,0.1725384884709034,0.16736405920162784,0.7949431149831017,0.3936058805895044,0.3818016402306261,0.5806856848362099,0.22746672182605585,0.2206449948384943,0.7809773057628688,0.4175746366278972,0.4050515732754256,1962-08-03 01:57:00.864001703,0.11516755180115162,-0.09336713440695162,-0.6830172206263959,-0.6669179069478294,0.3357901092983203,0.7981847724275475,0.7820854587489809,0.5833701070491737,-1.1798024696426261,0.7724799694437765,-0.6149155036667182,0.7300830554678699,25.693468110093228,0.3569846583609788,-5.099138987964769,0.388338677893036,8,28.478331478288737,34.88126027952709,0.35592604272376616,,-0.05382880000002282
209,209,SPL A4 Path L 19A,0.205,12543.0,150.07,L 19A,1.0,26.0,,L,19,26.3333333333333,1953.049,1962.723303,1962.723303,-0.3725453693480854,25.859456767706266,-0.5680272396495608,-4.8960683407572425,1962.7259866666666,1962.6290093333332,-0.5680272396495608,25.837114940789444,-4.91774013628483,-1.1872396970378456,25.66148360644992,-5.088104286907513,-1.185301598004208,25.633524694326404,-5.1152247112564435,0.328399087682266,0.16924855101242794,0.16417278696753132,0.8146943276897602,0.19797316125634623,0.19203594615027075,0.6204364964005588,0.17659999665265502,0.17130376275304351,0.8127562286561227,0.22593207337986243,0.219156370499201,1962-09-22 00:08:03.407999594,0.15309059965191435,-0.042329546316227463,-0.6652558514545124,-0.6613439999069858,0.33855526620340143,0.8183464511064267,0.8144345995589002,0.6241542755487068,-1.1721025281769264,0.799557158828841,-0.6217891637407111,0.7748797633926254,25.695600699619554,0.16385606808671227,-5.097724921874801,0.20165658111755835,9,28.56887055137237,34.698911614707086,0.25395054927216376,,-0.11796360000004286
210,210,SPL A4 Path L 20A,0.214,13398.0,166.859,L 20A,,,,L,20,26.5,1953.2156666666667,1962.868133,1962.868133,-0.9242138494017471,25.60143528620786,-0.888752665149052,-5.146351758025514,1962.8855190000002,1962.7598594166666,-0.888752665149052,25.789122698745658,-4.964293090989723,-1.1758858959305614,25.663214338095745,-5.086425459903747,-1.1933351275772344,25.634338251564614,-5.114435552599807,0.33054964577757895,0.1680951780843367,0.16305400369355325,0.25167204652881425,-0.06177905188788557,-0.05992629812176631,0.28551070031580716,0.1308393096752063,0.126915438778048,0.26912127817548726,-0.03290296535675452,-0.0319162054257065,1962-11-13 20:50:42.287998214,-0.39524679040174837,-0.35947255614905194,-0.6511783935138946,-0.6668044933133455,0.3410740164875886,0.25593160311214624,0.2715577029115971,0.29006659914914046,-1.1490685341015616,0.2248546846998145,-0.6035542493289638,0.20830745892721547,25.700658182018447,-0.09922289581058763,-5.091798164969615,-0.05455359305589891,11,29.15109679425934,34.522254784768414,0.04636520271828748,,-0.2917595999999246
211,211,SPL A4 Path L 21A,0.219,14290.0,174.071,L 21A,,,,L,21,26.6666666666666,1953.3823333333332,1963.065121,1963.065121,-1.3694987766973234,25.90647604232285,-1.2146128513006194,-4.850459174186412,1963.0384356666666,1962.8924530555555,-1.2146128513006194,25.735379969728285,-5.016424075563865,-1.1596645034261703,25.650152222665692,-5.099095842492051,-1.1868863261425757,25.6352306218358,-5.113569944513056,0.3219989122629421,0.18216828660253528,0.17670505968729397,-0.20983427327115312,0.2563238196571582,0.24863666830563957,-0.05412003302589963,0.08512653719826346,0.08257359234768795,-0.18261245055474773,0.2712454204870518,0.2631107703266444,1963-01-24 18:27:35.856002843,-0.8362614776973217,-0.6820583963006194,-0.6321832209261702,-0.6577829770036865,0.33128047121844195,-0.20407825677115154,-0.17847850069363524,-0.04906542230367746,-1.1418490245812825,-0.227649752116041,-0.5904020868483311,-0.24585939084899067,25.687365200822075,0.21911084150077542,-5.0894596195555,0.23900044536908815,1,29.81846396454471,34.67373854780876,-0.032287885636998484,,-0.3437095999999144
212,212,SPL A4 Path L 22A,0.221,18001.0,214.28,L 22A,,,,L,22,26.8333333333333,1953.549,1963.182053,1963.182053,-1.350125927802788,25.698228580654146,-1.1743920465742361,-5.05246129447967,1963.2058856666665,1963.0271052500002,-1.1743920465742361,25.789602030732876,-4.963828134168806,-1.1459280554674278,25.637393736828628,-5.111471701338861,-1.17292835533443,25.64448351396906,-5.104594546614875,0.31647514644458136,0.18553231126766553,0.17996819725271773,-0.20419787233536013,0.06083484382551774,0.05901040685919057,-0.024754418399290896,0.1404764827419669,0.13626359302453364,-0.17719757246835788,0.05374506668508516,0.0521332521352047,1963-03-08 10:47:03.407999882,-0.814666920802788,-0.6384802189075693,-0.6156173075507609,-0.6412520908622078,0.32473495886229853,-0.19904961325202708,-0.17341482994058022,-0.019175806723365014,-1.12658218652548,-0.22354374127730803,-0.5881244731456083,-0.22654244765717968,25.670993611442555,0.027234969211590965,-5.083787317217827,0.0313260227381571,3,30.126772834008722,34.992806286280256,0.0434646440926109,,0.07385440000023108
213,213,SPL A4 Path L 23A,0.219,15085.0,187.907,L 23A,,,26.0,L,23,27.0,1953.7156666666667,1963.370483,1963.370483,-0.8035514352225968,25.76410146922162,-1.051516534291906,-4.988563933840336,1963.3331556666665,1963.1645083333335,-1.051516534291906,25.615209511231104,-5.132990622010715,-1.1433203256312372,25.659830684478397,-5.089707637749107,-1.1626506051374044,25.645027633286023,-5.104066745436222,0.3171381523642847,0.23410417662545185,0.22708339236842986,0.33976889040864044,0.10427078474322471,0.10114370390877081,0.09293232251749135,-0.03724950817299325,-0.03613239542288701,0.3590991699148076,0.11907383593559828,0.11550281159588582,1963-05-16 05:25:51.887997540,-0.26451225822259816,-0.5131865766252401,-0.6101127080756817,-0.6284104772901818,0.3260736585276109,0.3456004498530836,0.3638982190675837,0.09807441544341644,-1.1118079128713232,0.30825647764872643,-0.5772839639723865,0.3127717057497883,25.65688322353708,0.10721824568454252,-5.088391549913636,0.09982761607330026,5,29.521707238093406,34.98428628835318,0.1727450690352459,,0.3
214,214,SPL A4 Path L 24A,0.245,21187.0,255.561,L 24A,,,,L,24,27.1111111111111,1953.8267777777778,1963.446931,1963.446931,-1.0008722398503334,25.383298483817548,-0.9493061214144968,-5.357946637712139,1963.457547,1963.297985416667,-0.9493061214144968,25.472658473439235,-5.271266554179211,-1.144098189329527,25.66015263690527,-5.089395340675517,-1.143138253247419,25.644979263631253,-5.104113664485048,0.31732905637006875,0.23412359663816204,0.22710222997495885,0.14322594947919365,-0.2768541530877222,-0.2685512970366224,0.19075211798614936,-0.18879884995421273,-0.18313677244408666,0.14226601339708567,-0.2616807798137053,-0.253832973227091,1963-06-13 03:06:56.015998410,-0.46038055085033425,-0.4086127284144971,-0.6080529605795271,-0.6063450653585299,0.32557005479894846,0.14767240972919282,0.1459645145081957,0.19540855436577864,-1.1090415199811072,0.10816928013077387,-0.5743179003831218,0.11393734953278756,25.653207828890043,-0.2699093450724952,-5.098395749811724,-0.25955088790041536,6,29.035550981482082,35.00023282243145,0.28687540456084626,,0.472634400000036
215,215,SPL A4 Path L 25A,0.247,14036.0,173.461,L 25A,,,,L,25,27.2222222222222,1953.937888888889,1963.555227,1963.555227,-1.04349468917056,25.270575467278523,-0.9475330773529193,-5.467289090985158,1963.5382853333333,1963.4293646666665,-0.9475330773529193,25.470640522363293,-5.273223986902381,-1.132756203241174,25.664388648796663,-5.08528636678075,-1.1300452689769165,25.642634958545937,-5.106387663860855,0.3182420364428081,0.23457230303895102,0.22753747967078813,0.08926151407061389,-0.3938131815181407,-0.3820027242044084,0.18467836494730358,-0.19319921757315703,-0.18740517303813733,0.08655057980635639,-0.37205949126741444,-0.3609014271243032,1963-07-22 15:47:18.672001861,-0.5009453761705589,-0.4053056560195864,-0.5938981796856184,-0.5907175352130274,0.32658736935682536,0.09295280351505952,0.08977215904246849,0.1880555096973031,-1.1024777833840074,0.058983094213447274,-0.5690058713480204,0.06806049517746149,25.650725719549875,-0.3801502522713527,-5.102594128382097,-0.36469496260306133,7,28.28162391156148,34.916531636796385,0.41507380605216343,,0.9325447999999893
216,216,SPL A4 Path L 26A,0.215,14405.0,178.651,L 26A,1.0,27.0,,L,26,27.3333333333333,1954.049,1963.612698,1963.612698,-0.7982323030378644,25.758047615993807,-1.0370438403446356,-4.994436232009846,1963.645601,1963.560187361111,-1.0370438403446356,25.542095250216974,-5.203912186337033,-1.1197799343299675,25.666977934107415,-5.082774734136465,-1.1263460596829817,25.642747480902525,-5.1062785160497395,0.31758432861113195,0.23297845416276097,0.22599143032239485,0.32154763129210306,0.09106968188639186,0.08833850212661876,0.07958940924298204,-0.12450606788048191,-0.12077213090474477,0.3281137566451173,0.11530013509128167,0.11184228403989316,1963-08-12 15:14:04.127997141,-0.2545910410378661,-0.49277742134463526,-0.5781323568855231,-0.5845004387940925,0.3257480038415021,0.323541315847657,0.3299093977562264,0.08221488713187126,-1.1004484743994207,0.3022161713615563,-0.5615117288335791,0.306920687795713,25.649652063382444,0.10839555261136269,-5.104240791515428,0.10980455950558188,8,28.128121974101415,34.81953709313493,0.40519668298048067,,1.0704751999997557
217,217,SPL A4 Path L 27A,0.226,13655.0,164.769,L 27A,,,,L,27,27.5555555555555,1954.2712222222221,1963.768878,1963.768878,-1.2694045288254827,25.59766266737859,-1.1264814405641717,-5.150011236016095,1963.7712933333332,1963.6905794999996,-1.1264814405641717,25.671221000705646,-5.078658917105511,-1.0973636111917118,25.668437371388286,-5.08135906537965,-1.127019631767002,25.64820978899543,-5.100980022576539,0.3237534221089617,0.23293987816557105,0.2259540112193606,-0.17204091763377094,-0.07077470400969688,-0.06865217063644469,-0.03401327065745826,0.004725258352005805,0.004583547854029628,-0.14238489705848068,-0.05054712161684094,-0.049031213439556076,1963-10-08 15:22:16.608002715,-0.722795846825481,-0.5798268672308386,-0.5529463888583783,-0.5826887004197796,0.33240579754517807,-0.1698494579671027,-0.14010714640570143,-0.03176994037968095,-1.0979419226598799,-0.17146260616560283,-0.5274689434858213,-0.19532690333965974,25.64278062989552,-0.045117962516929566,-5.106656128425822,-0.04335510759027272,10,28.113754142469812,34.84819008199114,0.42125146703203453,,1.2726536000000621
218,218,SPL A4 Path L 28A,0.206,13386.0,167.756,L 28A,,,,L,28,27.7777777777777,1954.4934444444443,1963.932304,1963.932304,-1.3118074898291676,25.657952718744554,-1.1094387569421083,-5.091529283290594,1963.9254093333332,1963.8212838333332,-1.1094387569421083,25.640560551765088,-5.108399859182351,-1.0602609641984606,25.66407192156523,-5.085593595362509,-1.1178653321897654,25.651930622578213,-5.097370776792907,0.31921679843153716,0.23178679263392277,0.22483550672280642,-0.251546525630707,-0.006119202820677572,-0.005935687928085187,-0.038917014160698815,-0.02397581621732196,-0.023256781488963856,-0.19394215763940226,0.006022096166340418,0.005841493502313,1963-12-07 06:58:58.943997823,-0.7620937138291689,-0.559830964275442,-0.5130920348095718,-0.5710459512453208,0.3276553098155067,-0.24900167901959713,-0.19104776258384815,-0.03655668031810666,-1.0893056440745386,-0.22250184575462906,-0.4966170994006046,-0.2654766144285643,25.63821837782685,0.01973434091770443,-5.104982470517547,0.013453187226953212,12,28.936743585446635,35.08816482044008,0.3481824133459742,,1.3312352000000203
219,219,SPL A4 Path L 29A,0.244,18264.0,216.618,L 29A,,,27.0,L,29,28.0,1954.7156666666667,1964.075046,1964.075046,-0.7471042521716749,25.666066269172106,-1.1112362447094397,-5.0836590582403645,1964.0629936666667,1963.9649483333333,-1.1112362447094397,25.530830283240604,-5.214839316953779,-1.0539406529540563,25.661099810993697,-5.088476572338003,-1.1066036274828468,25.653501582916622,-5.095846929555048,0.31863555383824255,0.2300199166315904,0.2231216193317839,0.3068364007823814,0.004966458178408573,0.004817514097638309,-0.060710216399073626,-0.13055527803010966,-0.1266399252419864,0.35949937531117193,0.012564686255483792,0.012187871314683463,1964-01-28 11:12:14.630397765,-0.19460333217167625,-0.5589538060427744,-0.5037844282040561,-0.5573129543578467,0.3269143193797717,0.30918109603237987,0.3627096221861704,-0.058588058334260264,-1.0807298925088078,0.33362564033713293,-0.481908481130233,0.28730514895855674,25.636108394917972,0.029957874254133543,-5.10323117560002,0.019572117359655472,1,29.58444711514694,35.051823620827186,0.18933411296938119,,0.8997240000006966
220,220,SPL A4 Path L 30A,0.211,15643.0,203.841,L 30A,,,,L,30,28.1666666666666,1954.8823333333332,1964.181631,1964.181631,-1.2747969921274769,25.268471861805157,-0.8600833968562848,-5.46932960933038,1964.1815036666667,1964.1099616666663,-0.8600833968562848,25.451216433493553,-5.292065547346922,-1.0373764677785815,25.658984951253217,-5.090528007434868,-1.09096718608871,25.65574242827572,-5.093673287148271,0.31284347182599165,0.2283944866769325,0.22154493602146608,-0.23742052434889538,-0.39051308944805996,-0.37880160189551226,0.18039929485969067,-0.207336129371825,-0.20111811885196426,-0.18382980603876686,-0.387270566470562,-0.37565632218210876,1964-03-07 11:26:48.134397623,-0.7201643721274783,-0.30545332352295257,-0.4842207801119148,-0.5392345201164876,0.32041089905184456,-0.23594359201556353,-0.18092985201099065,0.1818997530078376,-1.0653186018069978,-0.2094783903204791,-0.46621451203576125,-0.25394986009171705,25.62806068686748,-0.3595888250623247,-5.107791033667043,-0.3615385756633369,3,29.6094613351919,34.77548650556975,0.05947927339884755,,0.260214000000142
221,221,SPL A4 Path L 31A,0.213,18321.0,222.891,L 31A,1.0,28.0,,L,31,28.3333333333333,1955.049,1964.287834,1964.287834,-0.5583489462697029,25.41911116950339,-1.0888116025184338,-5.323207974470019,1964.287713,1964.2520100833333,-1.0888116025184338,25.417147771131066,-5.325112490525158,-1.0301309544152888,25.655572926349212,-5.093837705712001,-1.0737146306119378,25.6539303752058,-5.095430996746623,0.3085478608444886,0.22914490324222217,0.22227284759396293,0.4717820081455859,-0.2364617568458236,-0.2293702687580188,-0.05646772489179941,-0.23826263824195357,-0.23111714172107925,0.515365684342235,-0.23481920570241144,-0.227776977723396,1964-04-15 08:20:01.881599218,-0.001592266269703324,-0.532057342518435,-0.47405402127639973,-0.5194853979036044,0.3145832611282742,0.4724617550066964,0.517893131633901,-0.05579766073439322,-1.0476324861649788,0.48928353989527595,-0.4585887072116185,0.45699644094191516,25.622020205444898,-0.20290903594150933,-5.114155990146944,-0.20905198432307515,4,29.36656309744572,34.76416405061029,0.10782178428467666,,-0.2816031999995511
222,222,SPL A4 Path L 32A,0.231,19658.0,235.436,L 32A,,,,L,32,28.5,1955.2156666666667,1964.393674,1964.393674,-1.4332888691581216,25.563860282084644,-1.1612467535902535,-5.182799887775076,1964.3935596666663,1964.3956295555556,-1.1612467535902535,25.481468901391565,-5.262720350961171,-1.0295242106860327,25.65167335051662,-5.097620333265369,-1.0570033060558173,25.651005251428224,-5.098268396062109,0.30841406758837203,0.22920835236796303,0.22233439388042295,-0.40376465847208887,-0.08781306843197711,-0.08517955450970671,-0.1362455478198813,-0.17091296437514694,-0.16578728457353797,-0.3762855631023043,-0.08714496934357996,-0.08453149171296648,1964-05-24 02:01:56.697597440,-0.8744153891581232,-0.6023755602569213,-0.4705042439638107,-0.5002332026252617,0.3138315331901392,-0.40391114519431254,-0.3741821865328615,-0.1363926100143269,-1.0403970024458828,-0.39289186671223875,-0.45238796574137913,-0.4220274234167441,25.615137792771677,-0.0512775106870329,-5.119497487037182,-0.06330240073789373,5,29.22336105646661,34.908116798453094,0.20410496233679676,,-0.6
223,223,SPL A4 Path L 33A,0.241,16149.0,200.661,L 33A,,,,L,33,28.6666666666666,1955.3823333333332,1964.499171,1964.499171,-1.4921024453429363,25.461435252586654,-1.483135376261074,-5.282153190638418,1964.4990636666669,1964.539284611111,-1.483135376261074,25.59553677512996,-5.152073372756186,-1.0153484522097953,25.649899320434294,-5.09934116018553,-1.050763350430386,25.650121463313834,-5.099125679370946,0.3124024524771772,0.22995632754671638,0.22305993728356563,-0.47675399313314104,-0.18846406784764014,-0.1828120304528884,-0.4662092893481649,-0.053668837084654086,-0.052059308660487545,-0.4413390949125504,-0.18868621072718028,-0.18302751126747197,1964-07-01 16:43:05.030397881,-0.9311190253429377,-0.9221541029277414,-0.4533905854875731,-0.4914175386664971,0.3185641234616574,-0.47772843985536456,-0.43970148667644054,-0.467190058190758,-1.04646241826229,-0.44564002708064643,-0.44499927866346056,-0.4861197466794771,25.608942346721015,-0.1475070941343617,-5.1263598379731405,-0.1557933526652775,7,28.714340724828077,34.89509389882059,0.31022913642116867,,-0.6
224,224,SPL A4 Path L 34A,0.246,17945.0,217.851,L 34A,,,,L,34,28.8333333333333,1955.549,1964.604346,1964.604346,-1.5240148142821648,25.761314790718586,-1.4805182836326314,-4.991267039855064,1964.6042583333335,1964.683831027778,-1.4805182836326314,25.626516058012058,-5.122023158567721,-1.0059055978428997,25.64604416569293,-5.103080698836196,-1.0438067854532556,25.653284284406983,-5.0960577112823815,0.3091226511094577,0.2307887768507878,0.22386742143300817,-0.5181092164392651,0.115270625025655,0.11181365898113249,-0.47646364182527373,-0.019136915639415737,-0.018562999539390408,-0.48020802882890923,0.1080305063116036,0.10479067142731768,1964-08-09 04:34:30.950402461,-0.9609278942821633,-0.9174331169659643,-0.4409973047595664,-0.4818185283004779,0.31431196123177335,-0.519930589522597,-0.4791093659816854,-0.4782667769826805,-1.0570605802153128,-0.466954234066852,-0.4393778015941604,-0.5215500926880029,25.611024516413252,0.15029027430533404,-5.118060522443971,0.12679348258890677,8,28.263103053230576,34.30859200964628,0.14557557694986575,,-0.6752152000000707
225,225,SPL A4 Path L 35A,0.2,11669.0,144.545,L 35A,,,28.0,L,35,29.0,1955.7156666666667,1964.709258,1964.709258,-1.4254375912727937,25.656798130730937,-1.273616960448053,-5.092649245209682,1964.7212143333334,1964.8259666111107,-1.273616960448053,25.68095050865845,-5.069221197096218,-0.9909098753693785,25.6410154348272,-5.107958618063266,-1.0422095552730253,25.657191971731077,-5.092267215501138,0.30156298006148724,0.22931425554968599,0.22243712102572646,-0.4345277159034152,0.01578269590373793,0.01530937285358469,-0.2795858625298181,0.03833682006279678,0.03718709882911261,-0.3832280359997684,-0.0003938410001396164,-0.00038202970854328555,1964-09-16 14:07:20.179202870,-0.8602524312727919,-0.7081926737813854,-0.4231111297027119,-0.4775541191341364,0.3053819312706,-0.43714130157008,-0.3826983121386555,-0.28193463277055825,-1.0524627456264717,-0.372974845646322,-0.44539701100280166,-0.4148554202699903,25.61256550788213,0.04423262284880636,-5.1105834132138375,0.017934168004155815,9,28.279636993371817,34.66332838415729,0.3015694937468379,,-0.8
226,226,SPL A4 Path L 36A,0.217,13236.0,164.094,L 36A,,,,L,36,29.1666666666666,1955.8823333333332,1964.850039,1964.850039,-0.8713984757891997,25.62473860452582,-1.071119073214889,-5.123747306223908,1964.8499206666668,1964.9649077499998,-1.071119073214889,25.62191899481756,-5.126482355837022,-0.9852778205424256,25.640781465266823,-5.108185570876529,-1.033903743126111,25.663426165351645,-5.086219985347251,0.30201213518079245,0.22921709420901076,0.22234287355365806,0.11387934475322592,-0.016042860741002585,-0.015561735347379368,-0.07811099713057983,-0.016352865904025293,-0.015862443455563202,0.1625052673369114,-0.03868756082582436,-0.037527320876657555,1964-11-07 02:44:33.273597606,-0.3033976957892013,-0.5031206598815551,-0.4146656885702035,-0.46655757093166655,0.3060226138884781,0.11126799278100219,0.16315987514246527,-0.08069668805650505,-1.0326027776614117,0.16120430187221202,-0.4384638251412157,0.1350661293520144,25.60715412832846,0.017584476197360033,-5.1084655830620145,-0.015281723161893801,11,29.177989624244983,34.7384585498913,0.13774047659063432,,-0.8
227,227,SPL A4 Path L 37A,0.222,20949.0,252.159,L 37A,1.0,29.0,,L,37,29.3333333333333,1956.049,1964.990465,1964.990465,-0.9165211525826737,25.58422024919591,-0.9436400973559597,-5.163050516077476,1965.0058993333334,1965.1003944722224,-0.9436400973559597,25.4823595408057,-5.261856421823066,-1.0028365323411235,25.63301868207072,-5.115715548204581,-1.021025049742292,25.66641975988075,-5.083316168718074,0.2853668421792826,0.21947154952848316,0.21288959775809868,0.08631537975844972,-0.048798432874811226,-0.04733496787289493,0.06328890203254815,-0.15148900948476887,-0.1469458540903211,0.10450389715961816,-0.08219951068484121,-0.07973434735940188,1964-12-28 12:14:40.416002709,-0.3457118525826721,-0.37246304602262553,-0.4294950972022348,-0.45099340758951406,0.2922386764383639,0.08378324461956266,0.10528155500684194,0.06114392486588218,-1.019360657856383,0.10283950527370922,-0.4313603272306133,0.08564847464794118,25.6030015283885,-0.018781279192591427,-5.113527249518303,-0.04952326655917272,12,29.3256373031438,34.96590785526498,0.20761017429937229,,-0.7228839999997528
228,228,SPL A4 Path L 38A,0.242,15634.0,194.748,L 38A,,,,L,38,29.5555555555555,1956.2712222222221,1965.177194,1965.177194,-1.0430006636960054,25.23811976869536,-0.9966230753311005,-5.498771443167815,1965.1770206666667,1965.233470666667,-0.9966230753311005,25.39644368955709,-5.34519565669273,-1.032672645281974,25.627745503533852,-5.120830584117126,-1.0087997373739368,25.66860827131508,-5.081193290741658,0.27348808450352907,0.2161306633353794,0.20964890474192585,-0.010328018414031304,-0.38962573483849283,-0.37794085905068897,0.026355771053809856,-0.23268787676248218,-0.22570956733837644,-0.034200926322068614,-0.4304885026197205,-0.4175781524261568,1965-03-06 16:13:09.984003140,-0.46827958969600336,-0.4219024629977655,-0.45666012689308505,-0.43605924791560347,0.28180309833322076,-0.011619462802918312,-0.0322203417803999,0.025084986201959536,-1.0209372526955627,-0.022063411000442734,-0.43302139890467434,-0.035258190791329025,25.598587582598817,-0.3604678139034583,-5.121503223297168,-0.37726821987064696,3,29.29799954411855,34.95196908448008,0.2074180258049139,,-0.17473439999964716
229,229,SPL A4 Path L 39A,0.207,14528.0,175.204,L 39A,,,,L,39,29.7777777777777,1956.4934444444443,1965.363403,1965.363403,-1.0303474097146224,25.366991050779994,-1.03090786415812,-5.373765010832898,1965.3632506666665,1965.3639126944445,-1.03090786415812,25.699729611599526,-5.05100527945234,-1.0334273615316334,25.626630513354137,-5.121912135741352,-1.0025342940000408,25.670545813978926,-5.079313854982302,0.2732175857234456,0.21637367338761715,0.20988462692269705,0.0030799518170110396,-0.2596394625741425,-0.2518528750915454,-0.0026724491673109454,0.07604821056501503,0.07376752473016879,-0.02781311571458156,-0.3035547631989317,-0.294451155850596,1965-05-13 15:24:37.008001958,-0.4517159467146211,-0.4522796001581191,-0.4548071235038554,-0.4270730355278185,0.2824370684853539,0.0030911767892342623,-0.02464291118680262,-0.002635348546940123,-1.013813441600292,-0.01653396811433039,-0.439943631378667,-0.011772315335954131,25.601745888071697,-0.2347548372917032,-5.123748487352544,-0.25001652348035375,5,28.71886567042675,34.87790371833392,0.30149807456001254,,0.4582508000001856
230,230,SPL A4 Path L 40A,0.21,15065.0,186.81,L 40A,,,29.0,L,40,30.0,1956.7156666666667,1965.549155,1965.549155,-1.0193755190637315,26.494078015323236,-1.0943756094579156,-4.280479384356308,1965.5096883333335,1965.490377777778,-1.0943756094579156,25.846861745940945,-4.908285637819823,-1.0186062381588188,25.616668186215556,-5.131575692689049,-0.9939806145018344,25.6743430272626,-5.075630520125003,0.2689038423180811,0.21131814511425198,0.2049807139422498,-0.0007692809049126836,0.8774098291076804,0.8510963083327407,-0.076832199262663,0.22831408787862154,0.2214669483831416,-0.02539490456189708,0.8197349880606346,0.7951511357686947,1965-07-20 10:35:52.079997726,-0.436843264063733,-0.5126721544579159,-0.43746550443659665,-0.4157845505851677,0.27746885673017624,0.0006222403728636805,-0.02105871347856525,-0.07626307947562648,-1.010631493712657,-0.008744025351074436,-0.4302540726688818,-0.006589191394851146,25.599297649125305,0.8947803661979314,-5.128554236125527,0.8480748517692192,7,27.124499021514637,34.953222408386864,0.6861520775375637,,1.226957999999492
231,231,SPL A4 Path L 41A,0.225,23041.0,281.756,L 41A,,,,L,41,30.0866666666666,1956.8023333333333,1965.616507,1965.616507,-1.2334038995953929,25.67951617171961,-1.0540603631411194,-5.070612518270263,1965.6265966666667,1965.6156194444447,-1.0540603631411194,25.97874906073069,-4.780353623600624,-1.0005966308953054,25.612344274617282,-5.135769930178492,-0.9827025336090853,25.677881558722046,-5.072198109224029,0.2677750515785546,0.21119410550869663,0.2048603942844651,-0.2328072687000875,0.06717189710232674,0.06515741190822943,-0.05176069355089907,0.3657684857439231,0.3547990888564634,-0.25070136598630754,0.0016346129975630674,0.0015855909537663138,1965-08-14 00:36:04.751998611,-0.6494572525953939,-0.4699018331411198,-0.4169545970064165,-0.4017758117479744,0.27607695271207744,-0.23250265558897737,-0.2476814408474195,-0.0512207699397883,-1.0078501940539768,-0.22555370554141607,-0.4167731699658694,-0.2326840826295245,25.601164881234634,0.07835129048497436,-5.128666356279407,0.05805383800914399,8,26.831048152053295,34.91867918901145,0.7351668224250024,,1.4694251999998136
232,232,SPL A4 Path L 42A,0.226,14202.0,169.319,L 42A,,,,L,42,30.1733333333333,1956.8890000000001,1965.714128,1965.714128,-0.9094016707642341,25.762652995149224,-1.0170555891721813,-4.989968968175301,1965.7331970000002,1965.7370158333333,-1.0170555891721813,25.67151837946801,-5.078370456732231,-0.9876961397165369,25.609929264127462,-5.138112514503721,-0.9675841913843519,25.67891818483006,-5.071192571532993,0.2879651195365063,0.2099023084866402,0.20360733825510005,0.07829446895230285,0.15272373102176218,0.14814354632841997,-0.027662003558418524,0.05889350584950511,0.05712728960907961,0.05818252062011786,0.08373481031916441,0.0812236033576923,1965-09-18 15:45:40.608002312,-0.3234049827642326,-0.43065845217218085,-0.40162308816098136,-0.3839327665232408,0.2991460587526792,0.07821810539674878,0.06052778375900825,-0.02733419115101084,-1.0013884927861136,0.09198682202187958,-0.397535634674865,0.07413065191063245,25.606484636265762,0.1561683588834626,-5.1263941697334285,0.13642520155812754,9,27.263976156714982,34.809233584805135,0.5906721616562254,,1.9069536000001663
233,233,SPL A4 Path L 43A,0.202,10974.0,137.132,L 43A,,,,L,43,30.26,1956.9756666666667,1965.868956,1965.868956,-0.9083611971569168,25.57238597153521,-0.8123474657022139,-5.174529883751131,1965.8556493333333,1965.8576775555557,-0.8123474657022139,25.674343311391265,-5.075630244517357,-0.9798879862294457,25.615601082110782,-5.13261079434172,-0.9526173800208608,25.67700589492595,-5.073047511862878,0.2913882127366966,0.20633180271964263,0.20014391195605424,0.07152678907252896,-0.04321511057557359,-0.04191908940941058,0.17034307519035477,0.05618075623901575,0.05449589535940932,0.04425618286394406,-0.104619923390743,-0.10148237188825249,1965-11-14 04:03:16.416000806,-0.31911312115691626,-0.223378829702213,-0.3913950978961123,-0.36625421696530547,0.30334486318929127,0.07228197673919606,0.04714109580838921,0.17082815270887416,-0.9851660395168281,0.07680484235991136,-0.3583308489291027,0.03921772777218646,25.60987053171514,-0.03748456017993007,-5.1218407584826515,-0.05268912526847913,11,28.115469354162126,34.85556238515355,0.4241916631057199,,2.0
234,234,SPL A4 Path L 44A,0.216,14334.0,174.336,L 44A,,,,L,44,30.3466666666666,1957.0623333333333,1965.983864,1965.983864,-0.6192795291854911,25.687990967489366,-0.6589407211937818,-5.06239188162564,1966.0087460000002,1965.9767199444443,-0.6589407211937818,25.635908270590093,-5.112912618444902,-0.9804874967317235,25.628957319218507,-5.1196551107848585,-0.9413856136656327,25.68183906904077,-5.0683592846397625,0.2915449779693507,0.19878381035201104,0.19282228387952688,0.3612079675462324,0.05903364827085866,0.057263229159218554,0.3252026798336523,0.010806983908825174,0.010482882461399315,0.32210608448014155,0.006151898448596427,0.005967403014122574,1965-12-26 02:38:55.104001250,-0.027618385185490313,-0.06687266719378084,-0.38960276117616793,-0.352236169873966,0.3028693331242622,0.3619843759906776,0.3246177846884757,0.32638638669476433,-0.9731492357904697,0.35386970660497863,-0.3397337967887536,0.3121154116032633,25.61130085580733,0.0766901116820371,-5.120617523191468,0.05822564156582821,12,28.913968437498227,34.67260256535801,0.1661899354447375,,1.6080895999997518
235,235,SPL A4 Path L 45A,0.202,14921.0,182.224,L 45A,1.0,30.1,,L,45,30.4333333333333,1957.1490000000001,1966.173418,1966.173418,-0.4491814372389376,25.64734787274571,,-5.101816089957936,1966.291327,1966.0955548055556,-0.6801037853481514,25.692627448338612,-5.057894448837061,-0.992054720121133,25.630745458714518,-5.117920597592326,-0.9264423545337136,25.686043112992405,-5.064281319966238,0.29236699018200657,0.2002622392923791,0.19425637473597343,0.5428732828821954,0.01660241403119045,0.016104507634389975,0.30471605427205173,0.06071782901546877,0.05889690132329495,0.477260917294776,-0.03869524024669602,-0.037534769991697914,1966-03-05 07:08:30.048002629,0.14611350476106394,-0.08257932968148353,-0.3987793025933553,-0.33451988150593587,0.30366540122552627,0.5448928073544193,0.4806333862669998,0.30897598824427513,-0.957520769207816,0.5083393319688785,-0.3197711043662318,0.46588460912729573,25.632539627014793,0.014808245730915104,-5.117764246202029,0.01594815624409307,3,29.163407298478724,34.59266361299854,0.07534086622765612,,1.0837967999996942
236,236,SPL A4 Path K 1A,0.215,10719.0,134.854,K 1A,,30.8,,K,1,31.1333333333333,1957.849,1966.716699,1966.716699,-0.9718503896200255,25.742543504780766,,-5.009475374927607,1966.5840959999998,1966.2124199444443,-0.7586248131103964,25.72771198848663,-5.023862094048085,-0.9819173020077527,25.63602608003641,-5.112798342103884,-0.8968254353055138,25.68685572097327,-5.0634930820987165,0.28878052630158757,0.20186491768026307,0.19581098879900494,0.010066912387727278,0.10651742474435721,0.10332296717627631,0.22158182042927246,0.09299647617075142,0.09020751185039118,-0.07502495431451162,0.05568778380749606,0.05401770717110921,1966-09-19 14:16:59.664001968,-0.36623310862002434,-0.1555269891103956,-0.3862838900077529,-0.3021636457916249,0.2991734475599679,0.020050781387728533,-0.06406946282839943,0.2290638153551993,-0.9394731352659981,-0.032377254354027385,-0.23330189904780715,-0.13293120957221718,25.648679832204177,0.0938636725765889,-5.11208992779813,0.10261455287052268,9,27.79520619201501,34.376625916758634,0.27912814924584334,,-0.1
237,237,SPL A4 Path K 2A,0.3,17651.0,209.981,K 2A,,,,K,2,31.2,1957.9156666666668,1966.862171,1966.862171,-0.8548426124722264,25.79324458793341,-0.9697037878238207,-4.960294817258713,1966.8306229999998,1966.326134361111,-0.9697037878238207,25.694244736417605,-5.0563256632275575,-0.966647878490121,25.6373749981967,-5.111489877999221,-0.8825008471518359,25.6847394544494,-5.065545881789536,0.2853514939607507,0.20217763102710914,0.19611432387257913,0.11180526601789464,0.15586958973670662,0.15119506074050726,0.0017147134262790464,0.058134466516875705,0.05639101386603684,0.027658234679609484,0.10850513348400881,0.10525106453082245,1966-11-11 16:37:04.655999664,-0.24646136347222658,-0.361921950823821,-0.36870922079567664,-0.2851047345685027,0.2950206020525774,0.12224785732345006,0.038643371096276136,0.01157119962072319,-0.9216574360597807,0.0668148235875543,-0.22702448463333955,-0.019436878838887034,25.653961063334883,0.13928352459852533,-5.1119344220046665,0.15163960474595317,11,28.45568503272043,35.00459654408354,0.41640956999341466,,-0.18460519999997324
238,238,SPL A4 Path K 3A,0.275,14974.0,185.919,K 3A,,,,K,3,31.2666666666666,1957.9823333333334,1966.912999,1966.912999,-1.0824183613792104,25.546946116538642,-1.007433624056409,-5.199206797496352,1966.9403916666668,1966.437272611111,-1.007433624056409,25.63999872544558,-5.108944836330532,-0.9656903232524255,25.63492973146908,-5.113861811177679,-0.8606374155543159,25.68659440576141,-5.063746560467371,0.28616594329701434,0.20235297306122232,0.19628440739908928,-0.1167280381267849,-0.08798361493043672,-0.08534498631867304,-0.047201817104239464,0.0019320194798027046,0.001874078215604591,-0.2217809458248945,-0.1396482892227695,-0.13546023702898058,1966-11-30 05:52:16.463996839,-0.47307138037921237,-0.39753551238974366,-0.36548634053020335,-0.26049308077653827,0.2975993869263961,-0.10758503984900902,-0.2125782996026741,-0.03753174019683334,-0.9108966648015803,-0.17152169657763017,-0.22733513494610083,-0.24573624543311154,25.657155129968558,-0.11020901342991607,-5.11205661316541,-0.0871501843309419,11,28.838044134237116,35.047414975976075,0.35155886753684606,,-0.24559879999992118
239,239,SPL A4 Path K 4A,0.207,12308.0,151.782,K 4A,1.0,31.0,,K,4,31.3333333333333,1958.049,1967.046005,1967.046005,-1.0850398983177905,25.57980547186469,-0.9499409170457415,-5.16733289423653,1967.0256200000001,1966.550315722222,-0.9499409170457415,25.55049886136129,-5.195760599490938,-0.9483572191139622,25.641895388231553,-5.10710505446151,-0.8486284041689703,25.686760004263125,-5.063585928264725,0.285805783984928,0.19350027316386056,0.18769719997164802,-0.13668267920382826,-0.062089916366861786,-0.06022783977502044,0.005136064391203399,-0.09189857529071688,-0.08914253701774744,-0.23641149414882012,-0.10695453239843289,-0.10374696597180488,1967-01-17 19:00:13.679997565,-0.4730737933177921,-0.33834489637907544,-0.345815755252851,-0.24577378553008153,0.29688857421919146,-0.12725803806494107,-0.22730000778771056,0.01415807316898047,-0.9034295002655102,-0.1816103980522803,-0.22673493284324778,-0.2463388604745443,25.674100969045764,-0.09429549718107211,-5.110404798145513,-0.05692809609101701,1,29.377160192849736,34.96998079639554,0.19810794892732975,,-0.40520599999982115
240,240,SPL A4 Path K 5A,0.24,12764.0,154.839,K 5A,,,,K,5,31.4666666666666,1958.1823333333334,1967.117856,1967.117856,-0.6823644914402236,25.52474499568053,-0.904333137067003,-5.22074210673993,1967.1328009999997,1966.6662104444445,-0.904333137067003,25.544922177970847,-5.201170038146497,-0.9511834019444468,25.65036719025538,-5.098887321780381,-0.8381862786533198,25.68852760333568,-5.061871339488357,0.2823208017296923,0.19011446311322122,0.1844129303644268,0.26881891050422324,-0.12562219457485213,-0.12185478495954882,0.038894132323196086,-0.10506102740919943,-0.10191024719719739,0.15582178721309625,-0.16378260765515051,-0.1588707672515728,1967-02-13 00:25:06.816002345,-0.06888951544022204,-0.29054431606700365,-0.34620681286111354,-0.2326189336394311,0.29643113254481795,0.2773172974208915,0.16372941819920905,0.047680725239862075,-0.898072127806596,0.21570763636637236,-0.21148686952874798,0.14259735408852595,25.685087047956443,-0.16034205227591514,-5.108544111662816,-0.11219799507711414,2,29.2682557790068,34.70770920143395,0.10404471155174408,,-0.49142720000008144
241,241,SPL A4 Path K 6A,0.224,11546.0,144.98,K 6A,,,,K,6,31.5999999999999,1958.3156666666666,1967.234542,1967.234542,-0.9455950214429951,25.530216066367327,-0.8353661303458587,-5.21543511346303,1967.2227943333335,1966.7841917222224,-0.8353661303458587,25.55785183400344,-5.188628142498325,-0.9301411871121883,25.65768703765321,-5.091786996606007,-0.8254615776167061,25.691659803084818,-5.058833074409695,0.2734521985886853,0.19175446924481593,0.1860037527121352,-0.015453834330806826,-0.12747097128588436,-0.12364811685702293,0.09328150107864559,-0.10106621534420768,-0.09803523954603399,-0.12013344382628899,-0.1614437367174908,-0.15660203905333514,1967-03-27 14:35:16.511997459,-0.3296696394429969,-0.21968744934585901,-0.32265255580663266,-0.21717811508892834,0.2867930573910677,-0.007017083636364219,-0.11249152435406853,0.10143527025457105,-0.886491044108745,-0.0591039773342501,-0.1992928523539194,-0.1303767870890775,25.69021029140262,-0.1599942250352946,-5.103874965400418,-0.11156014806261272,3,29.23355903768806,34.64997587115434,0.08569799735369273,,-0.46854960000006296
242,242,SPL A4 Path K 7A,0.215,12469.0,149.439,K 7A,,,,K,7,31.7333333333333,1958.449,1967.315985,1967.315985,-0.8781388781543573,25.618594439962457,-0.8956839371669902,-5.1297072072920145,1967.3104016666666,1966.9054444166666,-0.8956839371669902,25.626020260422234,-5.1225040871878305,-0.9046183052168776,25.668699920134344,-5.081104390470484,-0.8094470657851697,25.69299453560178,-5.057538370520918,0.2621484324883148,0.19154604394134525,0.18580157808351566,0.026479427062520267,-0.05010548017188654,-0.048602816821530226,0.011211764621485395,-0.038619354834924735,-0.03746116038342636,-0.06869181236918764,-0.07440009563932293,-0.07216883677109642,1967-04-26 08:01:42.959998583,-0.2605031931543582,-0.27816550216699115,-0.2945087901335441,-0.19844547768794749,0.2748403408206,0.03400559697918587,-0.06205771546641073,0.018611475140002814,-0.8709236486870617,-0.007215229467295581,-0.19110314231016307,-0.06940005084419515,25.689067701781156,-0.07047326181869806,-5.096940782782797,-0.03276642450921763,4,29.10740626784319,34.7317783321285,0.15026271424563142,,-0.3416360000002366
243,243,SPL A4 Path K 8A,0.219,9586.0,120.039,K 8A,,,,K,8,31.8666666666666,1958.5823333333333,1967.380678,1967.380678,-0.8633179119036183,25.729250274936913,-0.9269643050033181,-5.022369940808446,1967.3869029999998,1967.0269629444447,-0.9269643050033181,25.706279096097948,-5.044652213994026,-0.8859276130363609,25.667531887983916,-5.08223739333672,-0.796657018799634,25.68908963062424,-5.0613261673981835,0.23975544368955623,0.19109282004621073,0.18536194637299616,0.022609701132742632,0.061718386952996696,0.05986745252827408,-0.04160170856214829,0.03753334577900228,0.03640772073908938,-0.06666089310398426,0.04016064431267452,0.03895622658973785,1967-05-19 22:44:21.407999652,-0.24432367390361853,-0.30783934200331803,-0.2731695859808053,-0.1829656864940785,0.25035156269324066,0.028845912077186786,-0.061357987409540043,-0.035247242886222496,-0.8613335895168981,-0.0019843223867201942,-0.16629936486397373,-0.0780243090396448,25.688922227372224,0.040328047564688774,-5.092704611156394,0.0703346703479486,5,28.97306487193895,34.712240117256805,0.17102561978446712,,-0.1863728000000141
244,244,SPL A4 Path K 9A,0.262,14075.0,172.413,K 9A,,,31.0,K,9,32.0,1958.7156666666667,1967.464046,1967.464046,-1.0394361249519786,25.770992573394484,-1.116466490691431,-4.9818794938816175,1967.4529233333333,1967.1501479722222,-1.116466490691431,25.723288396236835,-5.028153022766308,-0.8655418710702707,25.670005442838587,-5.079838020392142,-0.7835148542284057,25.688077716780075,-5.062307733946157,0.22320035968200772,0.19152574937906455,0.18578189215515772,-0.17389425388170787,0.1009871305558967,0.09795852651052428,-0.2477065285069744,0.05365731485880687,0.05204813198619007,-0.25592127072357285,0.08291485661440845,0.0804282400645393,1967-06-19 09:02:34.656001672,-0.4186911589519775,-0.4959551006914307,-0.25009792123693736,-0.1671611263117391,0.23232479571877074,-0.16859323771504015,-0.25153003264023843,-0.24262227704401118,-0.8458652697751599,-0.1935708551768187,-0.15802678188055305,-0.2606643770714244,25.69021280301697,0.08077977037751438,-5.087379809589634,0.10550031570801632,6,28.60284114272561,34.78428005086129,0.28489279408267915,,0.0
245,245,SPL A4 Path K 10A,0.223,11770.0,144.136,K 10A,,,,K,10,32.1666666666666,1958.8823333333332,1967.514046,1967.514046,-1.4466454352186962,25.66962234037911,-1.1458217315200514,-5.08020963360886,1967.5140460000002,1967.2708113055555,-1.1458217315200514,25.667303517837222,-5.082458914662715,-0.8548104024467381,25.671355913311583,-5.078528050528631,-0.7876910804355659,25.683905834807284,-5.066354501178584,0.2320237666128469,0.1913687856622878,0.1856296357802471,-0.591835032771958,-0.0017335729324727822,-0.001681583080228144,-0.2917997807419444,-0.004484335724304363,-0.004349850495933616,-0.6589543547831302,-0.014283494428173782,-0.013855132430275141,1967-07-07 15:02:34.656000238,-0.824850469218696,-0.5240267655200513,-0.2367309637245158,-0.16871890096334366,0.2427787206774836,-0.5881195054941801,-0.6561315682553523,-0.28810376976046287,-0.8336722457999483,-0.6129731894187479,-0.15294218988382743,-0.6719082793348685,25.68952944253048,-0.01990710215136815,-5.08482074368245,0.0046111100735908295,7,28.205838350367472,34.62821215974048,0.30200286945766786,,0.0
246,246,SPL A4 Path K 11A,0.199,10434.0,130.943,K 11A,1.0,32.0,,K,11,32.3333333333333,1959.049,1967.564046,1967.564046,-0.9513836343894797,25.561295639738077,-1.077989134961394,-5.185287616497668,1967.5653186666668,1967.3944020833333,-1.077989134961394,25.592916748483688,-5.154614824803338,-0.8417135788173122,25.674002204534414,-5.075961121579571,-0.7870478745646519,25.684111162812275,-5.066155330960464,0.24155202205550308,0.1907872268722432,0.18506551793831583,-0.10967005557216747,-0.112706564796337,-0.10932649491809698,-0.23067977968207343,-0.08584909256236273,-0.08327447827641905,-0.16433575982482784,-0.1228155230741983,-0.11913228553720412,1967-07-25 21:02:34.655998804,-0.32853866838948054,-0.4551174429613938,-0.22094010231731223,-0.165482593689652,0.2537282260009744,-0.1075985660721683,-0.16305607469982852,-0.2285728042376289,-0.8199370920622102,-0.1314465423272695,-0.14993489378466512,-0.1786037746048154,25.687812001968176,-0.12651636223009888,-5.084806216185966,-0.10048140031170139,7,28.08784568411448,34.54818230553321,0.29194783515978334,,-0.05371039999977594
247,247,SPL A4 Path K 12A,0.253,14591.0,177.021,K 12A,,,,K,12,32.5555555555555,1959.2712222222221,1967.617864,1967.617864,-0.8359383352760061,25.547832265333877,-0.8297006786605966,-5.198347224303486,1967.624221,1967.516924972222,-0.8297006786605966,25.5505652227294,-5.195696228300257,-0.8454040845739113,25.690939405292156,-5.059531867472554,-0.7811502132862308,25.688092332081386,-5.062293556957733,0.24569461586602942,0.17759482120589948,0.1722687525179035,0.009465749297905113,-0.1431071399582784,-0.13881535683093205,0.013349600315224919,-0.1415127531116506,-0.13726878564583345,-0.05478812198977534,-0.14026006674750846,-0.1360536673457533,1967-08-14 12:29:19.104001708,-0.21196319127600505,-0.2055920376605959,-0.2219628501294668,-0.15699509573067527,0.25482554066517643,0.00999965885346174,-0.054968095545329776,0.014026211028188565,-0.8097722773788252,-0.02616605789718096,-0.14893387876764905,-0.063029312508356,25.68485037521413,-0.13701810988025187,-5.082356513983715,-0.11599071031977104,8,28.208004057059973,34.52939962277686,0.25706080171611584,,-0.1828736000001144
248,248,SPL A4 Path K 13A,0.225,11746.0,144.523,K 13A,,,,K,13,32.7777777777777,1959.4934444444443,1967.690753,1967.690753,-0.7017800663163041,25.54256776311624,-0.6256173847930818,-5.2034538440996165,1967.6831233333335,1967.638325861111,-0.6256173847930818,25.58918704001275,-5.158232679317233,-0.8420331735362411,25.711292317696575,-5.039789338911145,-0.7668220940944801,25.685776628024843,-5.064539813049621,0.2439107097467204,0.18135394548541664,0.17591514066027872,0.140253107219937,-0.16872455458033642,-0.1636645051884713,0.2108899484392802,-0.11020101197205771,-0.10689608362301566,0.06504202777817603,-0.14320886490860474,-0.13891403104999522,1967-09-10 02:59:46.608002715,-0.07627425331630222,-0.0002717947930805746,-0.21595179361957448,-0.14009317233059126,0.25178522920587987,0.13967754030327226,0.06381891901428904,0.21017939159668883,-0.7993492839955904,0.09756921767928628,-0.15899779370511913,0.08272354038881691,25.687660074458957,-0.14509231134271872,-5.077283214732546,-0.12617062936707057,9,28.473577662602946,34.56266569769374,0.21360432550603645,,-0.2789036000001751
249,249,SPL A4 Path K 14A,0.217,11960.0,149.639,K 14A,,,32.0,K,14,33.0,1959.7156666666667,1967.740753,1967.740753,-0.3391337527869354,25.677161091588133,-0.586897511139429,-5.072896969548594,1967.740753,1967.7561997777775,-0.586897511139429,25.60240426197382,-5.145411841842772,-0.8220847415869337,25.69593243296569,-5.054688580698951,-0.7574972987299786,25.68609280778885,-5.06423311551674,0.2579548686556728,0.1290292155394351,0.12515962936536484,0.48295098879999826,-0.018771341377558315,-0.018208388849643597,0.2314985250480215,-0.0992318991652148,-0.09625593450924974,0.4183635459430432,-0.008931716200716977,-0.008663854031854434,1967-09-28 08:59:46.608001281,0.28742206021306543,0.0396583018605719,-0.19343891542026703,-0.1281470794938676,0.2672296744158064,0.48086097563333247,0.41556913970693304,0.22939272902950383,-0.7919902005982918,0.4528564478113564,-0.16265495490260967,0.4500770151156751,25.690408575089414,-0.013247483501281465,-5.07392234304745,0.001025373498855231,9,28.564261545772293,34.48574811764816,0.15904095892368722,,-0.3389036000000689
250,250,SPL A4 Path K 15A,0.2,12446.0,149.161,K 15A,,,,K,15,33.0833333333333,1959.799,1967.790753,1967.790753,-0.7197787143150476,25.587483931217097,-0.707996511451514,-5.159884711880103,1967.790753,1967.8765346666669,-0.707996511451514,25.672015008653933,-5.077888721455598,-0.7910701934391767,25.697683732754847,-5.052989802390469,-0.7498523712305004,25.68529466265001,-5.065007324282866,0.273727004953065,0.12922774416446992,0.12535220411693498,0.07129147912412914,-0.11019980153774966,-0.10689490948963432,0.08721465249070542,-0.02239809360465846,-0.021726374777456314,0.03007365691545283,-0.09781073143291152,-0.0948773875972373,1967-10-16 14:59:46.607999846,-0.09217290131504763,-0.08039069845151409,-0.15981257246695452,-0.11787935514716717,0.28385438712216,0.06763967115190689,0.025706453832119544,0.08356321559255724,-0.7755087097827952,0.055729995467747595,-0.16306568763562979,0.07089278632058216,25.693978194135703,-0.10649426291860564,-5.064493445311286,-0.09539126656881702,10,28.614742102292126,34.382789984173165,0.10160408037314371,,-0.39890359999990527
251,251,SPL A4 Path K 16A,0.2,11536.0,144.744,K 16A,,,,K,16,33.1666666666666,1959.8823333333332,1967.840753,1967.840753,-1.0650770672525591,25.75140000315657,-0.9998360422080723,-5.000884482938098,1967.8407529999997,1967.9968845833334,-0.9998360422080723,25.720434857408026,-5.030920983965636,-0.7724785568005479,25.689623141055236,-5.060808656945007,-0.7414971537482257,25.68723763840832,-5.063122618367547,0.28782663355197585,0.1340206561410977,0.13000137666338538,-0.29259851045201124,0.0617768621013326,0.05992417400690897,-0.22432269446106487,0.025765831479963214,0.024993114193875954,-0.32357991350433346,0.06416236474824899,0.06223813542944967,1967-11-03 20:59:46.607998412,-0.4364212542525602,-0.3711802292080733,-0.13861025424499246,-0.10690803667878124,0.2993683566133318,-0.2978110000075677,-0.32951321757377894,-0.22959262601662142,-0.7561390144378433,-0.30893805281471587,-0.15965261000093103,-0.27676864425162917,25.696341276222682,0.05505872693388625,-5.053941988429868,0.05305750549177013,11,28.729121164482958,34.70811854189434,0.22283854079822882,,-0.3410964000000978
252,252,SPL A4 Path K 17A,0.265,14231.0,170.327,K 17A,,,,K,17,33.25,1959.9656666666667,1967.890753,1967.890753,-1.2146523450566102,25.822420637850428,-1.0613956296843208,-4.931993757078708,1967.9025096666664,1968.1254405,-1.0613956296843208,25.787195225324492,-4.966162759482992,-0.7629912930012976,25.69670020397412,-5.053943835143061,-0.7354492234419218,25.69322153361492,-5.057318180178188,0.288846828581681,0.13437927293097843,0.13034923853573752,-0.4516610520553126,0.12572043387630671,0.1219500780643532,-0.29773198045846694,0.09053782544919642,0.08782259606397158,-0.4792031216146885,0.12919910423550718,0.12532442309948078,1967-11-22 02:59:46.607996978,-0.5849465320566123,-0.43144292668432205,-0.1263399828624089,-0.09826216683081083,0.3008078417770547,-0.4586065491942034,-0.48668436522580144,-0.30442838959735713,-0.7320732319850166,-0.4825791130715936,-0.1553284198590308,-0.4296181121975815,25.697949984088364,0.12447065376206368,-5.044849905768858,0.1128561486901507,11,28.933893059759058,34.91246051522367,0.2697426087132872,,-0.31890359999990225
253,253,SPL A4 Path K 18A,0.231,11777.0,146.82,K 18A,1.0,33.0,,K,18,33.3333333333333,1960.049,1967.976023,1967.976023,-0.9044574767437925,25.787765034966473,-0.9604060216649416,-4.965610038432171,1967.9642663333334,1968.2536824166668,-0.9604060216649416,25.77223314844397,-4.980676123677866,-0.7555210978757154,25.703648854596523,-5.047203574552824,-0.7373069478849683,25.69500813465817,-5.055585159300227,0.29605723021028973,0.14025516321298792,0.13604891086819101,-0.1489363788680771,0.08411618036994994,0.08159353612065257,-0.20977192256841504,0.06890362212665124,0.06683720249907073,-0.1671505288588242,0.09275690030830219,0.08997512086805592,1967-12-23 05:57:41.327998139,-0.2729609937437938,-0.32910438266494363,-0.1160933741534934,-0.09752670102385726,0.31039657214571426,-0.15686761959030038,-0.17543429271993655,-0.21788151140175024,-0.6946955855410437,-0.2097618912027488,-0.14640013472122657,-0.12656085902256722,25.699406964685494,0.08835807028097875,-5.036437547521164,0.07082750908899271,12,29.477851006222792,34.77116687484266,0.08648970568594838,,-0.44245519999996313
254,254,SPL A4 Path K 19A,0.258,13807.0,170.318,K 19A,,,,K,19,33.5,1960.2156666666667,1968.026023,1968.026023,-0.7621082431944222,25.706513772515006,-0.7930659945176181,-5.044424575522719,1968.0260230000001,1968.3791090000002,-0.7930659945176181,25.69077182481976,-5.059694422206586,-0.7333899064125666,25.70963952038131,-5.041392568834925,-0.7307161958795209,25.70017190286925,-5.050576252497801,0.34529558793043136,0.14237151284061336,0.13810179117048427,-0.028718336781855536,-0.0031257478663029303,-0.003032006687793576,-0.05974197930498548,-0.01645066614121878,-0.015957310663645547,-0.031392047314901306,0.006341869645755338,0.006151676975082232,1968-01-10 12:35:09.715196697,-0.12940562219442497,-0.1603154195176187,-0.09123525677367807,-0.08837355626840986,0.3633177151315083,-0.03817036542074691,-0.04103206592601512,-0.06906419556424516,-0.6783335822168711,-0.08377466097755104,-0.1364509979813614,0.007045375786936425,25.700154199192912,0.006359573322093581,-5.031506074851158,-0.012918500671560196,1,29.62165035924998,34.49862492232832,-0.06779002423388156,,-0.5624551999996357
255,255,SPL A4 Path K 20A,0.25,12805.0,154.756,K 20A,,,,K,20,33.6666666666666,1960.3823333333332,1968.076023,1968.076023,-0.7126322636146396,25.5780366669778,-0.7085152499839523,-5.169048652664866,1968.117743,1968.4914042777777,-0.7085152499839523,25.601261981582365,-5.146519865245289,-0.7110610413496157,25.7083790979051,-5.042615191241071,-0.7198055912553498,25.70202794218615,-5.048775875800016,0.35528086743852055,0.14227270953269985,0.13800595097377513,-0.0015712222650239305,-0.13034243092730335,-0.12643346142379563,0.0009345203801254254,-0.1094788446029753,-0.10619557405333246,0.007173327640710214,-0.12399127520835052,-0.1202727768648506,1968-01-28 19:47:09.715202449,-0.07857964261463746,-0.07333618898395163,-0.06642504093294926,-0.074931820616461,0.37433148865106014,-0.012154601681688193,-0.0036478219981764537,-0.008527629268021959,-0.666225778541447,-0.04640648507319256,-0.12668974178130624,0.04811009916666878,25.700276397656953,-0.12223973067915495,-5.024902711081986,-0.14414594158288008,1,29.379500203645968,34.33244037675348,-0.08930003230625508,,-0.6412276000000394
256,256,SPL A4 Path K 21A,0.224,12126.0,151.797,K 21A,,,,K,21,33.8333333333333,1960.549,1968.251183,1968.251183,-0.6508052431427949,25.51923550525429,-0.6745096783081959,-5.226086367548284,1968.2624166666667,1968.604059027778,-0.6745096783081959,25.607122738197702,-5.140834872720845,-0.6838983633300505,25.71420386026961,-5.036965113499876,-0.7124219535588892,25.703403914939283,-5.047441168469744,0.3804622681719428,0.14993270581278215,0.14543622396541933,0.03309312018725563,-0.19496835501531962,-0.18912125404840818,0.012852074559243495,-0.10638727525287923,-0.10319672086804577,0.06161671041609429,-0.18416840968499315,-0.17864519907853982,1968-04-01 22:23:29.299202617,-0.012023302142792569,-0.03542442830819507,-0.036765381441161794,-0.06504167222555592,0.4010091438462534,0.024742079298369225,0.05301837008276335,0.004803562411096321,-0.6471528401879032,-0.0036524029548916648,-0.09325214355978369,0.08122884141699112,25.69600070310973,-0.17676519785543832,-5.015429746556787,-0.21065662099149662,4,29.39056477322599,34.222239759485674,-0.14132451099811788,,-0.49716079999980656
257,257,SPL A4 Path K 22A,0.262,15438.0,185.227,K 22A,,,33.0,K,22,34.0,1960.7156666666667,1968.460044,1968.460044,-0.6600915281671533,25.724096042361023,-0.6622219688355868,-5.027369597949384,1968.4507423333332,1968.7166907777776,-0.6622219688355868,25.690235445340665,-5.060214715665103,-0.667125853922652,25.717947082177037,-5.033334150817451,-0.7003333766767841,25.706236331227363,-5.0446936963461475,0.3756709172784427,0.14729662581794267,0.14287920000962415,0.0070343257554986716,0.006148960183985253,0.005964552868066519,0.0037355524555163777,-0.02894215419313066,-0.02807417898887869,0.04024184850963075,0.017859711133660028,0.017324098396763077,1968-06-17 09:01:35.385597637,-0.015670340167155294,-0.018051925835585975,-0.017493549783763225,-0.05043915888511738,0.39608275253765846,0.0018232096166079306,0.034768818717962086,-0.0017210743222604967,-0.6261207295820399,-0.033970798585113426,-0.06481355572686802,0.049143215559712725,25.68544673413115,0.03864930822987134,-5.0036883038034645,-0.023681294145919907,6,28.67623425263716,34.38128746332464,0.08739966297192213,,0.30615839999999267
258,258,SPL A4 Path K 23A,0.242,13850.0,170.944,K 23A,,,,K,23,34.0833333333333,1960.799,1968.641,1968.641,-0.6757691351968123,25.827374788406676,-0.636379786825239,-4.927188181497641,1968.6551040000002,1968.828134111111,-0.636379786825239,25.80312328422504,-4.950712383068865,-0.646848346620607,25.725381856154733,-5.026122345711347,-0.7029472062164076,25.706355692986378,-5.044577914246283,0.37215355386338717,0.14687898120584045,0.14247408055943825,-0.02892078857620528,0.10199293225194239,0.0989341642137056,0.01346984769705295,0.07754020953600715,0.07521477865202127,0.02717807101959535,0.12101909542029787,0.1173897327486424,1968-08-22 14:32:38.400002416,-0.026462135196810177,0.01330802117476145,0.005266376684948468,-0.0505562132164076,0.3926825709654491,-0.031728511881758646,0.024094078019597426,0.011038960437794171,-0.599911252922191,-0.0758578822746212,-0.039938636894651915,0.013476501697841738,25.704845253967655,0.12252953443902115,-5.000204578123218,0.0730163966255768,8,28.09287229454911,34.52871548526567,0.28208189101366815,0.18172010463010518,0.48079999999989087
259,259,SPL A4 Path K 24A,0.216,12258.0,152.773,K 24A,,,,K,24,34.1666666666666,1960.8823333333332,1968.864268,1968.864268,-0.5732786971117514,25.857899021907436,-0.7000659093640427,-4.897579369759569,1968.8280936666667,1968.9399219722222,-0.7000659093640427,25.80151314787244,-4.952274231432253,-0.6355747030236167,25.733420285735342,-5.018324988633861,-0.6962068136713797,25.706728462864415,-5.044216323736887,0.3771604652959091,0.14346376850862763,0.13916129009101316,0.06229600591186535,0.12447873617209382,0.1207456188742917,-0.06826204824015485,0.06859746540554094,0.06654022741802883,0.12292811655962832,0.15117055904302035,0.14663695397731757,1968-11-12 07:43:48.403201208,0.08205653888824971,-0.0457073803640425,0.019034355309716477,-0.04133217733804637,0.39865193717282016,0.06302218357853323,0.12338871622629607,-0.068509740823488,-0.5666578817519295,-0.006620815359821841,-0.003732947024303858,0.08578948591255356,25.716115638788615,0.14178338311882044,-4.993127028729764,0.09554765897019468,11,28.880083412253754,35.14760423642642,0.38739536773934646,0.15105673942883824,0.6742432000000683
260,260,SPL A4 Path K 25A,0.254,14821.0,179.466,K 25A,,,,K,25,34.25,1960.9656666666667,1968.979013,1968.979013,-0.8511498957835644,25.719265633303213,-0.7053264911296209,-5.03205514303955,1968.9957333333332,1969.0510579722222,-0.7053264911296209,25.774336920236564,-4.9786354440013305,-0.6129885337274397,25.739944905510626,-5.011996042205639,-0.6916897952938479,25.710311214446033,-5.040741018875206,0.3823747000958156,0.1392371160449134,0.13506139493468367,-0.2381613620561247,-0.02067927220741339,-0.020059100833910826,-0.08833735813597221,0.0374939143474838,0.03636947185620354,-0.15946010048971648,0.008954418857179292,0.008685875835656276,1968-12-24 07:39:00.691196691,-0.19271654478356715,-0.04677750212962073,0.0441063493836714,-0.034350324516070105,0.4044355954219637,-0.23682289416723856,-0.15836622026749703,-0.08688432259893503,-0.557181118536716,-0.29396877724684833,0.01232994727427347,-0.20504649205784062,25.718323383540945,0.0009422497622679771,-4.990851007500349,-0.04120413553920077,12,29.75135452848824,34.92771327333977,0.0967648219138373,0.13529779573777886,1.0248155999999202
261,261,SPL A4 Path K 26A,0.24,12999.0,162.911,K 26A,1.0,34.0,,K,26,34.3333333333333,1961.049,1969.143919,1969.143919,-0.6915508804935468,25.745846105499044,-0.6759221272063792,-5.006271819204873,1969.105617,1969.162136861111,-0.6759221272063792,25.712822426785298,-5.038305117793993,-0.6024041622298895,25.737163826421273,-5.0146937167331025,-0.6831508179327112,25.709051464176664,-5.041962989233993,0.38009233659734226,0.14268730942999575,0.13840811702014882,-0.08914671826365739,0.008682279077770971,0.00842189752822975,-0.07687393258247431,-0.024671806623112264,-0.023931899142483577,-0.008400062560835697,0.03679464132238053,0.03569117002912048,1969-02-22 12:43:49.584003036,-0.029672500493544862,-0.01485875687304585,0.057179756714554886,-0.02336381576604453,0.4019066131857862,-0.08685225720809975,-0.006308684727500333,-0.07540193755469639,-0.5374663956808438,-0.1540844848127031,0.05820167980533972,-0.08787418029888458,25.727015008341073,0.018831097157971044,-4.988241782927415,-0.018030036277457917,2,29.26434645754258,34.760150901433626,0.12850352745204952,0.1126497991512233,1.0545943999997278
262,262,SPL A4 Path K 27A,0.2,10833.0,129.926,K 27A,,,,K,27,34.6666666666666,1961.3823333333332,1969.193919,1969.193919,-0.48506560534202675,25.673355541553637,-0.5405506625863056,-5.076588391137555,1969.2591903333334,1969.2740320555556,-0.5405506625863056,25.699562793423553,-5.0511670947512215,-0.5817518879143858,25.73537396829333,-5.016429897015786,-0.6748843155023454,25.70938603607423,-5.041638451147637,0.38566817237546913,0.14319265077728738,0.1388983031804355,0.09668628257235906,-0.06201842673969438,-0.06015849412176966,0.045016563638455596,-0.03621413399593602,-0.03512807211739647,0.18981871016031865,-0.036030494520591816,-0.03494993998991802,1969-03-12 18:43:49.584001602,0.17781277465797435,0.12363314408036175,0.08034343594672522,-0.012667004446789941,0.4080171612217371,0.09746933871124913,0.1904797791047643,0.047106314768085855,-0.5313515278197845,0.0462859224777577,0.07904011761432836,0.09877265704364599,25.73088071752236,-0.057525175968724085,-4.9878902992591225,-0.0886980918784328,3,29.69001476948197,34.56524250448337,-0.05285227917648341,0.10578285780690931,0.9345943999997277
263,263,SPL A4 Path K 28A,0.198,10178.0,127.375,K 28A,,,34.0,K,28,35.0,1961.7156666666667,1969.439733,1969.439733,-0.445035501923343,25.67948673321797,-0.7019866593996453,-5.070641073911236,1969.4072233333334,1969.3855604444443,-0.7019866593996453,25.733567090248542,-5.0181825867880105,-0.572545628530008,25.734792987543855,-5.016993454152587,-0.673944202217912,25.709136383997556,-5.041880616158531,0.378316312574092,0.14308639586302302,0.13879523485104997,0.127510126606665,-0.05530625432588465,-0.05364761975864951,-0.13674645263573737,-0.0033141690607519556,-0.0032147771306186477,0.22890870029456895,-0.029649650779585812,-0.028760457752705193,1969-06-10 12:03:39.887997882,0.22275915807665564,-0.03484219273297925,0.09205729527554747,-0.009311831162356518,0.39923983805096985,0.13070186280110818,0.23207098923901215,-0.13420741631166386,-0.5029586923069301,0.05792319038358712,0.14994618134879464,0.072812976727861,25.742991651496006,-0.06350491827803495,-4.988882756494125,-0.08175831741711104,6,28.896715129973323,34.51563276658015,0.09934926315737018,0.030451115203919472,0.4446408000000198
264,264,SPL A4 Path K 29A,0.246,14118.0,173.524,K 29A,,,,K,29,35.1111111111111,1961.8267777777778,1969.588018,1969.588018,-1.1758588709335662,25.847858995974022,-0.8432963284051356,-4.907318295315239,1969.5871953333333,1969.497295,-0.8432963284051356,25.875680542177005,-4.880331117282886,-0.54142310384733,25.7404768220907,-5.011480077803802,-0.6708761285492378,25.70619186162636,-5.044736832303814,0.349328408482868,0.14448088671186532,0.14014790491933526,-0.6344357670862363,0.10738217388332316,0.10416178248856323,-0.29568239593241336,0.13407255536260484,0.1300517194272818,-0.5049827423843284,0.14166713434766365,0.13741853698857476,1969-08-03 15:02:15.647997476,-0.5050985109335678,-0.17255242173846982,0.12569493951378108,-0.00385036027146011,0.3697004985297208,-0.6307934504473489,-0.5012481506621077,-0.29207547734908096,-0.4919300701208496,-0.6839288008127167,0.19155586319589918,-0.6966543741294671,25.744862396785585,0.10299659918843673,-4.995410728017238,0.08809243270199918,8,28.191720241036574,34.486797348917506,0.2414722027360804,-0.03338085407486779,0.4556215999998636
265,265,SPL A4 Path K 30A,0.22,11958.0,145.776,K 30A,,,,K,30,35.2222222222222,1961.937888888889,1969.733835,1969.733835,-0.9089946123584973,26.099695897339014,-0.7953618173935763,-4.663033982622181,1969.704823,1969.6113798333333,-0.7953618173935763,25.9628923527748,-4.795734788884917,-0.5288730650408284,25.74955415080864,-5.002674978174113,-0.6700430392471425,25.7109507950001,-5.040120619341952,0.34222276331159573,0.1431612232230978,0.13886781813859428,-0.3801215473176689,0.350141746530376,0.3396409955519317,-0.26691711108747634,0.21458700519697635,0.20815154091111973,-0.23895157311135484,0.3887451023389126,0.3770866367197705,1969-09-25 20:23:40.559999973,-0.2353179123584973,-0.12226535739357709,0.14081693204250487,-0.0006477886638092639,0.36163573149896105,-0.3761348444010022,-0.23467012369468804,-0.26352903450414383,-0.46701708356953037,-0.44197752878896696,0.20628972513596777,-0.4416076374944651,25.750670416642752,0.3490254806962625,-4.998571767831016,0.33553778520883437,9,28.392799568483127,34.85584575273599,0.36330653603499335,-0.0172884623791806,0.8306020000000343
266,266,SPL A4 Path K 31A,0.302,16087.0,200.053,K 31A,1.0,35.0,,K,31,35.3333333333333,1962.049,1969.792616,1969.792616,-0.30123196888866527,25.94112216501136,-0.4423689158411011,-4.816852088717329,1969.8250046666665,1969.727732888889,-0.4423689158411011,25.92779367549323,-4.829780856834812,-0.5150379500301413,25.75488506983413,-4.997503933410194,-0.6695046857070224,25.711640299039534,-5.039451793528659,0.3395112202669656,0.13894615345407657,0.13477915831194395,0.21380598114147603,0.18623709517722986,0.18065184469286422,0.07706741137077273,0.17303348829216722,0.1678442139782863,0.3682727168183571,0.2294818659718274,0.22259970481132996,1969-10-17 07:18:58.175998509,0.3736203511113338,0.23313117749223142,0.15727915977541415,0.0022292945568663843,0.35859395830621854,0.21634119133591964,0.3713910565544674,0.0802123342133646,-0.46080246034747335,0.15957049145880808,0.21995504874472518,0.1536653023666086,25.75877947395068,0.18234269106068268,-4.996809421802985,0.17995733308565587,10,28.425700363020777,34.81580212043272,0.3380487176053241,-0.013455665067328482,0.8988608000001467
267,267,SPL A4 Path K 32A,0.29,17458.0,210.167,K 32A,,,,K,32,35.6666666666666,1962.3823333333332,1969.948563,1969.948563,-0.1168801662761409,25.74256296412931,-0.21940496231280102,-5.009456499164926,1969.9293013333333,1969.849642388889,-0.21940496231280102,25.718718941034663,-5.032585440006969,-0.5143979665646519,25.759841340960413,-4.992696300854989,-0.6662604389111344,25.69933020288511,-5.051392709899414,0.3391706952881819,0.13425954037010712,0.13023309675436048,0.39751780028851097,-0.017278376831104225,-0.016760198309937024,0.2944098774669514,-0.03974321628770502,-0.038551317231237135,0.5493802726349934,0.04323276124419806,0.04193621073448739,1969-12-13 05:24:42.767997537,0.5610910937238576,0.4581966393538644,0.16066043801868124,0.007774346144421064,0.3568986860221676,0.40043065570517633,0.5533167475794365,0.2969286474669502,-0.4612250902780213,0.3443449240018804,0.25411051164903625,0.3069805820748213,25.772528617372036,-0.029965653242726376,-5.000834094356132,-0.008622404808794393,12,29.6264299313329,34.92594368520654,0.12345190823613343,-0.05690142289768028,0.6234488000000269
268,268,SPL A4 Path K 33A,0.241,151.239,12187.0,K 33A,,,35.0,K,33,36.0,1962.7156666666667,1970.046725,1970.046725,-0.2401027517735968,25.47247169396331,-0.30793420614454897,-5.27144773213865,1970.1640856666666,1969.976992861111,-0.30793420614454897,25.680731631569216,-5.069433510061542,-0.5120086027444639,25.76066006117255,-4.991902134062012,-0.6670557010735404,25.698971965148772,-5.051740204086039,0.34074001282270194,0.13383012734163954,0.12981656182261636,0.2719058509708671,-0.2881883672092407,-0.2795455980766386,0.20190342404749143,-0.07906023404372083,-0.07668921762474994,0.4269529492999436,-0.22650027118546134,-0.21970752805261107,1970-01-18 01:18:39.599997602,0.43987847322640167,0.37452873852211693,0.165864377866647,0.009276163329237351,0.3601508049207476,0.27401409535975463,0.4306023098971643,0.20649412504749085,-0.4554320059754607,0.21532925420186388,0.2724357964250796,0.16744267680132208,25.773783125747308,-0.3013114317839971,-5.001403274474697,-0.27004445766395335,1,29.568925282525846,33.8407680483053,-0.3522260841167262,0.024379964357771313,0.48786000000035334
269,269,SPL A4 Path K 34A,0.256,30480.0,376.178,K 34A,,,,K,34,36.1111111111111,1962.8267777777778,1970.496969,1970.496969,-0.5668197003839093,25.827160236615036,-0.38575831894067886,-4.92739629888105,1970.3814223333331,1970.1047515,-0.38575831894067886,25.745924773491396,-5.006195510465609,-0.5031063212670054,25.758874194705854,-4.993634442393375,-0.6723946825461924,25.698639998918964,-5.0520622146486165,0.33934028560645785,0.1366072102630974,0.13251036002726074,-0.06371337911690389,0.06828604190918242,0.06623814351232582,0.11608363911385093,-0.013081894471850338,-0.01268956845664082,0.10557498216228312,0.12852023769607257,0.12466591576756691,1970-07-01 09:26:54.384001121,0.12261664861609145,0.3012515500593204,0.17757902453854985,0.006221700912140872,0.3583721877314537,-0.054962375922458395,0.11639494770395058,0.12241094008607267,-0.4579962263559006,-0.10882347402800868,0.3385017466872566,-0.21588509807116513,25.783752451303215,0.0434077853118211,-5.005649794323506,0.07825349544245608,7,28.528190439156923,34.441303685204154,0.14697660430119694,0.06147179203097585,-0.4390884000001477
270,270,SPL A4 Path K 35A,0.23,12230.0,147.176,K 35A,,,,K,35,36.2222222222222,1962.937888888889,1970.600573,1970.600573,-0.35035250466453066,25.938142389895848,-0.18987691653800845,-4.819742500377128,1970.595439,1970.2325101388888,-0.18987691653800845,25.87610482250295,-4.879919561123914,-0.4904109501521201,25.75748574801134,-4.994981249571518,-0.677760644123818,25.702349880753086,-5.0484635921707,0.3260023031350779,0.1369389577949218,0.13283215845060603,0.14005844548758944,0.18065664188450725,0.1752387491943903,0.3021485658179679,0.11756123806327778,0.11403557653376033,0.3274081394592873,0.23579250914276173,0.22872109179357203,1970-08-08 05:01:10.127998117,0.3412595283354681,0.5016273024619919,0.19307842751454626,0.0031180085567374966,0.3427854654232327,0.1481811008209218,0.3381415197787306,0.3101661849290796,-0.4634371711981087,0.11308466653357802,0.34378610670017384,-0.002526578364705767,25.779247580876962,0.15889480901888575,-5.007958508137492,0.1882160077603645,8,28.36511289695055,34.71352042479711,0.30535119530466526,0.05225331129172355,-0.7413751999998034
271,271,SPL A4 Path K 36A,0.234,14096.0,176.067,K 36A,1.0,36.0,,K,36,36.3333333333333,1963.049,1970.688775,1970.688775,0.34754145543441456,25.863011840997963,-0.056940765527967875,-4.892619884113564,1970.6828923333335,1970.3602687777775,-0.056940765527967875,25.83277417551038,-4.921950722013176,-0.4825591756488035,25.75927081060182,-4.993249721008129,-0.683591675822075,25.704019815794645,-5.046843738481036,0.3111250665554547,0.1382224279289564,0.13407713731532112,0.8301006310832181,0.10374103039614369,0.10062983689456484,0.42722097298943634,0.0724160807386293,0.07024432247727812,1.0311331312564895,0.15899202520331812,0.15422385436747188,1970-09-09 09:40:08.400002453,1.0410057304344162,0.6363999734720321,0.20372590054564077,-0.00044724819707503725,0.32332920822399075,0.8372798298887755,1.0414529786314912,0.4342862716283254,-0.47030159004297767,0.8178430454773922,0.3532290285100658,0.6877767019243504,25.771120891643417,0.09189094935454634,-5.0122210037450365,0.11960111963147213,9,28.579703606565786,34.63579673948489,0.2231655779226222,0.07497218804679505,-0.8
272,272,SPL A4 Path K 37A,0.236,14027.0,170.067,K 37A,,,,K,37,36.5555555555555,1963.2712222222221,1970.759329,1970.759329,-0.16801124735378753,25.697168295637326,0.10084800143758245,-5.053489781548837,1970.7886153333336,1970.4870476944443,0.10084800143758245,25.854372056563633,-4.901000561412708,-0.4795150897512889,25.76431772570209,-4.988354162891716,-0.6941557785718788,25.70517447310793,-5.0457237093405745,0.30739294389676025,0.1425420699798267,0.13826723330108662,0.3115038423975014,-0.06714943006476304,-0.06513561865712081,0.5791938579111395,0.09094891573713444,0.08822135775417728,0.5261445312180912,-0.00800617747060528,-0.007766072208262642,1970-10-05 03:43:19.343999360,0.526934661646212,0.7964089234375834,0.2095367774709332,-0.008759239307990028,0.31632126338408106,0.31739788417527887,0.5356939009542021,0.5857061709111406,-0.4726748427668913,0.3046635954131038,0.3643853534712011,0.16254930817501095,25.764526989496602,-0.06735869385927629,-5.019298155327115,-0.03419162622172234,10,28.98840519529768,34.46107877534241,0.05462814827506646,0.08124018276657899,-0.7388052000000447
273,273,SPL A4 Path K 38A,0.253,12414.0,154.468,K 38A,,,,K,38,36.7777777777777,1963.4934444444443,1970.917742,1970.917742,0.12301379623212033,26.002936033055615,-0.1745351579448439,-4.756892018575723,1970.8816043333334,1970.6140196666665,-0.1745351579448439,25.793935477966333,-4.959624647017878,-0.47296330402057873,25.766680886175592,-4.986061873600811,-0.6962735624959762,25.70105387289412,-5.049720732753971,0.3036889448525868,0.14226130517935695,0.1379948886369826,0.595977100252699,0.2362551468800227,0.2291698550250878,0.2960088346008963,0.026309907870608384,0.02552087373356778,0.8192873587280964,0.30188216016149383,0.2928287141782482,1970-12-01 23:25:11.712002818,0.8212863782321222,0.5229785330551568,0.21884557956275466,-0.0087220955793097,0.3109470835131832,0.6024407986693676,0.830008473811432,0.30171674868423043,-0.4708635229341569,0.5938773191662772,0.36371166165361096,0.4575747165785113,25.756946791194036,0.24598924186157944,-5.023655472202554,0.2667634536268313,12,29.676703274593518,34.487062347221155,-0.08510481552303636,0.11652650221935892,-1.0025808000003078
274,274,SPL A4 Path K 39A,0.21,11374.0,141.138,K 39A,,,36.0,K,39,37.0,1963.7156666666667,1970.967742,1970.967742,-0.47860802271286457,25.681702105206057,-0.2368812873083049,-5.068492140929074,1970.9811496666669,1970.7414814166668,-0.2368812873083049,25.844031824441146,-4.911030689973842,-0.4591535838653528,25.77187809840949,-4.98102052576181,-0.6942412978730013,25.701300344115747,-5.0494816532042845,0.30378252884999773,0.1385417019264192,0.13438683628559864,-0.019454438847511746,-0.0901759932034345,-0.08747161516726365,0.22459418673354095,0.07431973817173088,0.07209088922396016,0.2156332751601367,-0.01959823890969048,-0.019010487724789193,1970-12-20 05:25:11.712001383,0.2207145592871363,0.4627614990250291,0.23540299607909157,-0.004533889748001306,0.31052669183767334,-0.014688436791955278,0.2252484490351376,0.22969949465020834,-0.47098236392835013,-0.007625658784514433,0.3615774960896727,-0.14086293680253642,25.757064967546118,-0.07536286234006084,-5.017464585595002,-0.05102755533407155,12,29.752885858550197,34.39537416394311,-0.14312466647419625,0.15432801427983758,-1.1338712000003692
275,275,SPL A4 Path K 40A,0.243,14606.0,177.585,K 40A,,,,K,40,37.1111111111111,1963.8267777777778,1971.057965,1971.057965,-0.3550496354441704,25.847457335061772,-0.3700569933685367,-4.907707910416729,1971.0559753333334,1970.8690153055556,-0.3700569933685367,25.781095966950073,-4.972079101098758,-0.45230953423960585,25.770577274223168,-4.982282338230785,-0.7022899382397152,25.705852867049085,-5.045065660433715,0.3021122335840196,0.14117643984158798,0.1369425584106926,0.09725989879543545,0.07688006083860444,0.07457442781405632,0.085334382829239,0.012829444166730042,0.012444689136168918,0.3472403027955448,0.14160446801268733,0.13735775001698602,1971-01-22 03:46:24.239998972,0.34628355955582885,0.33125194463146385,0.2449374374826162,-0.010367832184159756,0.30797155679532445,0.10134612207321264,0.3566513917399886,0.08944033796812843,-0.4694974794552999,0.11444784401112951,0.35862020973172787,-0.012336650175899022,25.758541846754433,0.08891548830733953,-5.011178159120832,0.10347024870410326,1,29.63068946424861,34.64914747543151,-0.002043479604049478,0.19013776466985655,-1.4
276,276,SPL A4 Path K 41A,0.225,11750.0,146.602,K 41A,,,,K,41,37.2222222222222,1963.937888888889,1971.142219,1971.142219,-0.2765133219485752,25.814128460582396,-0.2546852947244545,-4.940037251950471,1971.1452073333332,1970.9923927777777,-0.2546852947244545,25.808896057973886,-4.945112734804748,-0.45471101048836826,25.762344195717375,-4.9902685067121855,-0.7017159977236019,25.71109295882712,-5.039982719008105,0.3041478213734766,0.15217828690356,0.14761446007928034,0.17819768853979306,0.05178426486502019,0.050231254761714084,0.20174570026172725,0.0459989386351675,0.044619430465498176,0.42520267577502674,0.10303550175527576,0.09994546705763341,1971-02-21 21:50:18.384002153,0.4267577150514263,0.44865447394221186,0.24509438642829837,-0.007568137126379769,0.3078363608904352,0.18166332862312792,0.43432585217780606,0.20531446559506036,-0.46762036188285844,0.19110703993428324,0.355182386354656,0.0715753286967703,25.759779815468914,0.05434864511348181,-5.009642735247793,0.06960548329732141,2,29.7263466299913,34.462674018264615,-0.10700109990675474,0.20682072398826312,-1.3380115999996978
277,277,SPL A4 Path K 42A,0.196,9832.0,121.483,K 42A,1.0,37.0,,K,42,37.3333333333333,1964.049,1971.235438,1971.235438,-0.13249292678061803,25.7651023782775,-0.3020359176572482,-4.987593042047042,1971.2308273333335,1971.112912777778,-0.3020359176572482,25.699235477201885,-5.0514845947593985,-0.46227244023057107,25.755769888075623,-4.996645650867766,-0.7006815245522618,25.715337840693877,-5.035865141148532,0.3130539111481828,0.15438495122576254,0.14975494653846128,0.32977951344995304,0.009332490201877874,0.009052608820724117,0.1632123277060044,-0.05744338698168505,-0.05572065980610604,0.5681885977716439,0.049764537583623536,0.04827209910149044,1971-03-27 22:26:12.767997824,0.5729221472193804,0.4032731110094179,0.23998820113053984,-0.004297451621706335,0.31393363765446713,0.3329339460888405,0.5772195988410868,0.1663095347893372,-0.46002041088443485,0.3275274841038168,0.3424849044031151,0.23043724281626532,25.75214029636475,0.012962081912750278,-5.011321626949755,0.023728584902713123,3,29.34494048357289,34.514989903433936,0.0004503978816269294,0.1562603075716488,-1.0024232000001532
278,278,SPL A4 Path K 43A,0.252,13548.0,164.606,K 43A,,,,K,43,37.5,1964.2156666666667,1971.314825,1971.314825,-0.49710150424255134,25.518475592745762,-0.2498101558562186,-5.226823490280683,1971.3197226666664,1971.2284213055557,-0.2498101558562186,25.649464451118117,-5.099762987770917,-0.4787612853708182,25.751922508757715,-5.000377647279927,-0.6941561573713013,25.719307044899153,-5.032014973377372,0.3339997395724385,0.15349034109467294,0.1488871657652032,-0.01834021887173315,-0.23344691601195322,-0.22644584300075632,0.2239924269539317,-0.10329002794946855,-0.10019236001126419,0.19705465312874998,-0.20083145215339115,-0.19480851690331136,1971-04-25 21:52:01.199997729,0.21013947075744693,0.4575434654771136,0.22580814110140388,0.004463029475920807,0.3322648457964335,-0.015668670343956942,0.20567644128152612,0.22679736658356034,-0.45130016120947825,-0.045801343033073094,0.33587395192162334,-0.1257344811641764,25.7431151539064,-0.224639561160636,-5.0149228548121005,-0.21190063546858262,4,29.126104856313475,34.30604533100369,-0.045430820422800534,0.11736664382505387,-0.7722100000001522
279,279,SPL A4 Path K 44A,0.225,11720.0,147.044,K 44A,,,,K,44,37.6666666666666,1964.3823333333332,1971.408905,1971.408905,-0.11983603654548641,25.66481538233108,-0.4416494426341387,-5.084872430985026,1971.4009326666667,1971.3419336944446,-0.4416494426341387,25.644456080496692,-5.1046211573574025,-0.4803740228290614,25.75057104036941,-5.001688585131266,-0.6935425991870182,25.72173359656777,-5.0296611939933005,0.335983492683715,0.15399944502772456,0.14938100167130286,0.360537986283575,-0.0857556580383303,-0.08318384585376037,0.03947124674396126,-0.10596397898230592,-0.10278611925262678,0.5737065626415319,-0.056918214236688414,-0.0552112369917257,1971-05-30 06:00:28.080000136,0.5895687784545136,0.2675720086991948,0.2264419544487162,0.0073135583685372575,0.3314644754680728,0.36312682400579743,0.5822552200859763,0.0419006727347023,-0.4588786427855356,0.33904260624004917,0.3345623993552736,0.25500637909924,25.732627714289617,-0.06781233195853531,-5.017769367919354,-0.06710306306567215,5,29.093749234413806,34.53238052099154,0.06353824876580995,0.11599822908844272,-0.7
280,280,SPL A4 Path K 45A,0.236,12957.0,154.829,K 45A,,,,K,45,37.8333333333333,1964.549,1971.479068,1971.479068,-0.7080107871143784,25.750077266413236,-0.3846937901007166,-5.002167550806497,1971.4748209999998,1971.4520573333332,-0.3846937901007166,25.763044344269947,-4.989589355614707,-0.4842267599344201,25.74876662930987,-5.003438881903134,-0.6977262804303268,25.72049677539522,-5.030860922898885,0.33925357200758904,0.15443633016998945,0.14980478462815144,-0.22378402717995827,0.0013106371033657638,0.0012713310966363522,0.1011991381501393,0.014292836149010668,0.013864193992903395,-0.010284506684051564,0.02958049101801663,0.028693372092387648,1971-06-24 20:38:08.448003076,0.003007776885623814,0.3262270928992838,0.22476391234335744,0.005364645708562002,0.3329476959229864,-0.22175613545773362,-0.002356868822938188,0.10312270350199171,-0.4759616277302369,-0.23204915938414145,0.33707547951696176,-0.33406770263133795,25.723751536426764,0.026325729986471202,-5.020173664650615,0.018006113844117877,6,28.86473565167115,34.59913016432105,0.14395857279428603,0.08738084039285877,-0.7248816000001627
281,281,SPL A4 Path K 46A,0.28,14429.0,179.486,K 46A,,,37.0,K,46,38.0,1964.7156666666667,1971.53649,1971.53649,-0.32623454664228496,25.874240384065526,-0.5112758570373628,-4.881728085052597,1971.5622193333336,1971.563177777778,-0.5112758570373628,25.83746570802089,-4.917399888562652,-0.4930780019890859,25.74691685468353,-5.005233181788431,-0.7031054984618345,25.719822109708023,-5.03151535536212,0.3434074278984364,0.15575852512745345,0.1510873269588415,0.16684345534680095,0.12732352938199654,0.12350509673583421,-0.018828043635806258,0.09277737378365813,0.08999498034388835,0.3768709518195495,0.15441827435750355,0.1497872703095231,1971-07-15 19:39:08.639998674,0.386104723357714,0.20165518762930448,0.21810730139980275,0.0022450626492766293,0.3362919493481656,0.16799742195791126,0.38385966070843736,-0.01704834420987956,-0.48394287962406546,0.1577083329817805,0.33056326325383273,0.05554146010388128,25.716433131292195,0.15780725277333119,-5.021669239057531,0.13994115400493445,7,28.57072950098315,34.651345475333784,0.23213680267353123,0.08379116080568928,-0.7937879999998699
282,282,SPL A4 Path K 47A,0.249,13411.0,163.712,K 47A,,,,K,47,38.1666666666666,1964.8823333333332,1971.6711,1971.6711,-0.4995822373554249,25.888079473583918,-0.3878969929629934,-4.868304029828863,1971.671388,1971.6692045000002,-0.3878969929629934,25.83402173596704,-4.920740575894616,-0.5000386782811632,25.738381518718306,-5.013512543028058,-0.6987298683242984,25.71694503361096,-5.034306147947034,0.34494198414823174,0.16753314335113187,0.16250882438199507,0.00045644092573832173,0.1496979548656121,0.14520851319919448,0.10803589843388099,0.09526821659707589,0.09241112278133083,0.1991476309688735,0.17113443997295974,0.166002118118171,1971-09-02 22:50:09.600000758,0.21585306264457566,0.32754493103700605,0.213239381774392,0.00888208398125714,0.33748891917894713,0.0026136808701836545,0.2069709786633185,0.11020694571165841,-0.49374940522005806,-0.005832832135366839,0.29140810953075236,-0.0755550468861767,25.70775485025701,0.18032462332690713,-5.024496442094717,0.15619241226585423,9,28.444239021993802,34.45450389936192,0.17138601332776984,0.12142154602110895,-0.8
283,283,SPL A4 Path K 48A,0.25,13626.0,166.972,K 48A,1.0,38.0,,K,48,38.3333333333333,1965.049,1971.806574,1971.806574,-0.3378741948912703,25.73974535025166,-0.5053990312684605,-5.012189612802388,1971.8523896666666,1971.774153722222,-0.5053990312684605,25.78293944916599,-4.970290904914499,-0.49468199392037376,25.73096218470804,-5.0207093712113515,-0.7045109103995653,25.71890293611479,-5.032406962939289,0.3355156954792567,0.16845804971558304,0.1634059928045769,0.15680779902910347,0.00878316554361902,0.008519758408963796,-0.008166741242013479,0.055828787896372724,0.05415448254736166,0.36663671550829496,0.020842414136868825,0.020217350136901402,1971-10-22 09:35:17.663998581,0.3806770071087286,0.21399394439820582,0.22066727280184825,0.005358654211545718,0.32389604591663956,0.16000973430688034,0.37531835289718285,-0.004111734704976712,-0.5118349074891744,0.17396071259790408,0.26514466470388626,0.11553234240484234,25.706584251288074,0.033161098963585545,-5.028510609524075,0.016320996721686853,10,29.032689131244187,34.479322001327944,0.053095130363587595,0.09042142601636079,-0.9178887999998714
284,284,SPL A4 Path K 49A,0.251,7254.0,91.432,K 49A,,,,K,49,38.6666666666666,1965.3823333333332,1972.079495,1972.079495,-0.6787406615586862,25.720993523662386,-0.42324383723670755,-5.030379072112247,1972.0704796666666,1971.8774083055553,-0.42324383723670755,25.72245796437974,-5.0289585499720095,-0.4969761978778037,25.7119882803825,-5.0391142481461735,-0.7062236322015042,25.718332631859003,-5.032960163770447,0.3386969351641,0.1641524113927463,0.15922948057504202,-0.18176446368088245,0.009005243279887054,0.008735176033926706,0.07745427210779676,0.00723181841471406,0.007014936180458342,0.027482970642818016,0.0026608918033836915,0.0025810916582003074,1972-01-30 02:17:02.687998472,0.045451763441313076,0.30029755509662526,0.22041038273330724,0.005909260242940192,0.32427148197980254,-0.17495861929199416,0.03954250319837288,0.08360913401520371,-0.5263267376213684,-0.15241392393731779,0.22454339501356121,-0.17909163157224814,25.70907383747376,0.0119196861886266,-5.030631450855686,0.0002523787434389746,1,29.06688748054214,34.377851357361365,-9.028970110391832e-05,0.09044320688751487,-0.5638180000003229
285,285,SPL A4 Path K 50A,0.224,12646.0,151.411,K 50A,,,38.0,K,50,39.0,1965.7156666666667,1972.32537,1972.32537,-0.2531166552601662,25.706635019225168,-0.4437179659817991,-5.044306965001393,1972.2649763333332,1971.9806553611113,-0.4437179659817991,25.650273760434484,-5.098977949640943,-0.5104361362353352,25.70272797280453,-5.048096839099878,-0.7184515191687534,25.720502853114056,-5.030855027450834,0.34032009440027244,0.16021293254863783,0.15540814670146802,0.25731948097516905,0.003907046420636107,0.0037898740984845247,0.07309988162521536,-0.054718389808757685,-0.05307738529839027,0.4653348639085872,-0.013867833888888015,-0.013451937550558846,1972-04-29 02:03:00.288000658,0.4747638947398341,0.2832566790182005,0.20898760770910918,-0.004071243349308933,0.3259587331168421,0.2657762870307249,0.478835138089143,0.08066904916225193,-0.546101556704851,0.29298490144468486,0.1736357659163285,0.3011281288235056,25.713225206656766,-0.006590187431598338,-5.033360051783824,-0.010946913217568799,4,28.924976190818388,34.08618246735173,-0.10012080837470144,-0.060706019081431806,0.5213319999999124
286,286,SPL A4 Path K 51A,0.202,10102.0,125.518,K 51A,,,,K,51,39.0555555555555,1965.7712222222221,1972.390064,1972.390064,-0.3992965811265448,25.5231927384159,-0.42015231450113294,-5.22224781180919,1972.385166,1972.0811624444443,-0.42015231450113294,25.64374789326506,-5.105308106053953,-0.5430412087079041,25.700260197542697,-5.050490605781608,-0.736360055202223,25.72033436496946,-5.031018462635972,0.35734008901506586,0.16026601546783,0.15545963766391377,0.14374462758135925,-0.17706745912679622,-0.17175720602758204,0.12177706991055925,-0.05980044911157497,-0.0580070336427155,0.3370634740756782,-0.1971416265535595,-0.1912293491732182,1972-05-22 18:19:19.833598053,0.32955437887345423,0.3086251754988663,0.17836489912542922,-0.019720612091112026,0.3432597353715466,0.15118947974802502,0.34927499096456627,0.1291564545309288,-0.5485127285747866,0.1492161474482418,0.1618753635096771,0.16767901536377713,25.707653362643196,-0.18446062422729526,-5.030442127114788,-0.19180568469440207,5,28.356273252242413,34.31973296038258,0.13009156566347665,-0.07547933001391993,0.7361535999998852
287,287,SPL A4 Path K 52A,0.26,15056.0,186.853,K 52A,,,,K,52,39.1111111111111,1965.8267777777778,1972.440064,1972.440064,-0.6080437071166878,25.701415922154126,-0.6464429170601477,-5.049369541351275,1972.4400640000001,1972.1805340555557,-0.6464429170601477,25.703763850559227,-5.047092027319047,-0.572310808291837,25.70765685678269,-5.043315772352226,-0.7423061573562647,25.718256633035764,-5.0330338833889785,0.3745571062307769,0.15552732804370584,0.1508630634756375,-0.035732898824850756,-0.006240934628564787,-0.00605376899904897,-0.07714891297812111,-0.0015416867265874619,-0.0014954515416555718,0.13426245023957695,-0.016840710881638188,-0.016335657962296857,1972-06-10 01:31:19.833596615,0.12155725288331065,0.08315804293985186,0.1510536560692742,-0.023422130286820414,0.360537292206976,-0.029496403185963554,0.14497938317013107,-0.07084014211701058,-0.5558631366283738,-0.052180570488313927,0.1527770800528772,-0.03121982716956656,25.704399308967176,-0.002983386813049549,-5.028425505287296,-0.020944036063979432,6,27.891791536240202,34.60944875497665,0.3626496575183282,-0.0799795100211195,0.8561535999998852
288,288,SPL A4 Path K 53A,0.23,12920.0,155.476,K 53A,,,,K,53,39.1666666666666,1965.8823333333332,1972.490064,1972.490064,-0.9319884629372104,25.886682891107643,-0.778300851495722,-4.869658728796676,1972.4900639999998,1972.2696897222222,-0.778300851495722,25.852517597279313,-4.902799405463097,-0.5925299952463383,25.707999557532045,-5.04298334919834,-0.7489033292331966,25.719516795545132,-5.031811513153268,0.3934234217544841,0.15581150716078696,0.1511387200609974,-0.33945846769087207,0.17868333357559862,0.1733246204016643,-0.1861331657268521,0.1458352001768096,0.14146160252350803,-0.1830851337040138,0.16716609556251072,0.16215278435659197,1972-06-28 08:43:19.833602369,-0.20163750293720928,-0.047949891495722076,0.13257599997588387,-0.027750299733196676,0.37862820697950983,-0.33421350291309315,-0.1738872032040126,-0.18089273609722256,-0.5698010628698186,-0.3621874000673918,0.14177408617054044,-0.3434115891077497,25.700782398792892,0.18590049231475092,-5.027129325039606,0.15747059624293058,6,27.531169265397846,34.78230354840261,0.5197712061506123,-0.08447969002833998,0.9761536000002231
289,289,SPL A4 Path K 54A,0.21,13346.0,166.876,K 54A,,,,K,54,39.2222222222222,1965.937888888889,1972.540064,1972.540064,-0.7948703844332681,25.96945397857616,-0.7510342680864431,-4.78936994624134,1972.5423806666668,1972.3596695555555,-0.7510342680864431,25.88257480641501,-4.8736436120293725,-0.6116622537684344,25.704390776992764,-5.046483902409249,-0.7535120927772604,25.718760784451202,-5.032544851474489,0.3980301214751414,0.1517812088640445,0.1472292904101736,-0.18320813066483366,0.2650632015833949,0.2571139561679088,-0.13132963483778862,0.1782082196285598,0.17286375512189878,-0.041358291656007684,0.25069319412495616,0.24317490523314866,1972-07-16 15:55:19.833600931,-0.06376942443326761,-0.019898558086442992,0.11519887775934332,-0.03009176154114933,0.3831059645621585,-0.17896830219261092,-0.03367766289211828,-0.12706244338408476,-0.584288542544912,-0.21058184188835605,0.12886638186276686,-0.19263580629603447,25.696802632120374,0.2726513464557847,-5.028217272944275,0.23884732670293474,7,27.231777277411897,34.89047343967642,0.6343138793806025,-0.1041851502467398,1.0961535999998957
290,290,SPL A4 Path K 55A,0.242,14929.0,178.432,K 55A,,,,K,55,39.2777777777777,1965.9934444444443,1972.597014,1972.597014,-0.5262439568888513,25.79158754956124,-0.5121988931162094,-4.9619021610501015,1972.6005746666667,1972.4508799444443,-0.5121988931162094,25.84205927851181,-4.912944079250756,-0.6549216507311909,25.700709425834553,-5.050054849846225,-0.7615807203306612,25.719851410308664,-5.0314869334864945,0.374749551510934,0.1494127577107225,0.14493186910693934,0.12867769384233962,0.0908781237266858,0.08815268879612326,0.13715776959777806,0.1424496616083258,0.13817759625669299,0.23533676344180987,0.07173613925257527,0.06958477243639294,1972-08-06 12:10:15.513598248,0.2057112531111479,0.2198097268837903,0.073716778157698,-0.03589232646955013,0.36015877505088423,0.1319944749534499,0.24160357958069803,0.14051089165333322,-0.5974625121707722,0.07121855528192089,0.10706825733435082,0.09864299577679708,25.694366070181804,0.09722147937943504,-5.03069973681323,0.06879757576312873,8,27.444303314706417,34.72502467511698,0.5131062299783433,-0.1238611612871855,1.2992503999997091
291,291,SPL A4 Path K 56A,0.21,16563.0,206.789,K 56A,1.0,39.0,,K,56,39.3333333333333,1966.049,1972.664646,1972.664646,-0.21548233802650868,25.76513630739804,-0.38204858384375534,-4.987560130460825,1972.7013543333335,1972.544107,-0.38204858384375534,25.676376563835294,-5.073657969314127,-0.6814860836423366,25.693728647883145,-5.0568262742668715,-0.768820909839832,25.722274730160223,-5.029136288997282,0.37313965496478696,0.1553362475582234,0.15067771349391557,0.46600374561582797,0.07140765951489669,0.0692661438060469,0.29828207175273785,-0.017901736724566557,-0.017364863640196997,0.5533385718133232,0.04286157723781869,0.0415761585364578,1972-08-31 06:15:01.670398351,0.5174873519734906,0.3514717311562447,0.048980849774329864,-0.04085570432594311,0.35871908143921194,0.46850650219916073,0.5583430562994337,0.3013399878638489,-0.6000270314975118,0.3845446934710031,0.07521268562324082,0.4422746663502498,25.69203844093858,0.07309786645946303,-5.035788153511685,0.04822802305086071,8,27.568619936363152,34.66654647806241,0.4594413849142898,-0.12142631189320764,1.4951503999999614
292,292,SPL A4 Path K 57A,0.224,14518.0,178.631,K 57A,,,,K,57,39.6666666666666,1966.3823333333332,1972.842403,1972.842403,-0.4044194566159061,25.4724058345466,-0.4554821559216711,-5.271511616431454,1972.8028940000002,1972.6362171944445,-0.4554821559216711,25.555082452699107,-5.191314470057339,-0.7045842324159518,25.68839682796188,-5.061998192908693,-0.7719783198354544,25.72650166343009,-5.025036121456176,0.3467179151782806,0.14751706563770192,0.14309302883918898,0.3001647758000457,-0.21599099341528216,-0.20951342352276114,0.2523592902833513,-0.13687892322294695,-0.13277392431549137,0.3675588632195483,-0.25409582888348936,-0.24647549497527788,1972-11-04 07:40:04.627203286,0.33121658838409546,0.27956125407832894,0.027697601945159186,-0.0417423332521212,0.3334260511467166,0.30351898643893627,0.37295892163621663,0.2550824750333513,-0.6088937410107365,0.20447428439483034,-0.013739599977482898,0.3449561883615784,25.698670600680344,-0.22626476613374535,-5.044100024415752,-0.22741159201570138,11,28.384490800233213,34.75489472821858,0.319706490339228,-0.21635441701746733,1.9826508000002674
293,293,SPL A4 Path K 58A,0.212,12943.0,157.321,K 58A,,,39.0,K,58,40.0,1966.7156666666667,1972.901633,1972.901633,-0.7465446731225984,25.42770521615268,-0.6996482452182068,-5.314871663279739,1972.9079186666668,1972.732952638889,-0.6996482452182068,25.496936921334235,-5.247716216936582,-0.7374540225567784,25.693758651921137,-5.056797170049979,-0.7698440649579015,25.733344914891696,-5.018398099105906,0.3792473046574847,0.15073954766757827,0.14621886863298972,-0.009090650565820035,-0.2660534357684554,-0.25807449322975984,0.03322572271490237,-0.1960495924599428,-0.19017006518207089,0.02329939183530305,-0.3056396987390144,-0.29647356417383275,1972-11-25 23:56:39.379198328,-0.010020178122599255,0.036970534781793775,-0.0032421145845562887,-0.03737512113845708,0.3651704793105414,-0.006778063538042966,0.02735494301585783,0.03561958930749543,-0.6262658170251796,-0.12027885609741884,-0.028414003237760325,0.01839382511516107,25.701974872765742,-0.27426965661306113,-5.047437164217558,-0.26743449906218064,11,28.825213879047553,34.753997472618906,0.22234365116635943,-0.23554570466888528,2.1
294,294,SPL A4 Path K 59A,0.224,15638.0,195.423,K 59A,,,,K,59,40.0833333333333,1966.799,1972.97972,1972.97972,-0.9479806059161155,25.590699713303415,-0.9538008003997865,-5.156765371098555,1972.967976,1972.831134666667,-0.9538008003997865,25.57926609863966,-5.167856091658545,-0.7565836488265968,25.696804061499506,-5.053843092304863,-0.77794891372027,25.73454820073769,-5.01723089980243,0.37676774179526806,0.15498126333454124,0.15033337524710133,-0.19139695708951876,-0.10610434819609083,-0.10292227879369165,-0.2005254612450258,-0.11667327105135901,-0.11317423965252942,-0.17003169219584557,-0.14384848743427625,-0.13953447129612417,1972-12-24 13:51:37.728001360,-0.21028480591611487,-0.21624353539978683,-0.020402650937708003,-0.04329986709527004,0.36278376695803416,-0.18988215497840688,-0.16698493882084484,-0.19915219404132242,-0.6523622719265565,-0.29561833398955906,-0.04123612336447178,-0.1690486825516431,25.70596637364474,-0.11526666034132305,-5.049894739530528,-0.10687063156802701,12,29.379747445284192,34.764796056996374,0.10520562498063679,-0.23580682311365037,2.0230079999997126
295,295,SPL A4 Path K 60A,0.24,17416.0,209.031,K 60A,,,,K,60,40.1666666666666,1966.8823333333332,1973.022575,1973.022575,-1.1668771221606455,25.71939336646288,-1.0080220574523604,-5.031931240597341,1973.0225846666665,1972.9295941666667,-1.0080220574523604,25.660235283696846,-5.089315172461226,-0.7657883460809067,25.697255395652412,-5.053405293663205,-0.7768022653340985,25.73533528908523,-5.016467416234432,0.36866484886255807,0.15535590156015675,0.15069677807233078,-0.4010887760797388,0.0221379708104692,0.021474053065863252,-0.2421234654781382,-0.037340930116356454,-0.036221075622168065,-0.3900748568265471,-0.015941922622349836,-0.015463824362909051,1973-01-09 05:45:25.199998761,-0.4284256221606464,-0.26953656411902766,-0.027629258553129143,-0.04001605376465411,0.35615244067895335,-0.40079636360751725,-0.3884095683959923,-0.2417991641448054,-0.6655623984290175,-0.501314723731628,-0.05450445241368554,-0.3739211697469609,25.707371966272824,0.012021400190057818,-5.050669248358553,0.01873800776121204,1,29.796369872917207,34.746034082369356,0.005105808073544993,-0.19285278495216426,1.8687300000002893
296,296,SPL A4 Path K 61A,0.21,17846.0,218.911,K 61A,,,,K,61,40.25,1966.9656666666667,1973.065459,1973.065459,-0.9092084442803201,25.670612771324233,-0.9687783275758086,-5.0792489056877805,1973.0654679999998,1973.0282088333333,-0.9687783275758086,25.690297815047533,-5.060154216425741,-0.7753237810151629,25.69866918428768,-5.052033904549105,-0.7861319779699815,25.732632051517133,-5.019089583707866,0.35604000854208434,0.1562201545615804,0.15153511212624193,-0.13388466326515724,-0.02805641296344774,-0.02721500113867581,-0.19351393982906964,-0.010444833837251366,-0.010131593270471898,-0.12307646631033864,-0.06201928019289937,-0.06015932197991436,1973-01-24 21:25:15.023997442,-0.16989926428032176,-0.2294689675758099,-0.03518029043182978,-0.04724219823387051,0.3457868070116643,-0.13471897384849196,-0.12265706604645124,-0.19434823792166347,-0.6773872700940957,-0.2318211741862244,-0.06976954758921083,-0.10012971669111093,25.706367404577577,-0.035754633253343826,-5.051156510113453,-0.028092395574327966,1,29.806923422603578,34.69531424687798,-0.02003989887952093,-0.11462924001037936,1.628695200000974
297,297,SPL A4 Path K 62A,0.234,13244.0,165.558,K 62A,1.0,40.0,,K,62,40.3333333333333,1967.049,1973.10837,1973.10837,-0.83024941628646,25.680887307355487,-0.8477227266255923,-5.0692825029921025,1973.1226946666666,1973.1267525555559,-0.8477227266255923,25.65275457789502,-5.09657153189605,-0.7846810361441469,25.706303366714263,-5.044628671253499,-0.7853184543752078,25.733805648858535,-5.017951182550733,0.3529320395555191,0.15386024310249552,0.14924597441181423,-0.045568380142313125,-0.025416059358775556,-0.024653831738603138,-0.05648756325706642,-0.050776133271328426,-0.049253357034520384,-0.04493096191125223,-0.05291834150304808,-0.05133132044136968,1973-02-09 13:19:16.319997558,-0.09008201628646151,-0.10726883329225938,-0.04255263997748036,-0.04431120054187461,0.34322683112391195,-0.04752937630898115,-0.0457708157445869,-0.05815314164595562,-0.6898539296616006,-0.14039548662485934,-0.08703329271500562,-0.003048723571455886,25.702949586871092,-0.022062279515605354,-5.051727266454656,-0.017555236537446284,2,29.509205709157335,34.62032728911027,0.011713862625087022,-0.02939544665871654,1.3197360000006664
298,298,SPL A4 Path K 63A,0.217,12056.0,144.748,K 63A,,,,K,63,40.5,1967.2156666666667,1973.194255,1973.194255,-0.803710319309997,25.60676365500534,-0.7765265280115295,-5.1411831870082665,1973.1864400000002,1973.2240718333333,-0.7765265280115295,25.553288533610253,-5.193054589512717,-0.8137006729462679,25.705619582497103,-5.045291948781984,-0.7996398679928453,25.730905530075372,-5.020764326771587,0.3393942104198683,0.15410439751073332,0.149482806629349,0.009990353636270877,-0.09885592749176197,-0.0958912382262822,0.034155831149829154,-0.15230286008426694,-0.14773529731033838,-0.00407045131715178,-0.1241418750700305,-0.12041886023667914,1973-03-12 21:40:25.680003531,-0.06182521930999485,-0.03479772801152899,-0.0696141445296012,-0.05650360765951211,0.3301189947333875,0.007788925219606349,-0.005321611650482741,0.03178025681649623,-0.7147973695175939,-0.08891294979240316,-0.10719303689814774,0.04536781758815289,25.70053891942823,-0.09377526442288797,-5.051465289571008,-0.08971789743725811,3,29.38457734021305,34.34021089800623,-0.08692026616256254,0.07030844149689801,0.6182579999985303
299,299,SPL A4 Path K 64A,0.228,15720.0,195.556,K 64A,,,,K,64,40.6666666666666,1967.3823333333332,1973.256695,1973.256695,-0.6956198484381313,25.37221463846993,-0.8274494672310899,-5.368698078537783,1973.27238,1973.3234125555557,-0.8274494672310899,25.519913755026618,-5.225428458486628,-0.8336653683936608,25.704851231872194,-5.046037256571653,-0.8070566898122578,25.73077286864486,-5.0208930096858,0.35383177979757424,0.15394527684321307,0.14932845799064767,0.1380455199555295,-0.33263659340226326,-0.3226608219661298,0.007018090815975227,-0.1813809314735527,-0.17594131733865956,0.11143684137412646,-0.3585582301749284,-0.3478050688519829,1973-04-04 16:38:53.520001138,0.047514051561869386,-0.08400186723108931,-0.08756716997699421,-0.061788738673369106,0.34336523236602545,0.1350812215388636,0.10930279023523849,0.004368828121531397,-0.731429660965185,0.03580981252705373,-0.12252836403048874,0.1700424155923581,25.700710197531926,-0.3284955590619951,-5.048762691249571,-0.31993538728821136,4,29.589541530927292,33.910756482609656,-0.32526686045571074,0.024979448337203395,0.15179599999982785
300,300,SPL A4 Path K 65A,0.246,17796.0,215.068,K 65A,,,,K,65,40.8333333333333,1967.549,1973.36619,1973.36619,-0.9830182339451417,25.580762971604585,-0.8900746790697492,-5.1664041099138345,1973.3579616666666,1973.4224151111111,-0.8900746790697492,25.45653765056464,-5.2869039135757925,-0.8560366328012667,25.693413245131218,-5.057132218090268,-0.8211578361714995,25.729341094524575,-5.022281844900215,0.34621027853104924,0.15627951033906204,0.15159268782395674,-0.1269816011438749,-0.11265027352663282,-0.10927189182356667,-0.033457760085339294,-0.23896774891014635,-0.2318011061203308,-0.16186039777364214,-0.1485781229199894,-0.14412226501361936,1973-05-14 15:49:27.839998754,-0.23769443394514245,-0.14491544573641582,-0.1079307715512668,-0.07381423892149966,0.33613318217787946,-0.12976366239387566,-0.1638801950236428,-0.03638292402052439,-0.7605493709774626,-0.2224688629676791,-0.14291380029325074,-0.09478063365189171,25.700861319440023,-0.12009834783543738,-5.040801351482896,-0.12560275843093827,5,29.026452258669405,34.18404759215483,-0.07840622873052983,0.01565735545348798,-0.45771199999977197
301,301,SPL A4 Path K 66A,0.221,14051.0,173.684,K 66A,,,40.0,K,66,41.0,1967.7156666666667,1973.451,1973.451,-0.9915859548259749,25.416635341619404,-0.9201313128436381,-5.325609552275761,1973.4422333333332,1973.518509611111,-0.9201313128436381,25.53504980180951,-5.210746341746758,-0.8801487557583022,25.688251721420947,-5.062138947704465,-0.8176284689206353,25.72700806223095,-5.024544909555358,0.3508715976369352,0.15269383988683183,0.14811455162858805,-0.11143719906767269,-0.27161637980154296,-0.263470604571296,-0.042266411866159426,-0.1527652516691743,-0.14818382177161382,-0.17395748590533955,-0.3103727206115465,-0.30106464272040334,1973-06-14 14:45:36.000000689,-0.24456595482597443,-0.17328664617697098,-0.13009962361941343,-0.06823555936507991,0.34045852282605715,-0.114466331206561,-0.17633039546089452,-0.04545630135689969,-0.7855233213226063,-0.20606263350336862,-0.15814508141472122,-0.08642087341125321,25.699931018864085,-0.28329567724468063,-5.03292635858079,-0.2926831936949714,6,28.73716534812997,34.38264826448496,0.07460719285410271,0.020513589702874924,-0.8648000000004366
302,302,SPL A4 Path K 67A,0.213,12661.0,157.475,K 67A,,,,K,67,41.1111111111111,1967.8267777777778,1973.50951,1973.50951,-0.7857897497597979,25.607751092204534,-1.0226794932914647,-5.1402253630506785,1973.5091093333333,1973.6124880555553,-1.0226794932914647,25.55936982950909,-5.187155671677889,-0.897409314372867,25.68178019388388,-5.0684163941307,-0.8261359338245894,25.724013922792285,-5.027449254752252,0.3384988437092459,0.15536275458539944,0.15070342557534624,0.1116195646130691,-0.07402910167934706,-0.07180896891997879,-0.12265844599012336,-0.12436226401508794,-0.12063263971727434,0.04034618406479151,-0.11626283058775044,-0.11277610829842644,1973-07-05 23:18:27.360002875,-0.03759954975979607,-0.27449730662479727,-0.14546063928953376,-0.0746935136857005,0.3290382248381519,0.10786108952973769,0.03709396392590443,-0.1263762440827152,-0.8026247527307151,0.016835002970917223,-0.165582686547004,0.12798313678720794,25.69887295128515,-0.09112185908061576,-5.027959236298894,-0.11226612675178416,7,28.445917778668775,34.50819631239712,0.19517827393502812,0.03193174642913073,-1.0228240000001774
303,303,SPL A4 Path K 68A,0.205,12130.0,146.006,K 68A,,,,K,68,41.2222222222222,1967.937888888889,1973.566818,1973.566818,-1.2906627752886215,25.653723054703324,-1.1234202872812002,-5.0956320997072275,1973.5668103333335,1973.6992941944445,-1.1234202872812002,25.666741857836936,-5.083003730479593,-0.9225050717728548,25.681164365267698,-5.069013754046679,-0.8522643446354558,25.721439365115355,-5.029946601444454,0.3549158623922201,0.15524677459387284,0.15059092382376546,-0.3681577035157667,-0.027441310564373822,-0.026618345660548215,-0.19654498934596543,-0.014242551469048218,-0.01381541735048882,-0.43839843065316575,-0.06771631041203108,-0.06568549826277348,1973-07-26 21:19:32.448000379,-0.5413264152886212,-0.3740840806145321,-0.16880292471729907,-0.09878204877434475,0.34454881321029973,-0.37252349057132217,-0.4425443665142765,-0.2008943585959642,-0.8190121211097227,-0.47165065417889884,-0.1752820659431022,-0.36604434934551905,25.697335482999726,-0.04361242829640233,-5.0276340631723775,-0.06799803653485004,7,28.304108365703488,34.65364897467462,0.2918300356115997,0.03365105520148063,-1.160363199999902
304,304,SPL A4 Path K 69A,0.244,13713.0,171.445,K 69A,1.0,41.0,,K,69,41.3333333333333,1968.049,1973.624103,1973.624103,-1.2938083367951811,25.73875142660295,-1.293060514276587,-5.013153728680873,1973.632498,1973.7812987222221,-1.293060514276587,25.743990648299405,-5.00807163124309,-0.9607115076599823,25.680008668766373,-5.0701347912099335,-0.8735235473103861,25.72476389316424,-5.026721775991757,0.3548299528374245,0.15520660131608371,0.1505519553425772,-0.3330968291351989,0.05874275783657623,0.056981062529060544,-0.33815298998379983,0.06438661316616034,0.062455658637308765,-0.4202847894847951,0.01398753343870851,0.013568047310884346,1973-08-16 19:08:32.208003301,-0.5433262767951791,-0.5424105542765866,-0.20530560204887108,-0.11802489136594169,0.34402863557771823,-0.33802067474630804,-0.4253013854292374,-0.342899950317133,-0.8353173059397675,-0.45849103085541365,-0.18739115220712899,-0.3559351245880501,25.695297695773984,0.043453730828964865,-5.02839853301005,0.015244804329176631,8,28.305392432671866,34.816739063620986,0.36493807321396543,0.035369673946234796,-1.2978472000002492
305,305,SPL A4 Path K 70A,0.261,15407.0,193.929,K 70A,,,,K,70,41.4933333333333,1968.209,1973.706573,1973.706573,-1.294710430745958,25.839497463591954,-1.209210859667044,-4.9154290653411685,1973.7235076666666,1973.8615061944442,-1.209210859667044,25.795491726892198,-4.958115069997297,-0.9815059934455239,25.677639071365675,-5.0724333243845825,-0.8895668006303281,25.731815868643068,-5.019881289257539,0.3427175282618958,0.15828974631997,0.15354263682779762,-0.3132044373004341,0.16185839222627862,0.15700425904341397,-0.22600645652711734,0.11575986582187762,0.11228822744588089,-0.4051436301156299,0.10768159494888607,0.1044522239163701,1973-09-15 21:34:46.127997946,-0.5425789707459593,-0.4567407063337104,-0.22442328511219067,-0.1320473293386615,0.33238279435921714,-0.3181556856337686,-0.4105316414072978,-0.23063806828637665,-0.85308785268669,-0.4416225780592681,-0.2025130209527402,-0.3400659497932191,25.69654501096876,0.14295245262319511,-5.030207429567268,0.11477836422609933,9,28.5636298302102,34.973753154335405,0.3787821938230002,0.032789432736586605,-1.4957752000000217
306,306,SPL A4 Path K 71A,0.21,12358.0,154.312,K 71A,,,,K,71,41.6533333333333,1968.369,1973.839847,1973.839847,-1.039113811459992,25.808226290481695,-1.1812070258102543,-4.945762415969849,1973.8395896666664,1973.9433249166666,-1.1812070258102543,25.792735651125337,-4.960788491051912,-1.0073957083142728,25.681547843078917,-5.068641776735017,-0.9077306325017328,25.732646824182275,-5.019075254074952,0.34884827556832426,0.16061399994897685,0.15579718609047122,-0.03171810314571921,0.126678447402778,0.12287936076516814,-0.17675145525508298,0.11358976021027682,0.11018320330157068,-0.13138317895825924,0.0755794662994198,0.07331283810510314,1973-11-03 13:03:34.991998844,-0.28431687145999274,-0.4264152324769224,-0.2485790269809396,-0.14830295425173293,0.3380708762056439,-0.03573784447905315,-0.1360139172082598,-0.18077798723656588,-0.8727070427723864,-0.16640676868760562,-0.22370837926709544,-0.060608492192897295,25.696137229722776,0.11208906075891889,-5.033193408978918,0.08743099300906909,11,29.424535462686567,34.986148044313985,0.1949606481987678,0.03951734285297334,-1.8156327999998352
307,307,SPL A4 Path K 72A,0.233,13578.0,162.299,K 72A,,,,K,72,41.8133333333333,1968.529,1973.972349,1973.972349,-1.2097968352248132,25.73048319930236,-1.1244138262799483,-5.021173991844719,1973.9758996666667,1974.0247457222224,-1.1244138262799483,25.661523259723555,-5.088065822835554,-1.0244650099057173,25.678250758300585,-5.071839981940849,-0.9178048864598087,25.73397851875403,-5.017783497023406,0.35991147246685345,0.15747019052300473,0.1527476595091832,-0.18533182531909587,0.05223244100177382,0.05066599009612993,-0.09924480323660734,-0.016871305708023716,-0.016365335249840445,-0.29199194876500445,-0.0034953194516695874,-0.0033904948213132613,1973-12-21 21:46:38.063996676,-0.4523498552248153,-0.3667418289466163,-0.2639094236279395,-0.15648007694591987,0.3482417110895543,-0.1884404315968758,-0.29586977827889543,-0.10213853527364546,-0.9048964773772158,-0.3049003578475974,-0.2370517273306736,-0.2152981278941417,25.703385315406578,0.02709788389578094,-5.034943455008016,0.013769463163296969,12,29.908598568082265,35.10847289243994,0.14351295782298934,0.07648687963443081,-1.966362400000132
308,308,SPL A4 Path K 73A,0.22,28933.0,357.069,K 73A,,,,K,73,41.9733333333333,1968.689,1974.115503,1974.115503,-1.1243308321550405,25.44586028938661,-1.014215742332626,-5.297261060692094,1974.1071869999998,1974.1067492777777,-1.014215742332626,25.662444668193075,-5.087172047406035,-1.0436463509100333,25.67538509491523,-5.074619704081274,-0.9478961788657203,25.733457640929302,-5.018288753722165,0.3656801983158841,0.15289155596102968,0.14830633819772052,-0.08068448124500716,-0.22952480552862298,-0.2226413566108194,0.030047549825652647,-0.014723474260481595,-0.01428191726740972,-0.17643465328932018,-0.2875973515426935,-0.27897230696992903,1974-02-12 03:48:22.607999675,-0.36355876015504074,-0.2536063863326261,-0.28132143041003344,-0.18468482661572036,0.353578682790522,-0.0822373297450073,-0.17887393353932038,0.02832289441824511,-0.9622111000444786,-0.16211973211056185,-0.25983764109727847,-0.10372111905776227,25.72712377583756,-0.2812634864509498,-5.0288477053838685,-0.2684133553082253,2,29.420330809776623,34.975741026794786,0.1912025212252473,0.11642844329700892,-1.6227928000000456
309,309,SPL A4 Path K 74A,0.211,12044.0,145.447,K 74A,,41.8,,K,74,42.1333333333333,1968.849,1974.233709,1974.233709,-0.7085195596180245,25.810990515890257,,-4.943081089681293,1974.2664766666667,1974.1891325000001,-1.1649236198518949,25.71052619100533,-5.040532489462919,-1.0646785156590852,25.677868574144853,-5.072210704393753,-0.9597548763965906,25.737385948202082,-5.014478256384497,0.35673611977097136,0.1555362574666289,0.1508717251051675,0.35615895604106074,0.13312194174540437,0.12912961471246032,-0.1005476457270033,0.032399891835072005,0.031428219078937815,0.25123531677856614,0.07360456768817514,0.07139716670320428,1974-03-27 07:17:27.024002834,0.05508945638197771,-0.40052817985189454,-0.30055698821464083,-0.1946708346882574,0.3450595613186144,0.35564644459661854,0.24976029107023512,-0.10027281944922521,-0.9877980691232315,0.27927850950520705,-0.2713154272493105,0.3264048836312882,25.73738552485785,0.0736049910324077,-5.023597447451731,0.08051635777043842,3,29.427299981673098,34.846773440948766,0.13163389254558805,0.08220481735183785,-1.139098399999713
310,310,12 SPL-A4 Path J 1A,0.209,9439.0,108.667,J 1A,,42.3,,J,1,42.6333333333333,1969.349,1974.450218,1974.450218,-1.6619204677826196,25.874727767739127,,-4.88125531801537,1974.4254816666669,1974.2706154722223,-1.1380520695194252,25.880936787837502,-4.875232506429743,-1.084803055805556,25.681125228450693,-5.0690517171505425,-0.9843108258343788,25.733981209588254,-5.017780886887298,0.3266261424035867,0.1586126659975267,0.1538558721442245,-0.5771174119770637,0.19360253928843463,0.18779639913517254,-0.05909868047247898,0.19590133511891494,0.19002625407869722,-0.6776096419482408,0.1407465581508731,0.13652556887192802,1974-06-14 07:54:34.847998418,-0.8931152357826208,-0.3698405095194253,-0.31888766258333395,-0.21738896787604542,0.3167256034836371,-0.5742275731992867,-0.6757262679065753,-0.05679639933359032,-1.0305051079799479,-0.6314153598026717,-0.2882872984813376,-0.6048279373012831,25.746625058251603,0.1281027094875249,-5.020726648363665,0.13947133034829484,6,28.800720832284835,34.90230147032206,0.2944689157291969,0.06342401811999844,-0.8097383999999782
311,311,Path J 2A,0.223,10496.0,120.92,J 2A,,,,J,2,42.7733333333333,1969.489,1974.592518,1974.592518,-1.0437161811576312,25.95709207988313,-1.1045063573479947,-4.801361111592566,1974.576499,1974.3493039166667,-1.1045063573479947,25.887398779236406,-4.868964310152897,-1.087378595676197,25.696112555560223,-5.054513859981025,-0.9931374998094837,25.73739938666393,-5.014465220942121,0.321432099755872,0.16373531697044016,0.15882489481446185,0.043662414518565784,0.26097952432290583,0.2531527483884588,-0.013383534536686392,0.19273544931342812,0.1869553131885171,-0.05057868134814747,0.21969269321919782,0.2131041093495547,1974-08-05 06:27:27.647997707,-0.27149574915763297,-0.33267038134799615,-0.31968767975953033,-0.22438912968448366,0.31506862755231757,0.04819193060189736,-0.047106619473149314,-0.00924722702742864,-1.0594727526950425,0.01575657153741128,-0.3116625691727452,0.04016682001511224,25.750251431779184,0.2068406481039453,-5.024972319460471,0.22361120786790512,8,28.409417044093185,34.98668461578137,0.4185281603126166,0.06022440213533264,-0.4389784000001227
312,312,Path J 3A,0.234,11430.0,132.14,J 3A,,,,J,3,42.9133333333333,1969.629,1974.686761,1974.686761,-0.6078824231037332,25.83037649008695,-0.7091223962250691,-4.924276500850755,1974.6882816666666,1974.4283061944443,-0.7091223962250691,25.867822446372447,-4.88795354879426,-1.1011868169521717,25.706752205758008,-5.044193292892675,-1.0115261587517996,25.73303269201169,-5.018700958421739,0.3170190110890994,0.1581449491778313,0.15340218215195223,0.4933043938484385,0.1236242843289439,0.11991679204191996,0.38417677146359575,0.1619006292347578,0.1570452293640067,0.40364373564806644,0.09734379807526139,0.09442445757098383,1974-09-08 16:01:34.895997889,0.16659984089626523,0.06539636377492987,-0.3316941206188384,-0.24096442533513304,0.31114199326375735,0.49829396151510363,0.4075642662313983,0.38919706678766874,-1.103618966368676,0.49573654326494276,-0.324403782615831,0.49100362351209625,25.752689146604755,0.07768734348219652,-5.029508370738112,0.10523186988735667,9,28.436485387172404,35.010990728529954,0.42351086787620723,0.08338091239573259,-0.4
313,313,Path J 4A,0.255,12346.0,142.721,J 4A,,,,J,4,43.0533333333333,1969.769,1974.785566,1974.785566,-0.4757685844138431,25.815998769147267,-0.6392045654678508,-4.938223033939458,1974.778242,1974.5070563611107,-0.6392045654678508,25.81322713977894,-4.940911542143031,-1.0913320904376258,25.714900690094844,-5.0362891816010995,-1.024560509504711,25.733569454524442,-5.0181802934167425,0.32726610189506733,0.1595456190422673,0.15476084592715425,0.6155635060237827,0.10109807905242363,0.09806614766164135,0.4561359605184634,0.10156230973580686,0.09851645606682997,0.5487919250908679,0.08242931462282499,0.07995725947728438,1974-10-14 17:33:29.376000538,0.30108499958615736,0.1374732425321496,-0.3200203086598481,-0.2522123272686,0.32346708022665016,0.6211053082460054,0.5532973268547574,0.46147556481475993,-1.136806332018238,0.6610377476043949,-0.3387670488852443,0.6398520484714016,25.754741654608445,0.06125711453882232,-5.034811184916333,0.09658815097687512,10,29.166848613575105,34.85016599692194,0.19045985066829324,0.10976348769877041,-0.5853583999998857
314,314,Path J 5A,0.237,10748.0,123.79,J 5A,,,,J,5,43.1933333333333,1969.909,1974.862399,1974.862399,-0.8339626888859761,25.7933061601026,-0.8247580782405525,-4.960235091638879,1974.8534546666667,1974.5884721666666,-0.8247580782405525,25.749834693254417,-5.002402849196279,-1.0935026705691449,25.713341594276546,-5.037801520135807,-1.0421766800634158,25.729259199324424,-5.022361284063313,0.3280396861349592,0.15977453909670394,0.15498290066915835,0.2595399816831687,0.07996456582605305,0.07756642849692863,0.2669411374021559,0.03474051268140599,0.03369864470609052,0.20821399117743966,0.06404696077817462,0.062126192424434734,1974-11-11 18:36:54.864003021,-0.0552651128859738,-0.04627516624055111,-0.3202925375691449,-0.2680613890217495,0.3235650295783108,0.2650274246831711,0.21279627613577567,0.2721839010132683,-1.1526391755271677,0.3186764866411915,-0.34680589284287333,0.29154077995689953,25.75354303966132,0.03976312044127894,-5.03758540422787,0.07735031258899117,11,29.58092547148356,34.682867451823185,0.024078593775998608,0.09501096159771986,-0.7697576000002025
315,315,Path J 6A,0.262,13543.0,156.783,J 6A,2.0,43.0,,J,6,43.3333333333333,1970.049,1974.912399,1974.912399,-1.164542961421838,25.640199150513396,-1.141748491176112,-5.108750422010498,1974.9433773333333,1974.6730763888886,-1.141748491176112,25.718640651510835,-5.032661381627974,-1.0902628859213541,25.717040257347655,-5.0342137799702,-1.0537130471928815,25.726872881315867,-5.024676036394797,0.3304786903047719,0.160297465299096,0.15549014431474092,-0.07428007550048399,-0.07684110683425871,-0.07453664204029842,-0.04214231366218887,0.004165224022478024,0.004040308954042911,-0.1108299142289566,-0.08667373080247032,-0.08407438561570135,1974-11-30 00:36:54.864001587,-0.3846453854218369,-0.36107054584277837,-0.3150643555324654,-0.277845494776215,0.32756044573937726,-0.06958102988937148,-0.1067998906456219,-0.036694538921447806,-1.163233280173679,-0.0013096812481590003,-0.35375844604165435,-0.030886939380182554,25.75284225655436,-0.11264310604096295,-5.038910712310338,-0.06983970970015996,11,29.608912641147356,34.78621298002427,0.06442689931727616,0.08541057758237275,-0.7102423999997975
316,316,Path J 7A,0.249,12144.0,140.126,J 7A,,,,J,7,43.5833333333333,1970.299,1975.055334,1975.055334,-1.426739823220522,25.722416643916514,-1.319633816150354,-5.028998631234543,1975.0227716666666,1974.7610563333337,-1.2409609499861534,25.608362885273422,-5.139631917655929,-1.1150529760512704,25.713044430840874,-5.038089771640042,-1.0710961379445418,25.723484048812324,-5.027963237811555,0.3436278066908747,0.16299464035222164,0.15810643108802383,-0.31168684716925155,0.009372213075639735,0.009091140405498521,-0.13217720345013517,-0.10654163832481818,-0.10334645459145797,-0.3556436852759801,-0.0010674048958101423,-0.0010353934229883066,1975-01-21 04:43:33.023996926,-0.6433011392205245,-0.45831048598615354,-0.33777112766238165,-0.2934956169028752,0.33962948769852797,-0.3055300115581428,-0.3498055223176493,-0.12680373200569092,-1.1709032202307081,-0.2558366029898138,-0.382404668813185,-0.26089647040733943,25.751519955261774,-0.029103311345259897,-5.034036048991693,0.005037417757149498,1,29.732470067316086,34.986129439400365,0.12720667104325215,0.0516433628937857,-0.516400799999807
339,339,12 SPL-A4 Path I 1A,0.198,8213.0,99.041,I 1A,,44.8,,I,1,45.1333333333333,1971.849,1976.582661,1975.100582,-1.1316000653161,25.462472861390353,,-5.281146699722743,1975.0954726666666,1974.8479254444444,-1.308652850781775,25.629051375107036,-5.119563875632427,-1.1210353776354298,25.71462888260619,-5.036552837583169,-1.085283960751165,25.717122711358964,-5.0341337987546915,0.3399071808581188,0.162207318367204,0.1573427208893368,-0.010564687680670204,-0.2521560212158356,-0.24459386213957401,-0.18253106819892947,-0.08693995281893763,-0.08433262363389993,-0.04631610456493496,-0.2546498499686116,-0.24701290096805195,1975-02-06 17:05:53.952000986,-0.34698493331609914,-0.5241705614484422,-0.3416847787465409,-0.30597276254283173,0.3371616304816791,-0.005300154569558235,-0.04101217077326741,-0.17739597277300434,-1.1755731972487637,0.04397313193266372,-0.3991059849401746,0.05212105162407543,25.751352060352012,-0.28887919896165926,-5.033088565891927,-0.2480581338308161,2,29.661934426260572,34.944870780971286,0.12415811508569069,0.07024247485835258,-0.5706984000000108
317,317,Path J 8A,0.243,13174.0,152.13,J 8A,,,,J,8,43.8333333333333,1970.549,1975.100582,1975.130502,-1.3676186638087025,25.70226462001423,-1.4588488049958215,-5.048546295939996,1975.140294,1974.9340014166664,-1.1528243447134694,25.55716928010723,-5.189290226603183,-1.1422769940618356,25.720300670330847,-5.031051146772372,-1.1019941868649157,25.70942681688679,-5.0415988933516465,0.33643857994566606,0.15321268047946512,0.14861783219184918,-0.22534166974686687,-0.018036050316617036,-0.01749514916762429,-0.018195239507415195,-0.16215855078973007,-0.15729541585154797,-0.26562447694378677,-0.007162196872560145,-0.006947402588349583,1975-02-17 15:11:51.071999324,-0.582225611808703,-0.3671767007134683,-0.3608678596173913,-0.3209793052954716,0.33401636286341474,-0.2213577521913117,-0.26124630651323144,-0.013946357414821642,-1.181304171118578,-0.18631449269012434,-0.4085989550465971,-0.17362665676210592,25.751921323364694,-0.04965670335046468,-5.0331920130079375,-0.015354282932058538,2,29.63141487728404,34.88890024251097,0.10568567405521999,0.09860776947003251,-0.6066023999999802
340,340,Path I 2A,0.234,9744.0,117.44,I 2A,,,,I,2,45.2333333333333,1971.949,1976.672305,1975.189798,-0.9592543050156057,25.506770358917116,-1.079584146579252,-5.238177684146809,1975.1749386666668,1975.018178666667,-1.303020298927516,25.635952890803754,-5.112869336391449,-1.140574943920897,25.723053939753854,-5.028380447899363,-1.1177630343680964,25.702277900462636,-5.048533413772236,0.3374208521459726,0.1515146857901087,0.1469707603632263,0.18132063890529126,-0.2162835808367376,-0.20979723624744562,-0.15697109634281334,-0.09051183429183851,-0.08779738438142726,0.15850872935249072,-0.19550754154552052,-0.18964427037457288,1975-03-11 06:37:49.728003464,-0.17231955701560286,-0.5164718935941818,-0.3571383915320081,-0.3350690894097632,0.33617353365743274,0.18481883451640524,0.16274953239416035,-0.1538706731761459,-1.1905844921338782,0.23133018711827247,-0.4243391169107543,0.25201955989515146,25.754397695640822,-0.2476273367237063,-5.033878739388065,-0.20429894475874377,3,29.669956265055603,34.60176213169987,-0.03200557421286389,0.13586948793879763,-0.6777576000002025
318,318,Path J 9A,0.225,10457.0,120.666,J 9A,,,,J,9,44.0833333333333,1970.799,1975.130502,1975.204516,-1.5821879279582396,25.69882369347992,-1.5261183129878997,-5.051884029087542,1975.2239490000002,1975.1031310833334,-1.3899968600568673,25.6235413325248,-5.12490867203762,-1.155295669771375,25.73603956520208,-5.0157842613583306,-1.134770529786059,25.69671867503754,-5.053925918026831,0.34226049120111357,0.1443669111172617,0.1400373474528167,-0.4268922581868646,-0.0372158717221609,-0.03609976772921186,-0.22667580448091754,-0.10954008826923929,-0.10625498102204478,-0.4474173981721805,0.0021050184423785367,0.002041888939288583,1975-03-16 15:33:36.576000390,-0.7948705119582392,-0.6021741860568665,-0.36979741010470824,-0.3503959251332813,0.34036763482723453,-0.425073101853531,-0.4444745868249579,-0.22434501709202825,-1.1920818006538745,-0.3901061273043651,-0.4280555781925036,-0.3668149337657356,25.755170596552762,-0.056346903072842736,-5.034236130492716,-0.017647898594826295,3,29.679602589536394,34.54196752837667,-0.06103533579821533,0.13790065318539563,-0.6954192000001016
319,319,Path J 10A,0.25,11200.0,129.384,J 10A,1.0,44.0,,J,10,44.3333333333333,1971.049,1975.189798,1975.277533,-1.6285483471967561,25.66502994517736,-1.5836032391822157,-5.084664302878508,1975.253194,1975.1869730833334,-1.452878114853682,25.60058029021604,-5.14718111268754,-1.1940925530355766,25.74015075742618,-5.011796363789031,-1.1466015481446075,25.690526726225535,-5.059932170293968,0.3766149752506452,0.14270703602225368,0.13842725201190773,-0.4344557941611795,-0.07512081224881939,-0.07286793908947686,-0.26841341194707535,-0.1412390135886407,-0.13700325557111656,-0.48194679905214866,-0.025496781048175876,-0.02473213258453999,1975-04-12 07:11:20.687998377,-0.8393324891967574,-0.6642950708536827,-0.40655170525779866,-0.3605743278390521,0.37331574976143506,-0.43278078393895875,-0.4787581613577053,-0.2673738051137429,-1.1977475141363905,-0.43080083306036565,-0.4455484028019513,-0.3937840863948061,25.759790023760715,-0.09476007858335578,-5.036179361902827,-0.04848494097568157,4,29.730107906871094,34.62596857470689,-0.034346042213205655,0.13296318168655033,-0.7
341,341,Path I 3A,0.242,11042.0,133.385,I 3A,-1.0,45.0,,I,3,45.3333333333333,1972.049,1976.724125,1975.277533,-1.14789806940605,25.437887231990835,-1.2178785648836203,-5.3049950060965685,1975.3135346666668,1975.2707464999996,-1.4388399529981524,25.64834962699973,-5.10084437831399,-1.204005885912868,25.749267588785777,-5.002952946201908,-1.1686202261488199,25.686153527561608,-5.064174216729964,0.3838568481935622,0.14743329720162637,0.14301177261851286,0.05610781650681784,-0.3113803567949418,-0.30204205989466093,-0.2371995423590644,-0.10011478190540284,-0.0971123395960601,0.02072215674276978,-0.2482662955707724,-0.24082078936660434,1975-04-12 07:11:20.687998377,-0.3586822114060514,-0.6486880516648199,-0.4144146818573126,-0.3809689030377089,0.37917069541410353,0.05573247045126123,0.02228669163165753,-0.23664981771091723,-1.1977475141363905,0.049849444730340364,-0.4455484028019513,0.0868661913958999,25.759790023760715,-0.32190279176987957,-5.036179361902827,-0.26881564419374193,4,29.730107906871094,34.62596857470689,-0.034346042213205655,0.13296318168655033,-0.7
320,320,Path J 11A,0.275,13321.0,153.947,J 11A,,,,J,11,44.5,1971.2156666666667,1975.204516,1975.385538,-1.5400734423916511,25.842131703830997,-1.5513401500590192,-4.912873825966894,1975.361428,1975.3554187777777,-1.4114849440089692,25.682668924969807,-5.067554316090036,-1.2068227929688193,25.755974880503445,-4.996446806162852,-1.1913520070090824,25.687162173197763,-5.063195820376439,0.38490534437059437,0.1523516854447052,0.1477826583981834,-0.3332506494228318,0.0861568233275527,0.08357298019595749,-0.20023162779603054,-0.07150992840410098,-0.06936534565126203,-0.3487214353825687,0.1549695306332346,0.15032199440954486,1975-05-21 17:18:46.367999900,-0.7480494543916512,-0.6200878160089687,-0.41514831474659725,-0.40207061456463805,0.37945268989512676,-0.3329011396450539,-0.3459788398270131,-0.2005061809812155,-1.201821219805934,-0.3382522225857172,-0.45863728726316577,-0.2894121671284854,25.762082257438518,0.08004944639247924,-5.039469614236556,0.126595788269662,5,29.656124199823072,34.61454365424743,-0.023210828850055314,0.10623210644353276,-0.8252912000000154
342,342,Path I 4A,0.198,10023.0,120.887,I 4A,,,,I,4,45.6666666666666,1972.3823333333332,1976.819052,1975.421213,-1.5464833202292054,25.76798783908759,-1.325927759163324,-4.984794116206647,1975.432981,1975.4392396666667,-1.5239851410698355,25.825469879874024,-4.929035961823396,-1.2229312697571275,25.757294090832502,-4.995167158951564,-1.2078392871245784,25.68532224073436,-5.064980573265261,0.4005070338328086,0.1532982431694866,0.1487008288567989,-0.3235520504720779,0.010693748255086177,0.010373042744917349,-0.3060846137774588,0.06652480259027982,0.06452972376059722,-0.338644033104627,0.08266559835322695,0.08018645705861438,1975-06-03 17:49:33.168002516,-0.7535317822292034,-0.7307276350698354,-0.4291819084793498,-0.41688193518013406,0.3933866497931397,-0.3243498737498536,-0.3366498470490693,-0.3065645501107921,-1.2037990381724366,-0.3426842820567688,-0.4659587613995431,-0.28757302082966024,25.75933270666249,0.008655132425097634,-5.040811029651712,0.056016913445064986,6,29.47837170202764,34.69548848942886,0.05231989642762607,0.10259862510427774,-0.9109112000002924
321,321,Path J 12A,0.27,14013.0,161.844,J 12A,,,,J,12,44.6666666666666,1971.3823333333332,1975.277533,1975.492192,-1.48539866058865,25.86629009670349,-1.3218126287599203,-4.889439943296647,1975.4920716666666,1975.5208309722225,-1.4384279562241906,25.838423579206182,-4.916470743934212,-1.223947519151183,25.76356626051529,-4.989083091637564,-1.2187237995163112,25.681643068803844,-5.0685494068295815,0.40007346864571025,0.15991798148161782,0.1551220412169509,-0.26145114143746695,0.10272383618820058,0.09964314834091681,-0.2091781242546705,0.07606817674889754,0.0737868921281984,-0.26667486107233884,0.18464702789964704,0.17910946353293422,1975-06-29 15:36:06.911997849,-0.6906016685886517,-0.643634092890858,-0.4281590316511831,-0.4260471758496448,0.3938217207866734,-0.2624426369374686,-0.2645544927390069,-0.210158302384301,-1.216346928571133,-0.269051732017517,-0.48035222357236723,-0.21024944501628445,25.755477873695984,0.11081222300750682,-5.046948485815847,0.15750854251919932,6,29.15464476597998,34.78960081013381,0.16589035748386408,0.08726654782120567,-1.0406303999999351
343,343,Path I 5A,0.228,9899.0,119.531,I 5A,,,45.0,I,5,46.0,1972.7156666666667,1976.777134,1975.56281,-1.2834018878547166,25.880992801827464,-1.3578419490472038,-4.875178172299343,1975.5510116666667,1975.5999060555555,-1.2362554439142754,25.876552920313106,-4.879484901767081,-1.2408707070002498,25.766205856024058,-4.986522657598104,-1.2316883942764583,25.67801916297262,-5.072064631724926,0.41216057673337314,0.1601403998694496,0.1553377892773317,-0.04253118085446683,0.11478694580340587,0.11134448529876106,-0.0019748121468495436,0.10628113195965365,0.10309376081218335,-0.051713493578258385,0.20297363885484287,0.19688645942558303,1975-07-25 10:12:56.159996830,-0.4867688278547192,-0.43992914058094357,-0.44308643138913867,-0.4372307696653474,0.4047964624968443,-0.04368239646558053,-0.04953805818937179,-0.0034064798505548852,-1.2336694159004586,-0.049732471954258006,-0.49450001520393566,0.007731187349216462,25.75325010391225,0.1277426979152132,-5.052361623826763,0.1771834515274202,7,28.81101573108584,34.79587888577806,0.24431387159648313,0.08639754506107329,-1.1253719999998115
322,322,Path J 13A,0.276,12703.0,148.631,J 13A,,,,J,13,44.8333333333333,1971.549,1975.277533,1975.598033,-0.9399657832994597,25.882375862408374,-0.9741677786156956,-4.8738365897052525,1975.61201,1975.6755219444447,-0.9068355210377179,25.92510609157519,-4.832387840111146,-1.2380236691508446,25.78104324852102,-4.972130238502125,-1.2440240099039421,25.67573103938234,-5.074284134488732,0.41334088835959165,0.15424815178011586,0.1496222497081965,0.29805788585138493,0.10133261388735448,0.09829364879687219,0.3408084107635822,0.14950119298862793,0.1450176522108982,0.30405822660448245,0.20664482302603204,0.20044754478347926,1975-08-07 06:46:08.687999580,-0.14241692529945993,-0.10892326103771838,-0.43832251915084464,-0.44777683418172004,0.4067635258984277,0.2959055938513847,0.3053599088822601,0.3390382350413594,-1.2408294925694536,0.30086370926999395,-0.5144170190968249,0.372000093797365,25.752764261919584,0.12961160048878995,-5.053788907256847,0.1799523175515949,8,28.599160485117647,34.77481383692285,0.28144275795981577,0.09248403852082902,-1.1676395999999547
323,323,Path J 14A,0.239,11550.0,133.483,J 14A,,,,J,14,45.0,1971.7156666666667,1975.385538,1975.675187,-0.49713889195897737,26.011949610489744,-0.676771708883634,-4.748148758328842,1975.6729783333333,1975.7487259166664,-0.8935817714387086,25.901686032056983,-4.855105532044404,-1.2640374192528057,25.77956559121462,-4.973563580865903,-1.2582824159601966,25.671027118417854,-5.078846984863495,0.4085052679691123,0.15420786301826891,0.14958316920631726,0.7668985272938282,0.23238401927512342,0.22541482253706135,0.3567122503832378,0.12113637834286332,0.11750349835635987,0.7611435240012192,0.34092249207188985,0.3306982265346532,1975-09-04 10:38:17.232001603,0.302415970041024,-0.09408433477204142,-0.46247553769725,-0.46027453982130795,0.4024202457029747,0.7648915077382741,0.762690509862332,0.35469373243879376,-1.251646347199891,0.7545074552409137,-0.520440153700396,0.82285612374142,25.7493515801581,0.2625980303316453,-5.0525675923930455,0.30441883406420356,9,28.578122065942534,34.79756369666694,0.2963086428453758,0.1237378726742536,-1.3204488000002315
344,344,Path I 6A,0.22,11799.0,142.425,I 6A,,,,I,6,46.0833333333333,1972.799,1976.837675,1975.745715,-1.2436406390576888,25.810732623272834,-1.2573535112692455,-4.943331248099117,1975.7452093333334,1975.816168,-0.7779966608030436,25.90224246106405,-4.854565790343263,-1.2488209770621888,25.781040121406722,-4.972133271834263,-1.2681973059378384,25.668619445543136,-5.0811824516287025,0.403431909410787,0.15539303360560547,0.15073279652774,0.005180338004499907,0.029692501866112053,0.028802023735146065,0.481779027527622,0.12562011601563938,0.12185276873633051,0.02455666688014957,0.14211317772969778,0.13785120352958558,1975-09-30 04:27:48.240000580,-0.44225204905768833,0.023378781863624205,-0.44553614478441106,-0.4684735229239497,0.39656728171246913,0.0032840957267227244,0.02622147386626139,0.47989140926836393,-1.2657830921457314,0.022142453088042524,-0.5256429345572357,0.08339088549954732,25.745085352651042,0.06564727062179188,-5.047129399122777,0.10379815102365963,9,28.86720886773985,34.90726917451084,0.282077007570518,0.1605549613577132,-1.4
324,324,Path J 15A,0.244,11360.0,131.025,J 15A,,,,J,15,45.1666666666666,1971.8823333333332,1975.421213,1975.814726,-0.5932104513924648,25.88404514942956,-0.627641846770434,-4.8722173646018305,1975.8379949999999,1975.8807939444441,-1.0272896991151612,25.78601456323551,-4.967308013515918,-1.2664686686770024,25.769261322523878,-4.983558824538615,-1.272700289824145,25.667554768283686,-5.082215199217142,0.4080724127786375,0.157720579972792,0.15299053977937432,0.6732582172845376,0.11478382690568267,0.11134145993678413,0.23891774044074085,0.012619577459820638,0.012241116331801472,0.6794898384316803,0.21649038114587427,0.20999783461531152,1975-10-25 08:59:59.136002026,0.20997242460753696,-0.22350182911516092,-0.4615261997325581,-0.4712808388241452,0.4009305439410241,0.6714986243400951,0.6812532634316821,0.23778408438518564,-1.2755463872196824,0.6823359358272176,-0.5304372411365332,0.7404096657440702,25.739788923763268,0.14425622566629315,-5.04191158040517,0.16969421580333943,10,29.23848077823107,35.01055712533181,0.24687677423504253,0.17434378291060057,-1.4553424000000226
345,345,Path I 7A,0.2,9802.0,118.203,I 7A,,,,I,7,46.1666666666666,1972.8823333333332,1976.869052,1975.953544,-1.2450180068953305,25.663265917004146,-1.403783768972155,-5.086375427846807,1975.959827,1975.9428020277778,-0.8769348850825517,25.78369190277263,-4.969561017391521,-1.2833326729285153,25.76988351339648,-4.982955293170281,-1.2765677600260108,25.66522319300371,-5.0844768505544735,0.39231855309020985,0.15801247163888107,0.15327367761439747,0.038314666033184785,-0.10661759639233281,-0.10342013467652578,0.40934208848984394,0.017360552678786927,0.01683990970395192,0.031549753130680314,-0.0019572759995618583,-0.0018985772923336697,1975-12-15 01:02:43.583998907,-0.4382258628953314,-0.06997938308255221,-0.4767953959840708,-0.4734784381926775,0.38653412043059493,0.038569533088739394,0.0352525752973461,0.40977531136021367,-1.281948945583935,0.03693093868860453,-0.5407629347622037,0.10253707186687233,25.720868538959216,-0.05760262195506982,-5.0398535320171725,-0.04652189582963473,12,29.749512539779516,34.88761203274181,0.07912450629715884,0.17014791107571364,-1.694252800000044
325,325,Path J 16A,0.274,12332.0,142.369,J 16A,1.0,45.0,,J,16,45.3333333333333,1972.049,1975.492192,1976.111211,-0.7925761969598599,25.80376464188418,-0.8016211415640182,-4.9500902597259255,1976.1134676666668,1976.0028684722222,-1.2534289549395454,25.6680227039999,-5.081761296893055,-1.309029579111669,25.759849214361168,-4.992688663577523,-1.2746729094004072,25.66494944589438,-5.084742387987992,0.3674182121609373,0.16625513032520006,0.16126913896671496,0.5164533821518091,0.04391542752301092,0.04259840385159741,0.05160681515438825,-0.09103567055847132,-0.0883055107984226,0.4820967124405473,0.13881519598979963,0.13465212826206674,1976-02-10 16:52:38.726397218,0.018315289040137794,-0.44247879560621267,-0.5009424876116692,-0.46994258506707415,0.36298641219955036,0.519257776651807,0.48825787410721194,0.054479948784017074,-1.2828049911028037,0.49022879414294374,-0.5524029722768379,0.5707182613169757,25.71451339977683,0.08925124210734836,-5.043880270046647,0.09379001032072143,2,29.134744018828464,34.959621276773746,0.24677772696482553,0.13175857950246064,-1.2661872000004826
346,346,Path I 8A,0.208,9592.0,115.686,I 8A,,,,I,8,46.25,1972.9656666666667,1976.878133,1976.275648,-1.7226926609634456,25.53703755311138,-1.4760095692158408,-5.208818203106432,1976.236134,1976.0616093055553,-1.1781152114210118,25.668202037850747,-5.081587341264394,-1.3227450582416163,25.74744239591747,-5.004723401536093,-1.2766128181001446,25.66836481478918,-5.081429446006346,0.358279765149078,0.17980074906729512,0.17440852460273656,-0.3999476027218294,-0.21040484280609206,-0.20409480157033943,0.1419735353443552,-0.08134467061798034,-0.07890514394614663,-0.44607984286330105,-0.13132726167780007,-0.12738875710008646,1976-04-10 21:17:31.315201471,-0.9075258129634444,-0.363975727421012,-0.5131383495749495,-0.47029340793347807,0.35486942148911327,-0.39438746338849484,-0.4372324050299663,0.14651024806657717,-1.2834111516260953,-0.43928150933735033,-0.5444934990668076,-0.3630323138966368,25.713325699367644,-0.17628814625626532,-5.049801609864724,-0.15901659324170847,4,29.381449183035546,34.70512543064641,0.07797946658281077,0.09564836709395877,-0.5384448000000003
326,326,Path J 17A,0.282,13376.0,154.661,J 17A,,,,J,17,45.4261904761904,1972.1418571428571,1975.56281,1976.321543,-1.01907677633973,25.663803918556688,-0.9111324673903122,-5.085853560960825,1976.3175403333335,1976.1197753611111,-1.400695825697307,25.592413489408585,-5.155102991138779,-1.3284916029428155,25.741348515127548,-5.010634526841127,-1.2799545168717312,25.67025600412764,-5.079594973436145,0.35732762243681315,0.1871084784122289,0.18149709514461693,0.3094148266030856,-0.07754459657085988,-0.07521903411969788,-0.07131608759960677,-0.14698154455499926,-0.14257356803379503,0.2608777405320013,-0.006452085570952448,-0.006258587524679449,1976-04-27 16:26:01.363200622,-0.2027166583397294,-0.5844397770306393,-0.5173770892761491,-0.47207957837173137,0.35420149069181855,0.3146604309364197,0.26936292003200196,-0.06614184571071678,-1.289370191153818,0.2702934148140881,-0.5399120556043885,0.3371953972646591,25.709481931283936,-0.045678012727247364,-5.0528936099372,-0.03295995102362426,4,29.339892627203355,34.64061652168991,0.0580928985254973,0.09124227085010807,-0.4282968000000695
347,347,Path I 9A,0.202,8692.0,104.934,I 9A,1.0,46.0,,I,9,46.3333333333333,1973.049,1976.919052,1976.35543,-1.4603180397887459,25.576398996557682,-1.7884960826744145,-5.170637209349081,1976.3578480000003,1976.1739796944446,-1.1337130816666077,25.640027861982364,-5.108916573598484,-1.3369025531086691,25.729394190845728,-5.022230340937734,-1.2887018033452293,25.670175131985243,-5.079673420222992,0.3632213638052327,0.20154344910221142,0.19549916106360854,-0.12341548668007674,-0.15299519428804587,-0.14840686841134776,0.20406888399340906,-0.09203316955617898,-0.0892730948011889,-0.17161623644351653,-0.0937761354275608,-0.09096378912608927,1976-05-10 02:05:49.632002195,-0.6430768597887441,-0.31640903366660683,-0.5243783551086691,-0.4792188740952297,0.35921716032338274,-0.11869850468007492,-0.1638579856935144,0.20885206080822463,-1.2971463192228214,-0.16317172056592444,-0.5352178686680429,-0.10785899112070119,25.704867118997324,-0.12846812243964223,-5.052886657012397,-0.11775055233668397,5,29.27571513139965,34.61714733359783,0.06165081156904211,0.075214777750346,-0.34696799999987615
327,327,Path J 18A,0.249,11284.0,130.312,J 18A,,,,J,18,45.5190476190476,1972.2347142857143,1975.598033,1976.396571,-0.921744428871347,25.679880670832727,-1.1541177635514195,-5.070258950485545,1976.4204293333335,1976.2277378055555,-1.3011981847010914,25.713465841715315,-5.037680998877726,-1.347951740928565,25.725440388642358,-5.026065568613024,-1.3003227325886118,25.671924678163737,-5.077976342934392,0.36284752604136095,0.2082151482842671,0.20197077598719523,0.42620731205721807,-0.045559717809631195,-0.04419338187252109,0.045545684303950264,-0.010247044615489642,-0.009939735747471978,0.37857830371726475,0.007955992668989609,0.007717392448846283,1976-05-25 03:28:46.790399825,-0.10343358287134707,-0.4822670220344234,-0.5340278390396764,-0.4891880451997231,0.3589814691591337,0.43059425616832936,0.385754462328376,0.05054789441506271,-1.3087741525046657,0.38702972363331867,-0.530330714882478,0.4268971320111309,25.6995223997666,-0.01964172893387328,-5.051394779341935,-0.018864171143610164,5,29.169141590240745,34.64894403526471,0.09940550803369688,0.047813775710292244,-0.22234439999994932
328,328,Path J 19A,0.215,9836.0,113.33,J 19A,,,,J,19,45.6119047619047,1972.3275714285714,1975.675187,1976.509287,-1.5215320854431813,25.884117857755534,-1.363606424395216,-4.872146836798553,1976.4778933333334,1976.2819776944443,-1.541918020528527,25.773250846953463,-4.97968894594667,-1.3553773129778905,25.716304079504326,-5.034927879840006,-1.3106280146554492,25.669755094747885,-5.080080860543603,0.36598327397117614,0.2163195012969325,0.20983207945301152,-0.16615477246529076,0.16781377825120813,0.1627810430414529,-0.18343108749329132,0.05545030550750004,0.0537873508453283,-0.2109040707877321,0.21436276300764945,0.2079340237450502,1976-07-05 09:34:37.228802713,-0.700290623443179,-0.7214927938618594,-0.540038555200113,-0.49782752048878287,0.36161345307259407,-0.16025206824306604,-0.20246310295439618,-0.17836025878958672,-1.3331638578219038,-0.18836822762127747,-0.5198334311509233,-0.18045719229225576,25.680968930641637,0.20314892711389732,-5.042424857305735,0.17027802050718233,7,28.594176612426196,34.71793032196412,0.2569416212323887,-0.012182888156330592,0.12228880000016527
348,348,Path I 10A,0.234,11482.0,138.691,I 10A,,,,I,10,46.6666666666666,1973.3823333333332,1976.919052,1976.527822,-2.1824775472710525,25.75575401227213,-1.8391370607282826,-4.996661050555911,1976.5399233333335,1976.3377756666669,-1.7838507971951179,25.873933617892174,-4.882025651308411,-1.372131745199251,25.711657156191208,-5.039435441922964,-1.320538149167852,25.671597257773715,-5.0782939439869175,0.3611045194715275,0.2226533638509804,0.2159759894690641,-0.8103458020718015,0.044096856080923175,0.04277439136705308,-0.4177817696306172,0.1646501769325385,0.15971231812633016,-0.8619393981032004,0.08415675449841586,0.08163289343100644,1976-07-12 04:23:18.412800465,-1.3607541752710521,-0.9618127905284511,-0.555331210977029,-0.506040597209519,0.35723284244111875,-0.8054229642940232,-0.8547135780615331,-0.41257429148246877,-1.3333027560093236,-0.8491747912617289,-0.518338317394952,-0.8424158578761002,25.677488377369446,0.07826563490268512,-5.0409505677182995,0.04428951716238849,7,28.45592811535662,34.70370410634699,0.28095448756855257,-0.020523971799628272,0.16677279999991376
329,329,Path J 20A,0.24,8338.0,96.142,J 20A,,,,J,20,45.7047619047619,1972.4204285714286,1975.745715,1976.582661,-1.6475427588711198,25.981928983648857,-1.521430611707909,-4.777269066570771,1976.5942626666667,1976.396758111111,-1.7417457656505329,25.90596564145333,-4.850954268133854,-1.3706980245163602,25.699889087183372,-5.050850586541255,-1.3370529344568758,25.673456967596152,-5.0764900068620555,0.3603483605124125,0.2342450612547851,0.22722005186772978,-0.27684473435475954,0.2820398964654842,0.2735815199704845,-0.36862619419944315,0.2046840982095214,0.19854562210421692,-0.310489824414244,0.30847201605270413,0.2992209402912849,1976-08-01 06:05:39.206397355,-0.8243935728711219,-0.9182949363171997,-0.5523457309608051,-0.5207360100540983,0.3556192208927597,-0.27204784191031683,-0.3036575628170236,-0.3635252209957394,-1.3337137102958048,-0.313829048575315,-0.5143326672242682,-0.31006090564685374,25.667756284527254,0.3141726991216025,-5.036588627244301,0.25931956067353035,8,28.114917520698423,34.86931964636518,0.43050377452588806,-0.045202508941021735,0.29838639999970695
330,330,Path J 21A,0.24,10942.0,126.195,J 21A,,,,J,21,45.797619047619,1972.5132857142858,1975.814726,1976.672305,-1.3952169908094263,25.980213928439003,-1.3728195131088456,-4.778932687274882,1976.659697,1976.4553345277777,-1.6391251149351984,25.94971064917527,-4.808521173193497,-1.3765289446376576,25.692298386356846,-5.058213642249995,-1.347235428955177,25.67689301108694,-5.073157010315556,0.36628930015049305,0.23976937725152134,0.23257869362772443,-0.01868804617176867,0.28791554208215686,0.2792809549751132,-0.25631678502631244,0.2534197329852456,0.24581967519301853,-0.0479815618542494,0.3033209173520639,0.29422432304067403,1976-09-03 01:31:37.632001620,-0.569737060809425,-0.8139729929351994,-0.5566322040265468,-0.5289657128301771,0.36007930494595514,-0.013104856782878205,-0.04077134797924786,-0.251074366600387,-1.3455400833522613,-0.04967690745716502,-0.5248050218959407,-0.044932038913484296,25.659425453833,0.32078847460600457,-5.04078813150691,0.26185544423202867,9,27.714863691325007,35.109990416242965,0.6268174322988488,-0.006242470539499664,0.5135320000002261
349,349,Path I 11A,0.24,11268.0,136.079,I 11A,,,46.0,I,11,47.0,1973.7156666666667,1976.947958,1976.724125,-1.87461559512505,25.886989035437946,-1.9587082467291073,-4.869361765734837,1976.7245213333333,1976.5152998333335,-1.4485104585268223,25.967075787646326,-4.791676815225185,-1.4011980205726406,25.69668527502985,-5.053958316368295,-1.3491495011612007,25.68067449019517,-5.069488937765785,0.38009684751584366,0.23640271644290173,0.22931299897675508,-0.4734175745524094,0.1903037604080957,0.18459655063345792,-0.05317384814509488,0.2743823543874934,0.26615362757941313,-0.5254660939638494,0.20631454524277615,0.20012717203094788,1976-09-22 00:42:50.399998676,-1.0477883451250511,-0.6216729038601563,-0.5797179440170854,-0.5288435266473122,0.37342011074985126,-0.4680704011079657,-0.518944818477739,-0.047827906719169366,-1.3612247083575786,-0.5133908867674715,-0.5314223781630769,-0.5163659669619742,25.655734531730403,0.23125450370754308,-5.044589918639994,0.1752281529051567,9,27.72441578325638,35.12926894234416,0.6333913246308965,0.03386781387183783,0.6379000000000126
331,331,Path J 23A,0.283,10752.0,124.039,J 23A,,,,J,23,45.9833333333333,1972.699,1975.953544,1976.777134,-1.0756987896459906,26.034024399062034,-1.1642510833439572,-4.726735992665837,1976.7734369999998,1976.5762869166667,-1.58978199418742,25.915507357372675,-4.841698708274933,-1.4082828659348838,25.689096638389806,-5.0613193697955055,-1.3508211679149555,25.679270367895622,-5.070850950437566,0.38510346657004363,0.2359848298074164,0.22890764476146777,0.3325840762888932,0.34492776067222763,0.33458337712966824,-0.18229416897594355,0.22523492646375112,0.21848013101910504,0.2751223782689649,0.35475403116641147,0.34411495777172885,1976-10-11 10:20:42.201597873,-0.24749330564599237,-0.7616726321874207,-0.5851848433793285,-0.5284036807899559,0.37737461408075096,0.33769153773333616,0.28091037514396355,-0.17731006036483277,-1.3757817661759173,0.30008297652992666,-0.5387681629495983,0.2912748573036059,25.65310956530085,0.3809148337611852,-5.047413513348734,0.3206775206828967,10,28.17759248072921,34.999595743834924,0.4753395658046826,0.06303349849919687,0.7651215999997201
350,350,Path I 12A,0.248,13695.0,167.597,I 12A,,,,I,12,47.0555555555555,1973.7712222222221,1977.00669,1976.819052,-1.81903159779122,25.82550863761804,-1.7795539187349618,-4.928998366424125,1976.8112869999998,1976.6401208055552,-1.305522619004555,25.94651315198578,-4.811622777442273,-1.4129825891269052,25.68503537930711,-5.065258831718314,-1.356267760623349,25.676114607870765,-5.073912069219278,0.3878607334637431,0.23584637789461418,0.2287733450215304,-0.4060490086643147,0.14047325831093005,0.136260465294189,0.10814267856366906,0.2615847357434724,0.25373980951852665,-0.46276383716787084,0.149394029747274,0.14491370279515348,1976-10-26 18:33:09.964801773,-0.9897362457912184,-0.4764291570045553,-0.58818492807135,-0.5316789151372381,0.3791761966219251,-0.4015513177198684,-0.45805733065398035,0.11240746978589126,-1.3861714159842762,-0.43286018180694374,-0.5454088188636697,-0.4443274269275488,25.651472628653913,0.1740360089641264,-5.048842916416266,0.11984454999214122,10,28.58610897843511,34.925236604219315,0.3520043370871655,0.07737002796038996,0.8328624000000062
332,332,Path J 24A,0.24,10825.0,124.938,J 24A,,,,J,24,46.0761904761904,1972.7918571428572,1976.111211,1976.837675,-1.0218374695764547,25.980006419277267,-1.0705549360476194,-4.779133973236856,1976.8419263333333,1976.7071363333334,-1.4952945435520963,25.85443663658508,-4.900937918146101,-1.4197304376428832,25.680653231030007,-5.069509559368579,-1.3600314008025285,25.672177300998783,-5.077731296258171,0.3912548804544623,0.2338394154130271,0.22682657134476586,0.3978929680664285,0.29935318824725954,0.29037558613172276,-0.07660036657923415,0.17467593159943343,0.16943740041076616,0.3381939312260738,0.3078291182784838,0.2985973230213146,1976-11-02 14:08:13.919999689,-0.19205791957645502,-0.6654044588854295,-0.5931401089206614,-0.5332775109553064,0.3817099842486389,0.40108218934420636,0.3412195913788514,-0.07329721983849284,-1.3901355143510419,0.36829804477458716,-0.5487286316079734,0.35667071203151834,25.650940335096173,0.3290660841810933,-5.049726809451666,0.27059283621481,11,28.77890212343729,34.89855058407461,0.29758113561962274,0.08000854950129269,0.8552099999999475
351,351,Path I 13A,0.222,11203.0,135.358,I 13A,,,,I,13,47.1111111111111,1973.8267777777778,1976.977069,1976.869052,-1.6450145632886155,25.75779485285995,-1.7143597467902543,-4.994681414777322,1976.86162,1976.778161361111,-1.2603268605951607,25.888537375597323,-4.867859860296838,-1.423369504148799,25.673593504619838,-5.0763575645837085,-1.3653887607721447,25.670791357253247,-5.079075675550778,0.39055928624955355,0.23144242921188626,0.2245014707597969,-0.22164505913981647,0.08420134824011072,0.08167614980638671,0.1646270453736788,0.21681212758570348,0.21030993187940736,-0.27962580251647084,0.08700349560670162,0.08439426077345669,1976-11-14 01:45:09.964800335,-0.8144192112886153,-0.4299247405951616,-0.5949966801487991,-0.5365042028415896,0.38134019233627287,-0.21942253113981613,-0.27791500844702566,0.16667466144775234,-1.3932024628898496,-0.2518121003987659,-0.5537482776630597,-0.2606709336255556,25.65037771118305,0.10741714167689764,-5.0525951838697,0.05791376909237833,11,29.103730051846185,34.8535885879363,0.20588609226171892,0.06570006516189823,0.8928624000000063
333,333,Path J 25A,0.234,10620.0,122.315,J 25A,,,,J,25,46.1690476190476,1972.8847142857144,1976.275648,1976.878133,-1.114128548920413,25.92781085465476,-1.116984198218354,-4.829764192876336,1976.8887456666664,1976.851160111111,-1.4793920638333182,25.739553675871775,-5.0123755388676186,-1.4317617761148371,25.66092900838502,-5.088642252576449,-1.379410617517903,25.66523326658016,-5.084467079084578,0.3830489694638527,0.23216433671478787,0.22520172825668644,0.3176332271944242,0.2668818462697402,0.2588780597001126,-0.04467629834561312,0.08100405969480799,0.0785747479445605,0.26528206859749015,0.2625775880745991,0.2547028862082419,1976-11-17 09:31:12.979197923,-0.28329709092041466,-0.648284676499986,-0.6016614170592818,-0.5483927121290146,0.37525245464832324,0.3183643261388671,0.2650956212086,-0.04364552206783615,-1.3940900862980998,0.2799615373776869,-0.5546660447411671,0.27136895382075243,25.65052651908638,0.2772843355683783,-5.053425336787121,0.2236611439107845,11,29.19380764236962,34.83709328512281,0.17864613612207547,0.06155896351786396,0.8962404000000754
352,352,Path I 14A,0.208,9028.0,108.708,I 14A,,,,I,14,47.1666666666666,1973.8823333333332,1977.006377,1976.919052,-1.6790330792909272,25.53305532010062,-1.6845272239235962,-5.212681008949197,1976.9054123333333,1976.9235678611112,-1.3360494014565114,25.771213845418675,-4.98166485780543,-1.4490160161994798,25.641126335526046,-5.107851043276379,-1.3831181860794206,25.659865983913914,-5.089673396943666,0.35251966895061465,0.23177150229317794,0.22482067493938043,-0.23001706309144732,-0.10807101542542696,-0.10482996567281777,0.1056144502136338,0.12774295384519974,0.1239119426593831,-0.29591489321150655,-0.12681066381329487,-0.12300761200553101,1976-12-02 08:57:09.964798898,-0.8471377272909281,-0.5045086807898459,-0.617259366088369,-0.550010648676643,0.34722289780274795,-0.2298783612025591,-0.2971270786142851,0.10542076593585488,-1.3983242188190288,-0.28070886047189836,-0.5588015046100608,-0.2883362226808672,25.65119704772821,-0.11814172762759156,-5.057236244930835,-0.1554447640183616,12,29.53778244955013,34.70793751296688,0.0448515857675236,0.042245846993185295,0.8471375999999938
334,334,Path J 26A,0.232,11083.0,127.84,J 26A,,,,J,26,46.2619047619047,1972.9775714285715,1976.321543,1976.919052,-1.2149865761581942,25.852775361500647,-1.243324110695329,-4.902549371590755,1976.928687333333,1976.9955963611112,-1.4316256208188334,25.61353156182578,-5.134618249713374,-1.4442137626961185,25.62835733080936,-5.12023710554161,-1.4017369340423909,25.657045629173318,-5.092409169245589,0.3565518520747487,0.23480327328665734,0.22776152312076567,0.2292271865379243,0.22441803069128596,0.2176877339508545,0.020052115351164208,-0.014811558923546167,-0.0143673602714293,0.1867503578841967,0.1957297323273295,0.18985979765483396,1976-12-02 08:57:09.964798898,-0.3830912241581951,-0.5994797501521679,-0.6108675570294521,-0.5665641417090578,0.35261264336384057,0.22777633287125698,0.1834729175508627,0.018874746795607893,-1.3983242188190288,0.18333764266083463,-0.5588015046100608,0.17571028045186576,25.65119704772821,0.20157831377243696,-5.057236244930835,0.15468687334008013,12,29.53778244955013,34.70793751296688,0.0448515857675236,0.042245846993185295,0.8471375999999938
335,335,Path J 27A,0.244,13842.0,161.882,J 27A,,,,J,27,46.3547619047619,1973.0704285714287,1976.35543,1976.947958,-1.40085720700738,25.454764003876072,-1.3145212402432147,-5.288624368600171,1976.9480263333335,1977.0676136944446,-1.3145212402432147,25.551400020502086,-5.194886466112773,-1.4618034296143954,25.61554569591257,-5.132664519507847,-1.4245383271951626,25.656738646809405,-5.092706945208409,0.3278328837896106,0.23302961058769606,0.22604105256614604,0.06094622260701543,-0.1607816920364975,-0.15595984909232463,0.13943220660417976,-0.0687534209092971,-0.06669150581622792,0.023681120187782678,-0.20197464293333312,-0.1959174233917622,1976-12-12 22:51:47.059199098,-0.5682102990073807,-0.48187255557654857,-0.6269365677255069,-0.5872940716118294,0.32633947955506987,0.05872626871812614,0.019083772604448712,0.13725969686343883,-1.403991363250506,0.003134156243126185,-0.5617642314914744,-0.006446067515906373,25.65179381355681,-0.19702980968073902,-5.060729886768,-0.22789448183217154,12,29.780773133006576,34.6166992923374,-0.049663560559283254,0.022126466217933738,0.8124503999999547
336,336,Path J 28A,0.283,13785.0,169.069,J 28A,,,,J,28,46.447619047619,1973.1632857142856,1976.396571,1976.977069,-1.3277199375640705,25.346660696129533,-1.3666652384121563,-5.393485658147391,1976.9771346666666,1977.1394494722222,-1.366665238412156,25.407414714027258,-5.3345536532464175,-1.4558431482316698,25.616557297512212,-5.131683255840177,-1.4429413154651454,25.65591193038692,-5.093508868405381,0.3337833679028659,0.23332155018586423,0.22632423689576517,0.12812321066759935,-0.2698966013826798,-0.26180240230721363,0.09353787096284398,-0.20984940785790349,-0.20355602411624574,0.1152213779010749,-0.3092512342573883,-0.2999767897420096,1976-12-23 14:34:26.745600905,-0.4943161435640697,-0.5332554857454902,-0.6195926325650034,-0.6036212808540342,0.33360157251446915,0.1252764890009337,0.1093051372899645,0.09076173446284334,-1.4096986988052358,0.08197876124116532,-0.5648741056385427,0.07055796207447296,25.652770245146094,-0.3061095490165613,-5.064248305349673,-0.32923735279771815,12,29.80479079355016,34.535103636738654,-0.09166548966565674,0.001864399735218285,0.7775171999999156
337,337,Path J 29A,0.201,10882.0,127.24,J 29A,,,,J,29,46.5404761904761,1973.2561428571428,1976.509287,1977.006377,-1.3714185706650182,25.420819442076173,-1.4095031116871477,-5.321550932991691,1976.9967120000001,1977.2149065,-1.4762241791401112,25.35318036932558,-5.3871615099504915,-1.462962750278935,25.619689372230706,-5.128645112042492,-1.4523824760946882,25.65402749504486,-5.095336789531534,0.32174819002680205,0.2366396041254913,0.22954278239774314,0.09154417961391692,-0.19886993015453314,-0.19290582094919895,-0.021670193739179073,-0.2680577130601935,-0.2600186622455191,0.08096390542967002,-0.2332080529686884,-0.22621414346015722,1977-01-03 07:51:45.071997776,-0.5372400146650201,-0.6423009558067793,-0.6255224603344907,-0.6109950862196883,0.32368866284786657,0.08828244566947052,0.0737550715546682,-0.025133248479920933,-1.414947932400335,0.04352936173531674,-0.5680050249302807,0.030765010265260573,25.65375328444459,-0.23293384236841774,-5.068031378990682,-0.25351955400100934,1,29.70749732056332,34.45861932787835,-0.10467886451482089,-0.007934934238126516,0.7423476000000986
353,353,Path I 15A,0.212,14821.0,181.592,I 15A,,,,I,15,47.2222222222222,1973.937888888889,1977.083138,1977.00669,-1.729534029191246,25.29206096977104,-1.6811687886888647,-5.446447938712392,1977.0163136666667,1977.2901233888888,-1.5434411422295395,25.34433879797207,-5.395737922579111,-1.4448560576921923,25.627467577414407,-5.121100175232248,-1.4550344714164012,25.64925300667635,-5.099968090993871,0.3250386863355178,0.23844038583272087,0.23128955866157308,-0.2846779714990537,-0.3354066076433675,-0.3253477634801447,-0.08871212988748733,-0.2799539790310668,-0.27155815919992615,-0.2744995577748448,-0.3571920369053103,-0.3464798477185216,1977-01-03 10:36:15.839997951,-0.8953467091912478,-0.708984359562875,-0.6063880290810811,-0.6115716246525124,0.32688624031635777,-0.2889586801101667,-0.28377508453873546,-0.09276320660971167,-1.4149849168261455,-0.3145491123651005,-0.5680384621398595,-0.3273082470513883,25.653763782987667,-0.36170281321662756,-5.068081030168388,-0.37836690854400423,1,29.706458257609672,34.45780250009502,-0.1048178431666523,-0.007658857195039673,0.7419720000000926
338,338,Path J 30A,0.28,15352.0,187.071,J 30A,1.0,46.3,,J,30,46.6333333333333,1973.349,1976.527822,1977.035874,-1.5293708268323547,25.320135982069,,-5.41921489603325,1977.0419006666668,1977.367102583333,-1.6312813712026735,25.328518147628387,-5.411084111618989,-1.4563682290550293,25.6257213813643,-5.122794002862815,-1.4607005886555577,25.643082959940187,-5.105953098028419,0.31676150143478105,0.23839685889876946,0.23124733710037088,-0.07300259777732543,-0.3055853992952997,-0.29642089317043485,-0.1780837852484706,-0.29706106729672516,-0.28815220588849755,-0.06867023817679696,-0.32294697787118665,-0.3132617980048309,1977-01-14 02:15:22.463997527,-0.694366354832357,-0.7961081525360089,-0.6167529694439184,-0.6151885031694465,0.31955440682913827,-0.07761338538843854,-0.07917785166291047,-0.18255840943365742,-1.4184333305093428,-0.11093749632301186,-0.5710839935012303,-0.12328236133112669,25.6546152814463,-0.3344792993772998,-5.072710486942039,-0.34650440909121016,1,29.609576426176062,34.38164179073971,-0.11777615938062515,0.018082460457604612,0.7069512000001723
354,354,Path I 16A,0.226,9870.0,119.175,I 16A,,,,I,16,47.2777777777777,1973.9934444444443,1977.035874,1977.083138,-1.6349392575844206,25.373357491045116,-1.6422957172534145,-5.367589500111325,1977.1058456666667,1977.4451441388892,-1.5755746498004504,25.344324864252993,-5.395751438425955,-1.4583684711153877,25.623548685996624,-5.124901539096412,-1.465414266572457,25.643126627777377,-5.105910739789663,0.3170144101877906,0.23921424022195836,0.23204020515767745,-0.1765707864690329,-0.2501911949515083,-0.24268796101491308,-0.11043538794697778,-0.27758390811462164,-0.26925916671026534,-0.1695249910119636,-0.2697691367322612,-0.2616787603216624,1977-01-31 08:17:19.967998821,-0.7986113935844217,-0.7386109711337849,-0.617508230782055,-0.617832729475235,0.31965051688831514,-0.1811031628023667,-0.18077866410918664,-0.1143516879099414,-1.4240180969677738,-0.21092116061664679,-0.5749385201905155,-0.22367287339390618,25.65409126070967,-0.280733769664554,-5.080207973405518,-0.28738152670580774,1,29.668982634064452,33.692416756074216,-0.44099682536384455,0.05972213404455306,0.6502344000000905
355,355,Path I 17A,0.226,9944.0,119.929,I 17A,1.0,47.0,,I,17,47.3333333333333,1974.049,1977.198525,1977.198525,-1.5624138649845767,25.33948111964486,-1.5759757019810594,-5.40044991913329,1977.2031823333334,1977.5235007222223,-1.575975701981059,25.32933727329593,-5.410289551530216,-1.4806810853900014,25.616456249741915,-5.131781273187842,-1.4597537363151847,25.640062597491823,-5.108882879806956,0.306250984955469,0.24127257579618275,0.23403681124803108,-0.08173277959457526,-0.2769751300970569,-0.26866864594544815,-0.10103230695781991,-0.28638268873203643,-0.27779407189696287,-0.102660128669392,-0.3005814778469649,-0.29156703932633476,1977-03-14 11:04:44.400000562,-0.7228551649845762,-0.7362865966477258,-0.6385166494455576,-0.6100937520512959,0.3095936962873507,-0.08433851553901861,-0.11276141293328035,-0.10351704180041184,-1.4390403966280136,-0.12337346835656304,-0.5814057525813431,-0.14144941240323317,25.648434148313612,-0.3089530286687534,-5.081340566247809,-0.3191093528854818,3,29.56446688606746,33.27052954577517,-0.6078526177232368,0.0994568274323683,0.3353099999996951
356,356,Path I 18A,0.208,9897.0,119.245,I 18A,,,,I,18,47.4666666666666,1974.1823333333334,1977.327884,1977.327884,-1.5305739833741807,25.27517320919781,-1.6438164399740718,-5.462829235346032,1977.304231,1977.6005233333333,-1.6438164399740716,25.335473014755014,-5.40433782095749,-1.485780628564329,25.607154950345354,-5.140803626615504,-1.4660646071760501,25.640067312850434,-5.108878305861953,0.3084710764504369,0.23707699500725393,0.22996705592696173,-0.044793354809851804,-0.3319817411475441,-0.3220256087305273,-0.16165809669656972,-0.27465177786278616,-0.26641497104468154,-0.06450937619813057,-0.36489410365262387,-0.35395092948407836,1977-04-30 16:15:49.824001262,-0.6873932313741796,-0.8012979719740718,-0.6422837843143298,-0.6143196010788281,0.31118782642200127,-0.04510944705984987,-0.07307363029535152,-0.16272438910397688,-1.448880939892804,-0.08169304348137674,-0.5742875188354926,-0.11310571253868706,25.648938105791164,-0.37376489659335377,-5.085747033681942,-0.37708220166408957,4,29.385562140537342,33.74743245072269,-0.35388722284159974,0.06710814148489408,0.2
357,357,Path I 19A,0.218,10621.0,128.182,I 19A,,,,I,19,47.6,1974.3156666666666,1977.386284,1977.386284,-1.8384614715634577,25.39176471542237,-1.80167341933436,-5.349734308393149,1977.383484,1977.6815742777778,-1.8016734193343595,25.420917716279718,-5.32145560603151,-1.4800133158781754,25.606763177766126,-5.14118364993508,-1.4693719720922649,25.640999600449163,-5.107973977568307,0.29679301095528315,0.2368359480429693,0.229733237961136,-0.3584481556852823,-0.21499846234375752,-0.2085506584580692,-0.31625378052102976,-0.18522780422014287,-0.17967282237158008,-0.36908949947119285,-0.24923488502679447,-0.24176033082484238,1977-05-21 23:50:52.223997867,-0.9936455195634597,-0.9569358673343613,-0.6349203148503979,-0.6155202105505985,0.29649051883104094,-0.3587252047130618,-0.37812530901286123,-0.3166955863451049,-1.4518374006167596,-0.38662407094669815,-0.5714459020526894,-0.4221996175107703,25.648843129938754,-0.2570784145163856,-5.089340898773336,-0.2603934096198133,5,29.08154587118041,33.756516936347204,-0.282915613935123,0.022462467658040622,0.21354079999993114
358,358,Path I 20A,0.228,9425.0,113.625,I 20A,,,,I,20,47.7333333333333,1974.449,1977.436284,1977.436284,-2.0359848030654413,25.595815224218978,-1.889858050020434,-5.151803274355348,1977.4678803333334,1977.76599825,-1.8898580500204336,25.518840241476894,-5.226469777364997,-1.4904649719974858,25.604518433388105,-5.143361074429205,-1.4650233274161013,25.643398773517017,-5.105646755700757,0.30922581172229546,0.23353851988166208,0.22653469967038592,-0.5455198310679554,-0.008703209169127035,-0.0084421999261437,-0.4025398842773528,-0.08671166220347952,-0.08411117945399631,-0.57096147564934,-0.04758354929803943,-0.04615651865459114,1977-06-09 05:50:52.223996432,-1.1897688510654445,-1.0427574006871019,-0.6435167438030417,-0.6090643981244349,0.3064598468541895,-0.5462521072624028,-0.5807044529410096,-0.40243213495327973,-1.4543168501971375,-0.5816679528683038,-0.5673070199757166,-0.6224618310897279,25.64399120457066,-0.04817598035168302,-5.092318294805991,-0.0594849795493575,6,28.6743733543279,33.98424805039572,-0.09085865714530433,-0.016361269291381177,0.27354079999993114
359,359,Path I 21A,0.232,10975.0,132.263,I 21A,,,,I,21,47.8666666666666,1974.5823333333333,1977.581073,1977.581073,-1.795127875432403,25.568940784789337,-1.8489286778799414,-5.177871749346494,1977.5788633333334,1977.8511904444447,-1.8489286778799414,25.59551284037293,-5.152096589709856,-1.491476209353582,25.60537409988689,-5.142531069368718,-1.4691087803375074,25.647823646559583,-5.101354584600737,0.308964845465978,0.2350061872142354,0.22795835165965547,-0.3036516660788209,-0.03643331509755399,-0.03534067997777601,-0.362044595405324,-0.008200219038320947,-0.00795429446935921,-0.3260190950948956,-0.07888286177024639,-0.07651716474575654,1977-08-01 02:11:58.128001902,-0.9448578314324012,-0.9987205045466084,-0.642538738548027,-0.6110176397402853,0.3067580620223899,-0.3023190928843742,-0.3338401916921159,-0.3608268593960648,-1.4618518877370623,-0.3332759876953406,-0.578365629767436,-0.3664922016649652,25.636775558285706,-0.06783477349636868,-5.099859679135661,-0.0780120702108329,8,28.049692852056168,34.56485479346357,0.3078440657305626,-0.07604085647500869,0.4
360,360,Path I 22A,0.212,10399.0,129.181,I 22A,,,47.0,I,22,48.0,1974.7156666666667,1977.719233,1977.719233,-1.71567335514198,25.621782512110464,-1.7463741459127469,-5.126614745427727,1977.735019,1977.9381616388887,-1.7463741459127469,25.633085351875952,-5.115650877826805,-1.478711066072784,25.601246644958746,-5.146534741923569,-1.469124294820429,25.639690285851316,-5.109244025821364,0.30209982002233293,0.23119272000574864,0.22425925033275065,-0.23696228906919603,0.02053586715171818,0.019919996495842085,-0.26011572007211997,0.03465745185199509,0.03361807487095506,-0.246549060321551,-0.01790777374085195,-0.017370719606362606,1977-09-20 12:28:51.888000980,-0.8615348311419792,-0.8917936139127458,-0.6276254531005622,-0.6089061931676514,0.29945713003845276,-0.23390937804141698,-0.2526286379743278,-0.25667261715545175,-1.4754963660289993,-0.2401769891129808,-0.5823184572224739,-0.27921637391950527,25.63621140684399,-0.014428894733526931,-5.1077731625914655,-0.01884158283626114,9,27.863630165725795,34.62715137442078,0.37681133526447314,-0.09982496183920375,0.6130796000001044
361,361,Path I 23A,0.2,8284.0,99.78,I 23A,,,,I,23,48.0555555555555,1974.7712222222221,1977.904751,1977.904751,-1.7283212071638578,25.70853275872806,-1.6194676147911728,-5.042466138706192,1977.914565,1978.0268363055557,-1.6194676147911722,25.652385973966606,-5.096929081392651,-1.4885880020955147,25.58866295522624,-5.1587410468009915,-1.4675409257669552,25.632673773824976,-5.116050112652037,0.2942579290484316,0.21896933140710367,0.21240244115817725,-0.23973320506834317,0.11986980350182108,0.11627490809479912,-0.13730389386680408,0.06303319191377572,0.06114282648828221,-0.2607802813969027,0.07585898490308551,0.07358397394584415,1977-11-27 05:37:07.536001038,-0.868988179163857,-0.7613761341245056,-0.6351987986232932,-0.6051671607530662,0.29294559530157604,-0.23378938054056375,-0.26382101841079075,-0.1326118533760626,-1.4885036471351063,-0.23981756002875154,-0.5817587733735532,-0.28722940579030376,25.6349246159446,0.07360814278346339,-5.1199252440386775,0.07745910533248512,11,28.991991955237808,34.35936263273741,0.008066795072648722,-0.10675925321089835,0.8
362,362,Path I 24A,0.234,9393.0,113.087,I 24A,,,,I,24,48.1111111111111,1974.8267777777778,1978.119711,1978.119711,-1.4144082820676802,25.626842651061295,-1.461605687769459,-5.121706360044033,1978.083483333333,1978.1157354722225,-1.4616056877694588,25.587276469248053,-5.160085952064695,-1.479192094604807,25.578148745973508,-5.168939934918239,-1.4690149257603777,25.625372181510414,-5.123132730213083,0.2887539896660829,0.21634354095253475,0.2098553981593401,0.06478381253712673,0.048693905087787925,0.04723357487420543,0.025238961928463272,0.011492746852979963,0.011148079374858769,0.05460664369269752,0.0014704695508811483,0.0014263701690495623,1978-02-13 16:40:06.096001642,-0.5536053920676808,-0.6016470084361253,-0.6234685905214741,-0.6044739203576002,0.2867322798191401,0.0698631984537933,0.05086852828991939,0.029470750122908524,-1.5124328039944988,0.09802452192681854,-0.6140687305692959,0.060463338501615116,25.64802837485918,-0.021185723797884748,-5.131561647325538,0.00985528728150431,2,29.188573268394492,34.226727860612066,-0.09486673426235347,-0.14159855802909987,0.41904039999982984
363,363,Path I 25A,0.26,12909.0,155.946,I 25A,,,,I,25,48.1666666666666,1974.8823333333332,1978.225988,1978.225988,-1.242087574076839,25.426453997954802,-1.2582624637168767,-5.3160853574438605,1978.2091883333333,1978.2055062222223,-1.2582624637168764,25.450783345527622,-5.292485647004749,-1.492753852393445,25.56053946598547,-5.186021112599432,-1.47465812541201,25.618915372813895,-5.129395899216794,0.27792181758578105,0.20835170923682622,0.2021032414767839,0.25066627831660604,-0.13408546803066912,-0.13006424484442825,0.23064745721020766,-0.11241303910726923,-0.1090417720644415,0.23257055133517102,-0.19246137485909287,-0.1866894582270664,1978-03-24 11:39:17.567997342,-0.3823474540768381,-0.39835434705021017,-0.6346858865323345,-0.6078744194536766,0.2771103515841932,0.25233843245549636,0.22552696537683847,0.2324671074879857,-1.525967926247148,0.28388035217030905,-0.6282162915402523,0.24586883746341415,25.64496972169892,-0.21851572374411887,-5.138166979849776,-0.17791837759408402,3,29.49687958906866,33.94680178741514,-0.2886608607347297,-0.07433408445418718,0.03644320000014624
364,364,Path I 26A,0.198,10300.0,124.008,I 26A,,,,I,26,48.2222222222222,1974.937888888889,1978.281866,1978.281866,-1.1182915350061111,25.299053387566772,-1.1437128740065428,-5.4396652235263545,1978.2821983333333,1978.2993561388892,-1.1437128740065425,25.358851946331256,-5.381660023539218,-1.4947838157830011,25.5509009419457,-5.195370577303253,-1.489107787224441,25.61573818504948,-5.132477803120154,0.27932904074003906,0.20698727378014373,0.20077972543944678,0.37649228077689,-0.2518475543789265,-0.2442946462231017,0.3579381470844902,-0.19119213845283412,-0.18545828622063296,0.3708162522183298,-0.31668479748270784,-0.3071874204062004,1978-04-13 21:08:46.176001146,-0.25911019500611154,-0.2845348573398761,-0.6343098865607794,-0.6199476563772188,0.27686858857909863,0.3751996915546678,0.3608374613711073,0.3566254512141201,-1.5345583327213734,0.4162667977152623,-0.651862265887323,0.39275207088121145,25.641314492697468,-0.34226110513069585,-5.139829431927197,-0.29983579159915763,4,29.489729409820114,33.66153550362665,-0.415457630882042,-0.01388913253100418,-0.16471759999992228
365,365,Path I 27A,0.216,12341.0,149.126,I 27A,,,,I,27,48.2777777777777,1974.9934444444443,1978.338741,1978.338741,-1.0707595129366783,25.351048453472192,-1.1384965027977423,-5.3892294896474375,1978.3426523333335,1978.3963013611112,-1.138496502797742,25.35764271139468,-5.382832993520046,-1.5174153950966525,25.5386918464211,-5.207213522053069,-1.5049559501639,25.613780473869255,-5.134376802542083,0.28060926399984293,0.1968338126108155,0.19093076657058464,0.4466558821599742,-0.18764339294890675,-0.1820159675943689,0.3779049672980686,-0.18716486333517204,-0.18155178908375014,0.4341964372272218,-0.26273202039706334,-0.25485268710535447,1978-05-04 15:22:16.176000860,-0.21214692293667858,-0.27992302613107584,-0.6544851525688751,-0.6333941667055666,0.2770225230100701,0.4423382296321965,0.421247243768888,0.3735426814739946,-1.5451747594429106,0.47441524650623235,-0.6641847796007424,0.4520378566640638,25.637787220491692,-0.2867387670195001,-5.140125612325029,-0.24910387732240835,5,29.40744852900311,33.81065002330981,-0.3302542977991586,0.03451150192296154,-0.25648919999999314
366,366,Path I 28A,0.256,11865.0,143.105,I 28A,1.0,48.0,,I,28,48.3333333333333,1975.049,1978.40735,1978.40735,-1.226438460450438,25.422826293145075,-1.1092152835014415,-5.319604267386346,1978.4285743333332,1978.4948224444443,-1.109215283501441,25.49118610706951,-5.253294564281504,-1.5370051994077794,25.544829935822758,-5.201259513952566,-1.5108511835188116,25.616147745241054,-5.132080525638726,0.3147538242625936,0.20007178430735245,0.19407163149594328,0.31056673895734144,-0.12200364267768293,-0.11834475343377981,0.4308395751539727,-0.05118574708588497,-0.04965068653077983,0.28441272306837373,-0.1933214520959794,-0.18752374174762032,1978-05-29 16:23:09.599998463,-0.36851196045043744,-0.2515010268347745,-0.6716020836855574,-0.6368263089493672,0.3067128483528492,0.30309012323511997,0.26831434849892977,0.42312563432989897,-1.5665034347061055,0.3400649742556676,-0.6788622815242038,0.31035032107376637,25.63556247606709,-0.2127361829220149,-5.140398618307521,-0.17920564907882497,5,29.225058093982433,34.02920743847503,-0.19177757187881644,0.054331082258689094,-0.3
367,367,Path I 29A,0.202,10084.0,121.554,I 29A,,,,I,29,48.5,1975.2156666666667,1978.539632,1978.539632,-1.0304478771172076,25.699683574591266,-1.101922736076349,-5.0510499358107275,1978.5915486666665,1978.5977697222224,-1.1019227360763486,25.679676399828754,-5.070457095402109,-1.56574398146181,25.54359378022233,-5.202458597246537,-1.522569359279939,25.61527437876048,-5.1329276998585485,0.3313085163938319,0.19824389113226462,0.19229855683717587,0.5352961043446023,0.15608979436893478,0.15140866143580922,0.4579446748197213,0.13287694567616745,0.12889196607533826,0.4921214821627313,0.0844091958307871,0.08187776404782099,1978-07-16 23:10:34.751999471,-0.17384419711720744,-0.24583822274301514,-0.6977927472395882,-0.6459999253493836,0.3212827920309886,0.5239485501223807,0.4721557282321761,0.4460600789308331,-1.5770560045603685,0.5466081274431609,-0.6984319637019856,0.5245877665847781,25.629823622370758,0.06985995222050789,-5.146059564861366,0.09500962905063837,7,28.644226001304666,34.337225251468716,0.07461349022234232,0.020113511699747504,-0.3975583999998934
368,368,Path I 30A,0.2,9076.0,109.255,I 30A,,,,I,30,48.6666666666666,1975.3823333333332,1978.827664,1978.827664,-1.0488818706614014,25.916519331749928,-1.0500604918731051,-4.8407170830092525,1978.7835839999998,1978.7042965,-1.050060491873105,25.811085282021974,-4.942989165585867,-1.5768530518186212,25.551974646412678,-5.194329073233238,-1.5215184939563882,25.614740305282474,-5.133445756472944,0.3323251369999544,0.2007430180969024,0.19472273498414489,0.5279711811572199,0.3645446853372505,0.3536119902239854,0.5248118172029587,0.25902494175288737,0.251256783749717,0.4726366232949868,0.3017790264674538,0.29272867346369136,1978-10-30 02:20:11.903997269,-0.19515851066140055,-0.1958963318731046,-0.7063000740963994,-0.6423792696647215,0.32180789866098625,0.5111415634349988,0.4472207590033209,0.5084185495270335,-1.574690296105746,0.5258084254443447,-0.7159931864872556,0.5208346758258551,25.621895795336506,0.29462353641342176,-5.149567996909177,0.30885091389992425,10,28.516424159502815,34.93948854760299,0.373748368363258,-0.008629876973941464,-0.21360640000031128
369,369,Path I 31A,0.262,12039.0,147.021,I 31A,,,,I,31,48.8333333333333,1975.549,1978.983456,1978.983456,-1.0708517278407064,25.817052939724725,-1.1844161813013232,-4.937200477937619,1978.9679713333333,1978.8120366666667,-1.184416181301323,25.77817104407579,-4.974916305536042,-1.58201989394776,25.560612594172248,-5.185950177526975,-1.5238974633744082,25.61015351600572,-5.137894987939292,0.32977726260336737,0.19833190288471317,0.19238392911716914,0.5111681661070537,0.25644034555247686,0.24874969958935633,0.3957339139174661,0.2215894644724301,0.21494399643290052,0.45304573553370187,0.20689942371900472,0.20069451000167327,1978-12-25 23:04:28.415997881,-0.21868628784070576,-0.32989976996799125,-0.708851822864427,-0.6422024986105195,0.32044026758018274,0.4901655350237213,0.4235162107698137,0.37707291569524265,-1.5665718271200193,0.49572009927931293,-0.7030274352121755,0.4843411473714697,25.63466357324556,0.18238936647916404,-5.148372503301106,0.21117202536348678,12,29.421446131900954,34.97504776616927,0.1906451621254912,-0.022729949838677384,0.0
370,370,Path I 32A,0.202,9272.0,111.666,I 32A,,,48.0,I,32,49.0,1975.7156666666667,1979.092794,1979.092794,-1.433514945401862,25.60094086075272,-1.3455644757347416,-5.146831355661256,1979.0803919999998,1978.9218766388888,-1.3455644757347411,25.638725254599624,-5.110180115785819,-1.5815773398899866,25.557157498225155,-5.189301655146616,-1.5178540225951904,25.61014141881581,-5.137906722334478,0.3300785125896234,0.20188833028492542,0.1958336992596495,0.14806239448812453,0.043783362527562986,0.04247029948535985,0.23713414361198937,0.08054464745560708,0.07812911347841241,0.08433907719332834,-0.009200558063092501,-0.008924633326778064,1979-02-03 20:52:31.583997243,-0.5758545114018674,-0.4882690224014114,-0.7057661600288756,-0.633559708109079,0.32266711019148725,0.1299116486270082,0.05770519670721164,0.2186031889730974,-1.5738061701956418,0.14029122479377976,-0.6997521742262413,0.12389766282437387,25.642849751808566,-0.041908891055847164,-5.145572206291563,-0.0012591493696927358,2,29.22757058211072,34.441880654306956,-0.006627387702296525,-0.05185515275333819,0.061352799999859924
371,371,Path I 33A,0.258,11728.0,141.228,I 33A,,,,I,33,49.1666666666666,1975.8823333333332,1979.164926,1979.164926,-1.5323267539616563,25.49818196332143,-1.5636134140403202,-5.246508513758581,1979.158376,1979.0345100277777,-1.5636134140403197,25.50789192991245,-5.237089749065621,-1.584498624202446,25.556771729034647,-5.189675855119102,-1.5249358513408224,25.613487530477144,-5.134660960561863,0.3318858094981577,0.20242191400756146,0.1963512808064438,0.05217187024078962,-0.05858976571321861,-0.05683265863947895,0.019370838062607126,-0.050355434811613975,-0.04884527532161501,-0.007390902620833861,-0.1153055671557155,-0.1118475531967178,1979-03-02 04:45:06.335997574,-0.670266267961661,-0.7019524780403238,-0.7059986512302241,-0.6379042396602669,0.32281059479822805,0.035732383268563095,-0.03236202830139412,0.002514999016307103,-1.5735993846541292,0.04127263069247289,-0.6893133772730936,0.01904710931143261,25.64526118622475,-0.1470792229033222,-5.145845406517035,-0.10066310724154626,3,29.350072151845318,34.20870760732859,-0.13850559830505985,0.0021196913713083633,0.14791119999995128
372,372,Path I 34A,0.214,10084.0,121.548,I 34A,1.0,49.0,,I,34,49.3333333333333,1976.049,1979.217408,1979.217408,-1.724998542757442,25.424552965663214,-1.654146978812691,-5.317929377777027,1979.2214783333332,1979.1509018055558,-1.6541469788126903,25.49066866948795,-5.253796483909994,-1.582876792216349,25.5608128669124,-5.185755910966301,-1.5261336129159693,25.616361079748472,-5.131873589033186,0.33230529311181517,0.1989857786464052,0.19301819514476817,-0.142121750541093,-0.1362599012491863,-0.13217346681072595,-0.07697845345559966,-0.06979990098750595,-0.06770660195689142,-0.19886492984147264,-0.19180811408525855,-0.18605578874384054,1979-03-21 08:29:38.687999294,-0.8597366547574433,-0.7886368004793595,-0.7016376199107937,-0.6363071148465247,0.32403040892942153,-0.15809903484664967,-0.22342953991091863,-0.09270839379819396,-1.5799707864612555,-0.14502775629618636,-0.6822087446001929,-0.17752791015725045,25.645995647795754,-0.22144268213254037,-5.149415571555709,-0.16851380622131806,3,29.473704221299258,34.108307450454625,-0.21088472126642674,0.05077428093051003,0.21088960000004428
373,373,Path I 35A,0.26,12126.0,146.226,I 35A,,,,I,35,49.4444444444444,1976.160111111111,1979.282101,1979.282101,-1.7051156397189744,25.549271079479205,-1.801656157681977,-5.196951560194375,1979.315055,1979.2684556944446,-1.8016561576819765,25.571824748187467,-5.175074276010675,-1.5641301596524786,25.563821115479318,-5.182837879773905,-1.535732125232573,25.614124176218965,-5.134043407825844,0.3479522225644686,0.19687832777627098,0.19097394672622905,-0.1409854800664958,-0.014550036000112954,-0.014113680420469343,-0.23265468400808445,0.00745426422034375,0.007230710836375091,-0.16938351448640132,-0.06485309673976047,-0.06290815236853042,1979-04-13 23:12:17.136000361,-0.8359074787189738,-0.9304378026819751,-0.6801489489024788,-0.6430894420797952,0.3425382048543358,-0.15575852981649496,-0.19281803663917851,-0.24540628268400863,-1.584520078823598,-0.12059556089537637,-0.6740556458895994,-0.16185183282937432,25.64564360336319,-0.09637252388398565,-5.152768821963095,-0.04418273823127983,4,29.300024417050356,34.290176722047676,-0.09083400263006502,0.04455380016127856,0.2885211999999437
374,374,Path I 36A,0.216,9144.0,110.221,I 36A,,,,I,36,49.5555555555555,1976.2712222222221,1979.445656,1979.445656,-1.9748542905695143,25.741650199419983,-1.9012574364849286,-5.010341890060623,1979.4498936666666,1979.386302777778,-1.9012574364849284,25.730679821646415,-5.0209832662047615,-1.5599974691528495,25.568477469509652,-5.1783211698009435,-1.5286328513128113,25.607807006121405,-5.140171125992179,0.3488555417846568,0.19337194741343883,0.18757272271047784,-0.4148568214166648,0.1731727299103305,0.16797927974032056,-0.33719958699376273,0.15921025541177278,0.15443553985197442,-0.446221439256703,0.13384319329857775,0.12982923593155604,1979-06-12 15:56:47.616003124,-1.0956692745695082,-1.021813922818259,-0.6733079911806273,-0.6331767768683667,0.3441165178723207,-0.4223612833888809,-0.46249249770114154,-0.34443004607709327,-1.58853435144356,-0.3863199391259544,-0.65328293328273,-0.44238634128677823,25.635945634294806,0.10570456512517623,-5.157913826613385,0.14757193655276168,6,28.723559038164197,34.49597403707109,0.1285971631691958,0.03073310880448844,0.030425599999607977
375,375,Path I 37A,0.272,11939.0,145.707,I 37A,,,,I,37,49.6666666666666,1976.3823333333332,1979.621924,1979.621924,-2.0238023791662973,25.901118186040055,-1.8100927351215688,-4.855656348359286,1979.6022679999999,1979.503937611111,-1.810092735121568,25.88459543595178,-4.871683581172413,-1.5680459196681695,25.582110113714954,-5.165097368595358,-1.521507352170807,25.602957348816478,-5.144875342074524,0.3514897180603982,0.18936145840779453,0.1836825082701124,-0.4557564594981278,0.31900807232510076,0.309441020236072,-0.24957236878304703,0.30289985465118247,0.29381588801019315,-0.5022950269954904,0.2981608372235769,0.28921899371523807,1979-08-16 00:03:15.264001115,-1.1338650151662952,-0.9213543871215674,-0.6786946901403916,-0.6232893995180291,0.34585669617867676,-0.4551703250259036,-0.5105756156482661,-0.2501879626071202,-1.6000657613193892,-0.4237366178469082,-0.6616014609573329,-0.4722635542089624,25.622433781592154,0.2786844044479011,-5.160305337474254,0.30464898911496796,8,27.689685264205373,34.700797901996346,0.4482201337321206,-0.003961984810475769,0.19261760000007838
376,376,Path I 38A,0.204,9021.0,108.417,I 38A,,,,I,38,49.7777777777777,1976.4934444444443,1979.739224,1979.739224,-1.431621535628894,26.011017922395304,-1.6234981172705034,-4.749052505097332,1979.7387453333333,1979.6232976666668,-1.6234981172705034,25.88351225548669,-4.872734277055358,-1.5535177101945452,25.594499160677188,-5.153079869151519,-1.515682868747689,25.597868384975854,-5.149811687889569,0.35080150965028883,0.19113397668703155,0.18540186872615547,0.12189617456565127,0.4165187617181161,0.40402736405418693,-0.07063706061547403,0.29165515799286723,0.2829084198046609,0.08406133311879516,0.41314953741945004,0.4007591827922372,1979-09-27 19:36:08.063997536,-0.5345288716288987,-0.7264346519371707,-0.661496592222323,-0.6148032340949112,0.34514071193616697,0.12696772059342432,0.0802743624660125,-0.06559844599510423,-1.6046184206595622,0.17299688503066823,-0.6679023296578953,0.13337345802899658,25.62289027457477,0.3881276478205322,-5.1577080137932185,0.40865550869588674,9,27.932243241301308,34.53245569067378,0.3191033703598417,-0.027050318943914135,0.3741375999998597
377,377,Path I 39A,0.242,12005.0,144.808,I 39A,,,,I,39,49.8888888888888,1976.6045555555556,1979.855088,1979.855088,-1.4150704370163196,25.738400658024705,-1.4259868197031709,-5.013493977709455,1979.8545779999997,1979.7443992777776,-1.4259868197031704,25.776810049704,-4.97623648368662,-1.5370195401023738,25.59896201808932,-5.148750852833179,-1.5224284785812428,25.593565812200385,-5.153985226507505,0.3413004980129325,0.19303184955146926,0.18724282438338907,0.12194910308605422,0.13943863993538486,0.13525687512372375,0.11418083829779364,0.18222834567755677,0.17676331759068642,0.10735804156492312,0.14483484582432027,0.14049124879804964,1979-11-09 02:34:15.168000739,-0.5109100690163182,-0.5218575617031741,-0.6423173354634851,-0.6189756938867981,0.33394878129444844,0.13140726644716694,0.10806562487047988,0.12362292851075325,-1.6092263614184883,0.19415592440216867,-0.6838013399893451,0.17289127097302692,25.632430534827304,0.10597012319740173,-5.151417174786268,0.13792319707681244,11,29.0146296029289,34.4444177472519,0.04136131804196819,-0.04040455323293008,0.5
378,378,Path I 40A,0.202,9160.0,110.244,I 40A,,,49.0,I,40,50.0,1976.7156666666667,1979.969422,1979.969422,-1.431268486464299,25.581011568692,-1.4423726172021187,-5.166162968253072,1979.9479773333333,1979.8656979166667,-1.4423726172021183,25.588803110412076,-5.15860509486918,-1.5299657237059743,25.59028393331283,-5.157168681847221,-1.5151788416522651,25.589643978899574,-5.157789444027622,0.338425653549928,0.20126690089709967,0.19523090653916508,0.09869723724167523,-0.009272364620830587,-0.008994286405851426,0.08732222486966568,-0.0010495961695854799,-0.0010181187804594316,0.08391035518796608,-0.008632410207574992,-0.008373524225450346,1979-12-20 20:08:12.191996690,-0.5201337444643054,-0.5328308558687865,-0.6326275429559742,-0.6091953094717094,0.32995647697330016,0.11249379849166885,0.08906156500740403,0.0995339014159606,-1.60865248770545,0.17738400124115095,-0.6895283177477086,0.16939457328340324,25.642016411315097,-0.06100484262309891,-5.148730852642086,-0.01743211561098601,12,29.59260291937246,34.378659332149695,-0.11538409047758573,-0.05812033445414181,0.6
379,379,Path I 41A,0.206,8930.0,107.349,I 41A,,,,I,41,50.0833333333333,1976.799,1980.019422,1980.019422,-1.4807789281257373,25.44699710451953,-1.4740360548524876,-5.296158338645011,1980.019422,1979.9858077222225,-1.4740360548524871,25.458027004306512,-5.285459225552644,-1.5220992624070047,25.58031216834284,-5.16684139358576,-1.5169229478209365,25.581589238102556,-5.1656026231481365,0.3372750287941797,0.20842726227267652,0.2021765286770893,0.04132033428126736,-0.1333150638233107,-0.12931694505925062,0.04941874514446298,-0.12220207357565609,-0.11853723338912155,0.0361440196951992,-0.1345921335830269,-0.1305557154968744,1980-01-08 02:36:10.252802431,-0.5674487541257359,-0.5611543581858224,-0.6221493934347823,-0.608512622001492,0.32846562495771237,0.05470063930904634,0.04106386787575611,0.0623738645426094,-1.6048260026570864,0.12404707453134911,-0.6929966207711116,0.12554786664537565,25.643876196218066,-0.19687909169853768,-5.147337245781281,-0.1488210928637299,1,29.822421277985313,34.12753658129434,-0.2789493549201493,-0.038889565223310454,0.6
380,380,Path I 42A,0.22,9671.0,116.503,I 42A,,,,I,42,50.1666666666666,1976.8823333333332,1980.069422,1980.069422,-1.5100607499674263,25.346072339707995,-1.5696443078019309,-5.3940563697598485,1980.1121643333333,1980.1022525833332,-1.5696443078019306,25.401292477218544,-5.34049228417324,-1.5182994138778725,25.57009113199082,-5.176755901057586,-1.5142240434213907,25.574229941760926,-5.172741214192483,0.33565196478235093,0.21096645619052018,0.20463957216933704,0.008238663910446142,-0.22401879228282695,-0.2173004687022626,-0.04752916681523164,-0.17025436989532614,-0.16514844134216458,0.0041632934539643784,-0.22815760205293145,-0.2213151555673658,1980-01-26 09:48:10.252800992,-0.5958805759674257,-0.6547375141352642,-0.6158077317945391,-0.6034391227130577,0.32575647539668795,0.019927155827113352,0.007558546745631944,-0.03516775280597251,-1.5953702162360093,0.08530946626858293,-0.6961189353891308,0.10023835942170511,25.64437336069475,-0.2983010209867558,-5.145599101497756,-0.2484572682620927,1,29.76144376967145,34.00319558838613,-0.3214877571225359,-0.021018845798869732,0.566693600000023
381,381,Path I 43A,0.214,10215.0,123.087,I 43A,,,,I,43,50.25,1976.9656666666667,1980.247649,1980.247649,-1.7180932453126294,25.410807987428107,-1.7190064664973053,-5.331262144114859,1980.2284106666666,1980.2167647777778,-1.719006466497305,25.415054580968444,-5.3271429059148,-1.5259467466752208,25.564237241007948,-5.182434233849879,-1.5237217025820395,25.56398987427721,-5.182674182052364,0.33635279554637826,0.2122665230618618,0.20590065003520724,-0.19214649863740862,-0.15342925357984072,-0.14882791026498055,-0.18877314686825933,-0.15323733060245934,-0.1486417430576923,-0.19437154273058987,-0.15318188684910083,-0.14858796206249547,1980-03-31 15:20:55.737597164,-0.8008832123126309,-0.8021234851639717,-0.620752158758554,-0.6105588527903727,0.3261360172263019,-0.18013105355407688,-0.19032435952225824,-0.17719222308122226,-1.5915589225690132,-0.1265343227436162,-0.7035661043054882,-0.09731710800714277,25.640323854476108,-0.22951586704800064,-5.144756464409316,-0.18650567970554288,3,29.444131976841007,33.905554278562576,-0.29561775964844295,0.0023334996806297567,0.3471787999998975
382,382,Path I 44A,0.208,9698.0,116.854,I 44A,1.0,50.0,,I,44,50.3333333333333,1977.049,1980.368161,1980.368161,-1.9288654042118605,25.488283415769228,-2.010408228005329,-5.256110203869692,1980.3605403333333,1980.3341825833331,-2.010408228005329,25.55103931391922,-5.195236355105217,-1.5464537983340447,25.57054736171394,-5.176313353663859,-1.523183858687533,25.557663401430872,-5.188810923978043,0.3410245571086662,0.21142840824129425,0.20508767027810848,-0.38241160587781575,-0.08226394594471031,-0.07979685020583371,-0.465976084959467,-0.022700424392229007,-0.022019638664708612,-0.40568154552432745,-0.06937998566164438,-0.06729927989164963,1980-05-14 17:55:34.406403165,-1.0096066672118589,-1.091279042338662,-0.638233895695156,-0.6076429828958664,0.3298379749387844,-0.3713727715167029,-0.4019636843159925,-0.45510736841317073,-1.5804414722094786,-0.34842393200238186,-0.7035150636247443,-0.3060916035871146,25.625239990361408,-0.1369565745921797,-5.139826381111616,-0.11628382275807603,5,29.19482071441616,34.045790052302266,-0.17766319462910724,-0.06837553644637319,0.4917932000001127
383,383,Path I 45A,0.23,9416.0,113.385,I 45A,,,,I,45,50.5,1977.2156666666667,1980.465811,1980.465811,-2.384266034491497,25.754026538560325,-2.1875713896022195,-4.9983367173310995,1980.4863753333336,1980.4521717777777,-2.1875713896022195,25.68352790473827,-5.066721097124833,-1.56089588412832,25.58643461221246,-5.160902561807788,-1.5293320189556128,25.54968453339665,-5.196550505759914,0.3332955873087365,0.2119327313295339,0.20557686871693204,-0.823370150363177,0.16759192634786402,0.16256584447668843,-0.6259586273342631,0.09655452687188652,0.09365885661099653,-0.8549340155358842,0.2043420051636744,0.19821378842881465,1980-06-19 11:41:01.766400969,-1.4633472474914964,-1.2663030089355518,-0.6495289673227643,-0.6114104468306129,0.32338330713263413,-0.813818280168732,-0.8519368006608835,-0.6161203676398177,-1.5798195894345353,-0.8044464450569617,-0.7073647233858535,-0.7559825241056428,25.61584138606906,0.13818515249126406,-5.140021866921143,0.1416851495900433,6,28.4413404258053,34.35741662381779,0.12833442800760125,-0.06163514214643965,0.48205359999977726
384,384,Path I 46A,0.268,10955.0,131.824,I 46A,,,,I,46,50.6666666666666,1977.3823333333332,1980.625154,1980.625154,-2.2495827301033016,25.808273759885253,-2.1448775014824624,-4.945716370173706,1980.624629,1980.5720573888887,-2.1448775014824624,25.77292516172471,-4.980004863875415,-1.5774886043415046,25.603938159672747,-5.143923945735841,-1.5284642761570795,25.54962882678992,-5.19660454172551,0.3229044639085545,0.2178745817791542,0.21134052307156911,-0.672094125761797,0.20433560021250585,0.19820757556213486,-0.5709709090106934,0.1711332172268444,0.1660009320422112,-0.7211184539462221,0.2586449330953329,0.25088817155180365,1980-08-16 19:21:09.849602085,-1.3259551121033004,-1.2212588084824614,-0.6627850608692825,-0.6081603840043015,0.31460381487182637,-0.663170051234018,-0.7177947280989989,-0.5621330380940258,-1.5688852677112017,-0.6806974623920998,-0.7210897019314813,-0.6048654101718192,25.60374952315384,0.2045242367314124,-5.1366966320937,0.19098026191999384,8,28.023473319828707,34.32936207422446,0.20764064592857637,-0.07736695131446777,-0.00018480000007928976
385,385,Path I 47A,0.252,10909.0,131.406,I 47A,,,,I,47,50.8333333333333,1977.549,1980.782922,1980.782922,-1.800783739852589,25.75647518672855,-1.8546975747229835,-4.995961504121439,1980.754597,1980.6942927500002,-1.854697574722983,25.740791920695983,-5.011174429005689,-1.5833352889454826,25.615003061608387,-5.133190880209249,-1.5336095530214053,25.544480735968875,-5.2015982413028325,0.3182383749309934,0.21852781022985374,0.21197416120103235,-0.2174484509071064,0.14147212512016338,0.13722937608781027,-0.27202499706695216,0.13017040925135723,0.12626659867791043,-0.26717418683118366,0.2119944507596756,0.20563673718139341,1980-10-13 13:11:12.652803123,-0.8744740658525872,-0.9288694257229829,-0.6650632829732603,-0.6109073128408495,0.3127031537059438,-0.2094107828793269,-0.2635667530117377,-0.26453134218732227,-1.5729593424868167,-0.2278243973657723,-0.7274400392062774,-0.14703402664630982,25.602273096767306,0.1542020899612453,-5.145278119338693,0.1493166152172538,10,28.369189946972146,34.31929753035798,0.12705395666408048,-0.024930646954041548,-0.010493599999953418
386,386,Path I 48A,0.24,10477.0,126.25,I 48A,,,50.0,I,48,51.0,1977.7156666666667,1980.855715,1980.855715,-1.5137262542130598,25.657626815474146,-1.5566655395502735,-5.0918454127219235,1980.8664176666668,1980.815868,-1.5566655395502733,25.57017933006117,-5.176670348047363,-1.5871938396811065,25.612923313052743,-5.13520825710571,-1.5324874065176293,25.542745807710705,-5.203281139062539,0.3121266610475419,0.2180546366706552,0.2115151781168741,0.07346758546804666,0.04470350242140242,0.043362844383786125,0.02845489548188344,-0.03933534808611583,-0.038155680997013164,0.01876115230456943,0.11488100776344012,0.11143572634061538,1980-11-09 04:36:02.015997417,-0.5861790992130612,-0.6289364392169398,-0.6651659067644397,-0.6073847641704071,0.312537900632638,0.07898680755137844,0.021205664957345882,0.03410080299114293,-1.5753688845517542,0.061642630338694326,-0.7418483448447569,0.1556692456316957,25.607061100174036,0.05056571530010956,-5.1528645858152355,0.06101917309331206,11,29.03188047019526,34.37221548485964,0.005075113741203258,0.0016283244648857362,0.07685799999988091
387,387,Path I 49A,0.262,10739.0,129.433,I 49A,,,,I,49,51.1111111111111,1977.8267777777778,1980.960616,1980.960616,-1.355486624585172,25.296435987980818,-1.5679710477460072,-5.4422041272987265,1980.9592743333333,1980.931157777778,-1.567971047746007,25.410745360789196,-5.331322892580868,-1.5848321764698818,25.60061765978073,-5.147144863836091,-1.533408352876556,25.54301810951832,-5.20301700358613,0.31660560698057494,0.21287060594387483,0.20648661647158909,0.22934555188470984,-0.3041816717999133,-0.2950592634626359,0.019654953470385223,-0.19137338356102754,-0.1856340957880326,0.17792172829138408,-0.2465821215375037,-0.23918712371259687,1980-12-17 14:03:03.398402300,-0.4261561525851707,-0.6386838814126735,-0.6588825368865483,-0.6058471371682227,0.32430920818377373,0.2327263843013776,0.179690984583052,0.022909395516681363,-1.5740245537546773,0.21853792916950532,-0.7528750004005761,0.3267188478154054,25.612407502761783,-0.31597151478096563,-5.1576521066729235,-0.284552020625803,12,29.661821211505515,34.41392122467865,-0.11474426548610045,-0.017814757530967652,-0.008217600000519782
388,388,Path I 50A,0.206,8690.0,104.657,I 50A,,,,I,50,51.2222222222222,1977.937888888889,1981.061492,1981.061492,-1.8347002644397894,25.278173278912636,-1.5537239214526082,-5.459919137721954,1981.0826953333335,1981.0480483333336,-1.553723921452608,25.346742070853878,-5.393406723851026,-1.5908519874981883,25.592815260217208,-5.154713269436706,-1.5353088457258057,25.54056015527861,-5.205401243778199,0.3085105327128692,0.20983697394925827,0.20354396310049058,-0.24384827694160105,-0.31464198130457177,-0.3052058682852481,0.03600529107895397,-0.25148679567542703,-0.2439447066731232,-0.29939141871398367,-0.2623868763659729,-0.25451789394375535,1981-01-23 10:40:11.712001383,-0.9037163924397886,-0.6224139241192744,-0.660731387137077,-0.6052264044619169,0.3219088371137453,-0.2429850053027116,-0.29848998797787174,0.03714255384747237,-1.580005092020248,-0.2546951724195414,-0.7585672514502466,-0.145149140989542,25.616890640013047,-0.33871736110041084,-5.159726396768542,-0.3001927409534124,1,29.795746347175303,34.19958549954976,-0.24065886789304972,0.04245664580784433,-0.3475807999999666
389,389,Path I 51A,0.228,10943.0,133.41,I 51A,1.0,51.0,,I,51,51.3333333333333,1978.049,1981.225978,1981.225978,-1.470984875332863,25.46561694566819,-1.4219152083525797,-5.278096906532397,1981.2008493333333,1981.1712666111114,-1.4219152083525792,25.408481554678335,-5.333518807146468,-1.5935034736266158,25.601253679589988,-5.146527918260912,-1.5328969141754891,25.541068135714692,-5.204908497675392,0.30752829101327256,0.21618523859798322,0.20970184329240135,0.12251859829375289,-0.1356367339217961,-0.13156898827148567,0.17083619692787214,-0.1925992497575019,-0.186823198257275,0.061912038842626194,-0.07545119004650047,-0.07318840885700517,1981-03-24 11:34:02.207998138,-0.5373692273328639,-0.4887016190192459,-0.6590555098766153,-0.6001965849671557,0.32251980152162724,0.12168628254375147,0.06282735763429181,0.16959601295564963,-1.5863904949820486,0.11540561964918572,-0.75439630851007,0.21702708117720615,25.62298799128583,-0.15737104561763715,-5.156363835043998,-0.12173307148839907,3,29.11197703306277,34.30296226007001,-0.043710083751043474,0.012767381892030244,-0.4788264000000184
390,390,Path I 52A,0.216,10010.0,120.592,I 52A,,,,I,52,51.4666666666666,1978.1823333333334,1981.315078,1981.315078,-0.9600604852850865,25.48165443945418,-1.281560789205293,-5.262540377185051,1981.3273586666667,1981.2967131111109,-1.2815607892052927,25.48479374995304,-5.259495214608048,-1.5938987547165508,25.609173473500316,-5.1388456389699595,-1.529397734508139,25.54468085870107,-5.2014041202513726,0.3074565478911365,0.21751972477665246,0.21099630823057267,0.6338382694314644,-0.12751903404613785,-0.12369473821509125,0.31116767526747763,-0.12261266864239435,-0.11893551470980886,0.5693372492230526,-0.06302641924689212,-0.06113625693367819,1981-04-26 00:04:59.808002681,-0.02501923728508515,-0.3463230505386263,-0.6551059989109945,-0.594046039855361,0.3232483397665508,0.6300867616259094,0.5690268025702758,0.3076181972952546,-1.5863992359276091,0.6263387506425226,-0.7432566237890975,0.7182373865040124,25.620649643083734,-0.13899520362955542,-5.15274318627854,-0.10979719090651052,4,29.366475070757367,34.297295769102,-0.10224957026073624,0.022409427582377246,-0.3719063999999634
391,391,Path I 53A,0.23,11521.0,140.66,I 53A,,,,I,53,51.6,1978.3156666666666,1981.44102,1981.44102,-1.4136370069979294,25.50710986473676,-1.3980052314029043,-5.237848360106696,1981.4396120000001,1981.422893,-1.3980052314029041,25.58490423492655,-5.1623870430788985,-1.5907831650751447,25.611792102696008,-5.136305542463846,-1.5199183656410318,25.550829406740302,-5.195439967167841,0.3066573506956642,0.21579425241724293,0.20932258278722168,0.17714615807721534,-0.10468223795924914,-0.10154281764284967,0.18738376654809197,-0.024903977771376873,-0.02415710747801203,0.1062813586431024,-0.043719542003543665,-0.04240839293885479,1981-06-10 23:20:06.719999382,-0.47658068699792966,-0.46097143940290364,-0.6476622347140328,-0.5818168048771427,0.32148211412246525,0.17108154771610318,0.10523611787921305,0.18130789494623992,-1.583999336494181,0.17036232949625152,-0.7268448108018792,0.2502641238039496,25.602788600504923,-0.0956787357681641,-5.15048731938681,-0.08736104071988571,6,29.20626416087616,34.33072029602297,-0.05196213655316474,-0.001860284647798835,-0.3
392,392,Path I 54A,0.222,10427.0,125.43,I 54A,,,,I,54,51.7333333333333,1978.449,1981.562738,1981.562738,-1.8203182019256974,25.765948400588705,-1.5164670464788716,-4.98677239194495,1981.5623346666669,1981.5495733888893,-1.5164670464788712,25.703609557129454,-5.047241693488857,-1.5714850740612933,25.60845906189745,-5.139538625368854,-1.5094646423384244,25.55651667447614,-5.1899232605914,0.32079096187754474,0.2177056892562939,0.2111766956354697,-0.24883312786440404,0.15748933869125636,0.15276623342390483,0.05862282938775406,0.09714199564269066,0.09422870719336658,-0.310853559587273,0.209431726112566,0.2031508686464507,1981-07-25 09:35:05.568002563,-0.8813143939256961,-0.5774696918122042,-0.6240697694224037,-0.5685274974078686,0.33801240937164934,-0.25724462450329244,-0.31278689651782754,0.05032713762849458,-1.5786626646189135,-0.2416555373067839,-0.7110354962057999,-0.17027889771989624,25.59542785872913,0.17052054185957388,-5.148958477091786,0.1621860851468364,7,28.352477855205127,34.38124803314374,0.15860833249493478,-0.030668270259322526,-0.2747143999999705
393,393,Path I 55A,0.246,11334.0,136.56,I 55A,,,,I,55,51.8666666666666,1978.5823333333333,1981.683246,1981.683246,-1.3154459305129877,25.8377704060629,-1.5259382707286537,-4.917104328414926,1981.680642,1981.6841494166665,-1.525938270728653,25.78673229923574,-4.966611802418337,-1.5630013884634384,25.599151519866837,-5.14856703421397,-1.5037342426294145,25.560449901140473,-5.186107991394731,0.31378050451747663,0.21900743395390923,0.2124394010096036,0.24755545795045064,0.23861888619606475,0.2314627057990446,0.03252413861222111,0.18712265979311127,0.18151085122591523,0.18828831211642671,0.27732050492242877,0.2690036629798058,1981-09-07 09:14:05.856001694,-0.37451399451298695,-0.5850479987286531,-0.6116584841856603,-0.5598899494210811,0.3282636911476624,0.23714448967267332,0.1853759549080941,0.02222466060296165,-1.5718854458922815,0.25643951537929377,-0.6720010930882196,0.2974870985752327,25.589343081559612,0.24842732450328953,-5.141927852986327,0.2248235245714012,9,28.19404876759242,34.50675859781146,0.24994246876358184,-0.026598126374397,-0.2
394,394,Path I 56A,0.224,9736.0,117.21,I 56A,,,51.0,I,56,52.0,1978.7156666666667,1981.795942,1981.795942,-1.4420506797472759,25.756478091055623,-1.432895698474092,-4.995958686895136,1981.809004,1981.8193734722222,-1.4328956984740915,25.616926076651424,-5.1313255363873544,-1.5409007654978923,25.59121833656361,-5.1562623013499325,-1.493324007615858,25.562477181247154,-5.184141509418449,0.30836996635614417,0.2128424949011117,0.20645934847899852,0.09885008575061649,0.1652597544920127,0.16030361445479624,0.11953193544931946,0.026216949669979783,0.02543070334937732,0.051273327868582186,0.1940009098084694,0.18818282252331286,1981-10-18 12:27:06.911998995,-0.49931560774727635,-0.48995163447409124,-0.5860897243867808,-0.5464402862964135,0.3222190808668182,0.0867741166395044,0.047124678549137156,0.10776865145857865,-1.5700376678747199,0.12798698812744402,-0.6571354037356162,0.15781979598833984,25.591290560581832,0.16518753047379064,-5.142566741891114,0.14660805499597807,10,28.83626472686495,34.53039909194227,0.1192931936639626,0.00355592638334565,-0.10513039999987553
395,395,Path I 57A,0.208,5191.0,59.562,I 57A,,,,I,57,52.1111111111111,1978.8267777777778,1981.947824,1981.947824,-1.5411904851620117,25.25652973283574,-1.4719073044294537,-5.4809135938520015,1981.9289840000001,1981.9552123333333,-1.4719073044294533,25.42526893236074,-5.317234882920754,-1.5533807478089028,25.58175752451388,-5.165439383646293,-1.4797316299840373,25.562503274289067,-5.184116198906861,0.3128793654951932,0.20088289439582424,0.19485841639286283,0.012190262646891048,-0.3252277916781381,-0.31547421020570887,0.07673540575005999,-0.15840345894522065,-0.15365293921145393,-0.06145885517797445,-0.30597354145332645,-0.29679739494514035,1981-12-12 22:56:17.664002597,-0.5960253011620105,-0.5265541190961184,-0.595412649225569,-0.5296549417757039,0.32552308843169653,-0.000612651936441444,-0.06637035938630653,0.06420172738895029,-1.558958479317666,0.017767994155654332,-0.6203917582282418,0.024366457066231306,25.602844842812083,-0.3463151099763415,-5.144203080397009,-0.33671051345499237,12,30.03859787242285,34.27607374479702,-0.25966650572636685,0.035683888014044894,-0.11261119999982167
396,396,Path I 58A,0.216,9437.0,108.588,I 58A,,,,I,58,52.2222222222222,1978.937888888889,1982.043186,1982.043186,-1.4324807483790736,25.26279897319087,-1.5217326312187283,-5.474832368015125,1982.0292586666667,1982.0894665277779,-1.521732631218728,25.28663471869395,-5.451711456519678,-1.5516466172317458,25.578041312840405,-5.169044146131676,-1.4698922084230193,25.565558894822964,-5.181152216432778,0.31383938369442405,0.19913212569611896,0.19316015324646135,0.11916586885267222,-0.3152423396495365,-0.3057882218834491,0.02836245497694086,-0.291470067417098,-0.2827288800952597,0.03741146004394569,-0.3027599216320951,-0.29368015158234684,1982-01-16 18:18:33.696003317,-0.4843214483790683,-0.5736783698853947,-0.5907651658428565,-0.5164069862146858,0.32794929308047743,0.10644371746378822,0.03208553783561752,0.01565638359731077,-1.5512341311773783,0.11875338279830472,-0.5935701134963967,0.10924866511732834,25.60954582755126,-0.34674685436039,-5.1467291746524575,-0.3281031933626677,1,29.975008151279418,33.99896809399218,-0.37037430678836,0.04116177770240756,0.0018232000000369436
397,397,Path I 59A,0.26,10736.0,123.346,I 59A,1.0,52.0,,I,59,52.3333333333333,1979.049,1982.096766,1982.096766,-1.5915266601150995,25.34057545005525,-1.5712398904221312,-5.399388407691905,1982.1273673333333,1982.2263938611109,-1.571239890422131,25.339825666308034,-5.400115705424541,-1.5452578935463586,25.57451552097887,-5.172464199495284,-1.4651238392575716,25.566692832854688,-5.180052285202622,0.31866377088577547,0.2001988599984391,0.194194896187055,-0.046268766568740904,-0.23394007092361946,-0.22692420819662118,-0.02251972275010483,-0.2344636574811716,-0.22743209239331139,-0.12640282085752785,-0.22611738279943694,-0.21933612248928291,1982-02-05 07:40:12.575996489,-0.6406883601151051,-0.6188715237554642,-0.581826445379691,-0.5080467097714604,0.33425432135381544,-0.058861914735414134,-0.13264165034364472,-0.0335377683797348,-1.5470476843308203,-0.04447897578427917,-0.5689088320232076,-0.07177952809189747,25.6141365615241,-0.27356111146884743,-5.148336031595457,-0.2510523760964478,2,29.828055508828687,34.06520857744187,-0.30823650882693054,0.09255746115544752,0.06611919999983558
398,398,Path I 60A,0.274,10910.0,125.543,I 60A,,,,I,60,52.5,1979.2156666666667,1982.24215,1982.24215,-1.689712262772221,25.41610257567799,-1.7538601188939422,-5.326126340566592,1982.2639816666667,1982.3659755833332,-1.753860118893942,25.470098789701257,-5.273749473001882,-1.549255992237975,25.570311137548348,-5.176542493466728,-1.456478728426371,25.5613356610857,-5.18524879539026,0.318734582137006,0.2044965984589222,0.19836374547110874,-0.14045627053424603,-0.1542085618703588,-0.14958384709986383,-0.2041256393756196,-0.10065685733079614,-0.09763815817944514,-0.23323353434585004,-0.1452330854077104,-0.14087754517633222,1982-03-30 09:14:02.400001193,-0.7316047627722191,-0.7946610355606097,-0.5834096549046409,-0.49569303020414845,0.3343192496665455,-0.14819510786757817,-0.23591173256807063,-0.21077172911636224,-1.5369334144616218,-0.15277884831059918,-0.547003345259318,-0.18460141751290104,25.616272072495452,-0.20016949681746254,-5.154217049406941,-0.17190929115965137,3,29.40642874778107,33.98375947951351,-0.2521307076487249,0.11236699727665654,0.32174000000018765
399,399,Path I 61A,0.228,9207.0,106.001,I 61A,,,,I,61,52.6666666666666,1979.3823333333332,1982.453029,1982.453029,-1.9803414337945058,25.653618343370535,-1.7694201067222475,-5.095733670747148,1982.4082186666667,1982.5075214722222,-1.7694201067222473,25.646905108187358,-5.102245576007178,-1.5546895527706337,25.567440282568946,-5.179327251505297,-1.4512922419129468,25.557190084714513,-5.189270045926077,0.3197131113842191,0.2084223215912525,0.2021717361667011,-0.4256518810238721,0.08617806080158985,0.0835935807581496,-0.21757695785535622,0.07951268117624959,0.07712809586777454,-0.529049191881559,0.09642825865602234,0.0935363751789291,1982-06-15 08:32:02.544000473,-1.011689983794505,-0.8030091733889128,-0.5864318190484109,-0.4867373979823912,0.3349264066111626,-0.4252581647460941,-0.5249525858121138,-0.21940332232757767,-1.540136232677442,-0.44020520111706385,-0.5089513634561973,-0.5027386203383077,25.606525376853366,0.04709296651716954,-5.1629773982384055,0.06724372749125784,6,28.873413492728808,34.25068128829937,-0.014752539900322548,0.030314847246677344,0.7
400,400,Path I 62A,0.208,8658.0,99.369,I 62A,,,,I,62,52.8333333333333,1979.549,1982.529477,1982.529477,-1.638206623600016,25.870994405513557,-1.7622151660019487,-4.884876716707794,1982.5457096666667,1982.647925777778,-1.7622151660019485,25.835262970308793,-4.919536566170766,-1.5515839015920652,25.56442586091604,-5.182251270652832,-1.4537517780849802,25.55510218929888,-5.191295325358194,0.3186216373365979,0.21151425152073292,0.2051709391175967,-0.08662272200795074,0.3065685445975177,0.29737455394503787,-0.21304113360952445,0.27108184902306576,0.26295210437086336,-0.18445484551503566,0.315892216214678,0.30641860865040016,1982-07-13 06:13:06.672001343,-0.6657327736000138,-0.788929682668616,-0.5809760792309534,-0.48529394182109126,0.33292702307972455,-0.08475669436906041,-0.18043883177892256,-0.2103484695447112,-1.5422168437976884,-0.09598977980232748,-0.5024764676754034,-0.16325630592461038,25.60322370509977,0.2677707004137879,-5.165219647967567,0.2803429312597734,7,28.077459169114928,34.56166794695915,0.3003013979236795,-0.0653315604156851,0.7853723999999869
401,401,Path I 63A,0.236,10218.0,117.332,I 63A,,,52.0,I,63,53.0,1979.7156666666667,1982.654623,1982.654623,-1.6680974406113243,25.981176162042292,-1.5810743901349944,-4.777999311057357,1982.6639743333333,1982.7869657222222,-1.5810743901349944,25.89111111012801,-4.865363312064727,-1.5412486428145735,25.560677220372202,-5.18588748946676,-1.4610439029503663,25.556129677066853,-5.190298651948383,0.3119996142064193,0.21408253839808883,0.207662203071501,-0.12684879779675073,0.4204989416700897,0.4078881784094026,-0.0434890910306552,0.3312675104462362,0.3213327978079536,-0.2070535376609579,0.4250464849754394,0.4122993408910256,1982-08-27 22:29:50.927996889,-0.6893662906113293,-0.6018756734683272,-0.5683357410923505,-0.48861670224203313,0.32472564244955576,-0.12103054951897874,-0.20074958836929613,-0.037198838586210904,-1.542999098009063,-0.12509834260226116,-0.4981384157292436,-0.19122787488208565,25.60230104761006,0.3788751144322333,-5.166623175418018,0.3886238643606612,8,27.59787768227283,34.91581203376198,0.5651741188246772,-0.11052897769333594,1.27773799999957
402,402,Path I 64A,0.222,10109.0,116.255,I 64A,,,,I,64,53.1111111111111,1979.8267777777778,1982.807823,1982.807823,-1.4369191061936435,25.821162762828184,-1.4247907501348795,-4.933213908429032,1982.792929,1982.9287598333333,-1.424790750134879,25.809050517152855,-4.94496290785656,-1.5199233529063791,25.554427717757083,-5.191949569498452,-1.4676576310157277,25.556311310176632,-5.190122466015565,0.27700710364507825,0.21154582827565097,0.2052015688856346,0.08300424671273565,0.26673504507110124,0.25873566106942025,0.09609162329910499,0.2555596405379544,0.24789540691822007,0.030738524822084168,0.26485145265155197,0.2569085575865335,1982-10-22 20:31:46.128003109,-0.4505279561936386,-0.43914430013487776,-0.5447186843230454,-0.49121318405739434,0.2864321242454457,0.09419072812940676,0.040685227863755724,0.10654780115095774,-1.5448654329436615,0.10794632675001803,-0.48252488755420264,0.03199693136056403,25.60908084847206,0.21208191435612278,-5.167886919873387,0.2346730114443556,10,28.19555513743924,34.84280753867483,0.4008330992566724,-0.1371650448396431,2.03877520000009
403,403,Path I 65A,0.208,9735.0,111.919,I 65A,,,,I,65,53.2222222222222,1979.937888888889,1982.916341,1982.916341,-1.1693557035996704,25.624812626588085,-1.1900456016168757,-5.123675504083291,1982.9007533333333,1983.0714704166667,-1.1900456016168752,25.63983040112463,-5.109108112605099,-1.5014751245810003,25.545367691715413,-5.200737885359128,-1.4688235612919998,25.558152308581068,-5.188336679153278,0.24757631332921387,0.20730542791667547,0.2010883381334241,0.33211942098132985,0.07944493487267223,0.07706238127583731,0.31312781128446326,0.09539294163088503,0.09253210731137547,0.2994678576923293,0.06666031800701688,0.06466117506998703,1982-12-01 11:08:49.776003223,-0.17753865359966536,-0.19900793495020486,-0.5240218784421109,-0.48828697655588865,0.2533813248238475,0.34648322484244554,0.3107483229562233,0.32672873738631864,-1.537586010557874,0.3682303069582036,-0.46809708944986406,0.2905584358501987,25.61691540856963,0.007897218018456442,-5.169197464550708,0.04552196046741663,12,29.393105191216833,34.71925000604133,0.08177120131587029,-0.1403251287725079,2.2
404,404,Path I 66A,0.254,11385.0,131.036,I 66A,1.0,53.0,,I,66,53.3333333333333,1980.049,1982.978096,1982.978096,-0.9638619950573131,25.473515813957615,-1.1402608745055758,-5.270434925302972,1983.0286510000003,1983.2139626944445,-1.1402608745055756,25.544831665327834,-5.2012578363153485,-1.488121761216637,25.533516969008733,-5.212233204891841,-1.4703313321156668,25.554520467052615,-5.191859601754292,0.24390845323453728,0.20708658975390132,0.2008760629271513,0.524259766159324,-0.06000115505111836,-0.05820172041113114,0.35120369136208734,0.010062236798316823,0.00976047031673577,0.5064693370583537,-0.08100465309500038,-0.07857532354868013,1982-12-24 00:07:15.456001591,0.031042804942689406,-0.14391358183890565,-0.5084694542444145,-0.48559131960177776,0.24838978965760264,0.5395122591871039,0.5166341245444672,0.36786434621394215,-1.5268197858010215,0.5629577907437084,-0.45926302751856707,0.4903058324612565,25.61807558952212,-0.14455977556450605,-5.175566292515534,-0.09486863278743751,12,30.131582186242166,34.549036204699675,-0.15728993782512088,-0.1493309113771984,2.2
405,405,Path I 67A,0.218,10203.0,117.533,I 67A,,,,I,67,53.6666666666666,1980.3823333333332,1983.191516,1983.191516,-1.287564924859744,25.5361665554378,-1.2601317886474346,-5.209663079559782,1983.2327546666668,1983.3596505833334,-1.2601317886474341,25.63813544252278,-5.110752239398475,-1.484796811805352,25.525423624864402,-5.220083829645283,-1.4720645620571997,25.547345359016564,-5.198819528300344,0.24436487448268124,0.20778982225252252,0.2015582054831387,0.197231886945608,0.010742930573396592,0.01042075008550114,0.2271878528804371,0.11050097378771895,0.1071870495838277,0.18449963719745566,-0.01117880357876544,-0.01084355125943759,1983-03-11 21:40:48.576002914,-0.28524489685974097,-0.2565750073140996,-0.5028424514720183,-0.4830435273210886,0.2488731194894806,0.21759755461227737,0.1977986304613476,0.2487578442230306,-1.5103074979971758,0.22274257313743173,-0.42992144464025667,0.1446765477805157,25.608635006693316,-0.07246845125551715,-5.192889371027811,-0.016773708531970577,3,29.44878083836364,34.33600637604309,-0.10293706681286907,-0.22631064436005272,1.5807231999992661
406,406,Path I 68A,0.216,9359.0,107.518,I 68A,,,53.0,I,68,54.0,1980.7156666666667,1983.528652,1983.528652,-1.5289684460252462,25.904723958172934,-1.4543634146947684,-4.8521587133326705,1983.4670560000002,1983.5057615,-1.4543634146947682,25.7413950192346,-5.010589417392247,-1.4890403515616253,25.523962812332055,-5.221500832409784,-1.472921060524282,25.542338329747825,-5.203676396761313,0.24337963049772562,0.20962243208143905,0.2033358553432862,-0.03992809446362089,0.3807611458408786,0.3693421190771131,0.03068070781040159,0.21647802603753283,0.20998585003666825,-0.05604738550096422,0.362385628425109,0.35151768342864287,1983-07-12 22:59:29.471998911,-0.5155229300252473,-0.4429505666947673,-0.5046866488949582,-0.4795993256215042,0.24853437821300683,-0.010836281130289116,-0.03592360440374309,0.05769063966225385,-1.5042707885585205,-0.024697657466725698,-0.4322428156221308,-0.0832801144031165,25.576929462838045,0.3277944953348886,-5.205588645978113,0.35342993264544287,7,27.93708941037343,34.28544486178241,0.20688235997698565,-0.3779789402233146,0.3624704000004158
407,407,Path I 69A,0.216,8878.0,101.978,I 69A,,,,I,69,54.0833333333333,1980.799,1983.681,1983.681,-1.546556873199315,25.78329454409306,-1.5627875449637942,-4.969946459284291,1983.6565120000002,1983.6534695833334,-1.562787544963794,25.735614039658046,-5.016197025391299,-1.4812952041485323,25.525364542394737,-5.220141140231681,-1.4707787319672379,25.538978002462606,-5.206935947831246,0.2364018434196472,0.208095050186279,0.20185427963116181,-0.06526166905078257,0.25793000169832325,0.2501946809473905,-0.08070280079376535,0.20965530458586792,0.20336774200133748,-0.07577814123207705,0.2443165416304538,0.23698948854695523,1983-09-06 13:33:36.000001263,-0.5280838731993136,-0.5451226489637936,-0.49439451870408724,-0.4732778356755712,0.23902789153262613,-0.033689354495226365,-0.05480603752374241,-0.049944106497469144,-1.49051775562604,-0.056039117573274844,-0.47037503104791745,-0.057708842151396156,25.562329695862143,0.220964848230917,-5.211777900980954,0.2418314416966636,9,27.93356294659708,34.00285535883076,0.0804929166519604,-0.27219889376044376,-0.36880000000043656
408,408,Path I 70A,0.214,9504.0,109.525,I 70A,,,,I,70,54.1666666666666,1980.8823333333332,1983.759884,1983.759884,-1.6128373156668219,25.518823616708143,-1.3899261840288208,-5.226485903556934,1983.7611596666668,1983.7986461944445,-1.3899261840288206,25.57713325717745,-5.169924969205302,-1.475918676799929,25.52854885048974,-5.217052329536443,-1.468198847254932,25.538216115961635,-5.207674985356055,0.23883157331790172,0.20803173351545726,0.20179286182729814,-0.13691863886689282,-0.009725233781598064,-0.009433574020491164,0.08771396683052794,0.046549560215530285,0.04515353890466519,-0.14463846841188976,-0.019392499253491735,-0.0188109182008791,1983-10-05 08:35:01.824001778,-0.59176114366682,-0.36880791502881904,-0.48645445979992835,-0.46661248407437633,0.24228494461130723,-0.10530668386689163,-0.12514865959244365,0.11930329808978829,-1.468978371984477,-0.14385894368234498,-0.4862674043325599,-0.1054937393342601,25.55760479280446,-0.03878117609631815,-5.210996739415837,-0.015489164141097689,10,28.541000093390625,33.71929179994057,-0.18074686382504185,-0.1938061036848303,-0.6855824000001384
409,409,Path I 71A,0.266,11707.0,134.882,I 71A,,,,I,71,54.25,1980.9656666666667,1983.842595,1983.842595,-1.010384363220326,25.429281610731145,-1.4308877626446301,-5.313342544774681,1983.9642906666668,1983.9466605833331,-1.4308877626446297,25.451561304585734,-5.291731018938794,-1.475706571629585,25.53783769800128,-5.208042054561777,-1.4589027780696726,25.54178848137839,-5.204209755178145,0.23930571396454856,0.2132775133705308,0.206881320744519,0.465322208409259,-0.10855608727013433,-0.10530049021290377,0.039297925339874196,-0.08541950472548383,-0.0828577737787688,0.4485184148493466,-0.11250687064724474,-0.1091327895965355,1983-11-04 13:07:55.920002330,0.013421271779676447,-0.40906762597796203,-0.48348466085180675,-0.45334030716689483,0.24867358186715144,0.4969059326314832,0.4667615789465713,0.06882774878431942,-1.4422104965847657,0.43182613336443976,-0.49813834193123885,0.5115596137109153,25.55407754570215,-0.12479593497100439,-5.209665162179038,-0.10367738259564252,11,29.049354269991746,33.710339744481644,-0.29661320979804057,-0.14251298248949296,-0.9222280000001066
410,410,Path I 72A,0.218,9487.0,109.059,I 72A,1.0,54.0,,I,72,54.3333333333333,1981.049,1984.290393,1984.290393,-1.6694416090467428,25.406578686317907,-1.3026686415579019,-5.335364608484767,1984.2076593333331,1984.0971125277777,-1.3026686415579016,25.48379462805765,-5.260464372837796,-1.458931815523999,25.544555879442626,-5.201525351381855,-1.4449853590256059,25.54324006210098,-5.202801707361426,0.2637029645743289,0.2160727972790786,0.20959277408864996,-0.2105097935227438,-0.13797719312471912,-0.13383925710291145,0.15535167602351266,-0.056599793945646105,-0.054902366125217185,-0.2244562500211369,-0.13666137578307413,-0.13256290112334046,1984-04-16 06:48:43.603199828,-0.6488630060467426,-0.28294379889123467,-0.4637470036351097,-0.43555028816449465,0.27594125762949606,-0.18511600241163295,-0.21331271788224798,0.17982849217166083,-1.4137376450218744,-0.2557039640248684,-0.4969689823347609,-0.15189402371198174,25.520297028288187,-0.11371834197028008,-5.216657788964341,-0.11870681952042617,4,29.63728136507987,33.96954421105305,-0.30931516142357346,0.12351086746898636,-0.39847159999990533
411,411,Path I 73A,0.198,8472.0,97.477,I 73A,,,,I,73,54.4444444444444,1981.160111111111,1984.48999,1984.48999,-1.2281799524066368,25.615523587123903,-1.5928408200928843,-5.132685965253941,1984.4699353333333,1984.2490843055557,-1.592840820092884,25.56417698734892,-5.1824926805016736,-1.4394225655906594,25.538789688565988,-5.207118614194105,-1.4279650193519648,25.542841931437927,-5.203187898085899,0.2621785844370649,0.21273994694276527,0.2063598759339221,0.2112426131840226,0.07673389855791513,0.07443264894016366,-0.14901259137560782,0.026243397407011315,0.025456357918773875,0.19978506694532805,0.07268165568597595,0.0705019328319576,1984-06-28 08:04:19.776001086,-0.21338966240663781,-0.5774689447595521,-0.44108520870177037,-0.4148230001297424,0.2741628015645248,0.22769554629513256,0.20143333772310457,-0.13206354719042418,-1.3944492071747454,0.1662692547681086,-0.47065345603165576,0.25726379362501794,25.50542886043036,0.11009472669354281,-5.223585827775633,0.09089986252169169,6,28.83105700133995,34.09038564817402,-0.07756715241003397,-0.06518925272338219,-0.36201199999993694
412,412,Path I 74A,0.212,10669.0,122.829,I 74A,,,,I,74,54.5555555555555,1981.2712222222221,1984.629423,1984.629423,-1.8809008988252733,25.67042868860495,-1.4872408624901927,-5.079427467766312,1984.6025506666667,1984.4018975833335,-1.4872408624901923,25.63018977116953,-5.1184596200678385,-1.4331303050371709,25.530455201817112,-5.215203149685381,-1.41537544626966,25.538061187916718,-5.207825267108905,0.2678949514664511,0.20647732076487307,0.20028506591510384,-0.44777059378810247,0.13997348678783794,0.1357756819190694,-0.05557533232568216,0.09842663087889629,0.09547481621883798,-0.4655254525556134,0.13236750068823255,0.12839779934259354,1984-08-18 08:51:05.875202782,-0.8701541658252758,-0.47571483182352775,-0.431383980370504,-0.3986517494918821,0.28263384250035783,-0.4387701854547718,-0.47150241633339374,-0.04589425277012882,-1.3850576270308421,-0.4958432717944312,-0.4615114325811802,-0.4086427332440956,25.492739195544168,0.1776894930607824,-5.23303552093307,0.1536080531667583,8,28.094999079470227,34.03923773024619,0.06134903153954696,-0.09846563236962175,-0.2
413,413,Path I 75A,0.208,9689.0,111.261,I 75A,,,,I,75,54.6666666666666,1981.3823333333332,1984.688239,1984.688239,-1.3526417362386676,25.60461703777975,-1.4782723562847624,-5.1432654271832625,1984.738822666667,1984.5562556388893,-1.4782723562847622,25.57637626268716,-5.170659261430828,-1.4224437198657007,25.526044530488814,-5.219481544980543,-1.4152940103509968,25.53007531639265,-5.215571642345965,0.27510527565576914,0.20318079873287126,0.19708740657884122,0.06980198362703316,0.07857250729093579,0.07621611779728088,-0.05647478360378385,0.04393173314081859,0.04261422046392571,0.06265227411232921,0.07454172138709936,0.07230621516270208,1984-09-08 21:29:28.953602117,-0.34360066723866955,-0.4706982136180966,-0.4169925480879227,-0.3950163853509966,0.29210757772205054,0.07339188084925313,0.051415718112327036,-0.05451056097415533,-1.3817146229946358,0.029072886755968197,-0.4539143474292151,0.11031368019054555,25.491373484881457,0.11324355289829313,-5.2353859837097145,0.09212055652645201,9,28.469369060671607,33.949497848156454,-0.06139531234792754,-0.09987608800511316,-0.2
414,414,Path I 76A,0.216,11153.0,128.412,I 76A,,,,I,76,54.7777777777777,1981.4934444444443,1984.898806,1984.898806,-1.2012744337903467,25.454083061676776,-1.3928755503509833,-5.289284889342909,1984.8771363333333,1984.7137426944444,-1.3928755503509829,25.451446466825697,-5.291842412714407,-1.4098186931400642,25.540833856333094,-5.205135751018336,-1.416341707807221,25.526126842922146,-5.219401701097091,0.2798874234862498,0.20237799842593926,0.19630868225311437,0.20854425934971754,-0.08675079465631796,-0.08414913832457316,0.020594726020318088,-0.08853749457045505,-0.085882255108286,0.2150672740168742,-0.07204378124536959,-0.06988318824581796,1984-11-24 23:06:42.854397543,-0.19833980779034444,-0.3887949240176496,-0.40018642947339744,-0.39260224541833183,0.29883984670611924,0.201846621683053,0.1942624376279874,0.014912743872169879,-1.3727463903215968,0.17147195653125014,-0.424370517063107,0.2260307092727626,25.493896562728604,-0.039813501051828126,-5.232761621198371,-0.05652326814453801,11,29.52430077920836,34.112360857952396,-0.22019192706741472,-0.051249996878121235,-0.9571343999998655
415,415,Path I 77A,0.212,10959.0,126.092,I 77A,,,,I,77,54.8888888888888,1981.6045555555556,1985.044364,1985.044364,-1.6247104810239352,25.295639301020557,-1.5105512813191424,-5.442976921617049,1985.0360813333334,1984.874988972222,-1.510551281319142,25.33081464104896,-5.408856490036098,-1.4081484161081386,25.55307349736654,-5.1932631768194835,-1.4196998686913012,25.52589676132704,-5.219624882545157,0.2799277348742397,0.1983668755983259,0.19241785299910072,-0.21656206491579666,-0.25743419634598297,-0.2497137447975657,-0.106342897244785,-0.21801454024444547,-0.21147628418251418,-0.20501061233263407,-0.23025746030648264,-0.22335203907189172,1985-01-17 04:37:43.104002740,-0.6244442970239348,-0.5091541966524749,-0.3939440261081386,-0.3925602364968568,0.29937880089000346,-0.23050027091579617,-0.231884060527078,-0.119251268587377,-1.3727880586467924,-0.2519224223771428,-0.4039350777292872,-0.22050921929464756,25.489174949248792,-0.19353564822823444,-5.228728571217428,-0.21424835039962087,1,29.583194242155034,33.88263895016209,-0.33652334297961334,0.019424319668820317,-0.9935263999999675
416,416,Path I 78A,0.248,12118.0,139.597,I 78A,,,,I,78,55.0,1981.7156666666667,1985.165074,1985.165074,-1.7056689291431453,25.242721560449546,-1.6455564043504138,-5.494307659148337,1985.1705473333334,1985.0424033333334,-1.6455564043504136,25.28021655646455,-5.4579371380638255,-1.3946580429748692,25.55258019018058,-5.193741689722933,-1.4199205364417924,25.52899424979428,-5.216620287757049,0.2825281199494158,0.19893170118670028,0.19296573946807988,-0.3110108861682761,-0.3098586297310355,-0.3005659694254037,-0.25240833893918674,-0.2717156488581847,-0.2635668965489278,-0.2857483927013529,-0.2862726893447345,-0.27768737139128774,1985-03-02 06:02:53.664000131,-0.7046784851431454,-0.6445331203504135,-0.37557832861375784,-0.3894042249973477,0.304052973740895,-0.3291001565293875,-0.3152742601457976,-0.270451456374372,-1.351012777153612,-0.35465615198953326,-0.38784983081854213,-0.3168286543246032,25.484326530384855,-0.24160496993530955,-5.218057702500937,-0.2762499566473995,3,29.466692335366393,33.860883881155786,-0.3206827134962563,0.06027813261837764,-0.8
417,417,Path I 79A,0.218,10580.0,121.897,I 79A,,,,I,79,55.1111111111111,1981.8267777777778,1985.302204,1985.302204,-1.6062898028841608,25.302288807923535,-1.622918273416487,-5.43652683342609,1985.2802923333331,1985.2143046944443,-1.6229182734164869,25.299447574854714,-5.439282857915177,-1.376637737150673,25.55014292842107,-5.196105858002276,-1.4239712314125448,25.533165803684767,-5.21257383876774,0.2838568450851107,0.20117639379070704,0.1951431137408928,-0.22965206573348773,-0.24785412049753575,-0.24042097542381402,-0.245469760762668,-0.24801247030710746,-0.24057457632259727,-0.182318571471616,-0.230876995761232,-0.22395299465835006,1985-04-21 07:18:25.344002344,-0.6044765788841604,-0.6212365194164872,-0.3527226372062284,-0.39007760338476666,0.30743217186414873,-0.251753941677932,-0.21439897549939374,-0.2676848681608163,-1.340389702353608,-0.2659001005305528,-0.38348390216980854,-0.22099267671435185,25.482354248647695,-0.1800654407241602,-5.215400866448093,-0.22112596697799702,4,29.56747136343639,33.853774025368665,-0.346053527586285,0.12491885204281789,-0.8
418,418,Path I 80A,0.238,11842.0,136.394,I 80A,,,,I,80,55.2222222222222,1981.937888888889,1985.373599,1985.373599,-1.5567960882221556,25.353332356191068,-1.5932138296342757,-5.3870140811711025,1985.4154006666668,1985.3928836666669,-1.5932138296342755,25.39488853617686,-5.346704171023084,-1.3610497578359153,25.53965701688382,-5.206277297052528,-1.4214750750276215,25.537250403450173,-5.2086117361492965,0.2645059291524713,0.2054220719538203,0.19926146401589476,-0.19574633038624034,-0.1863246606927511,-0.18073678411857408,-0.22692069071460855,-0.14365302623185153,-0.13934487197515644,-0.13532101319453416,-0.18391804725910532,-0.17840234502180596,1985-05-17 08:43:38.064000406,-0.5545544942221556,-0.5907214256342758,-0.3323539879470265,-0.38422596001373255,0.2860747298723682,-0.22220050627512916,-0.1703285342084231,-0.25312773819609025,-1.3351792430005553,-0.2216168452216003,-0.381557781230112,-0.1729967129920436,25.481045322810175,-0.12771296661910725,-5.215693957582026,-0.17132012358907645,5,29.491703551123603,33.931008516614234,-0.2946290895436986,0.08639637002845484,-0.8
419,419,Path I 81A,0.232,11074.0,127.796,I 81A,1.0,55.0,,I,81,55.3333333333333,1982.049,1985.570399,1985.570399,-1.616555597796511,25.529044444415977,-1.5862660654694414,-5.216571598472058,1985.568911,1985.5753642777777,-1.586266065469441,25.454829874330784,-5.288560473600398,-1.361191921772413,25.525824741921245,-5.2196947420889765,-1.411829508300935,25.542084231616172,-5.203922874489994,0.2646604788901087,0.19914311321519423,0.19317081124983884,-0.2553636760240978,0.003219702494732246,0.0031231436169187887,-0.226243286370015,-0.0698921988310784,-0.0677961317881337,-0.20472608949557602,-0.013039787200195718,-0.01264872398206407,1985-07-28 04:41:42.863998491,-0.6131332037965112,-0.5828525994694415,-0.32770443716130193,-0.37120309780093474,0.2818302903238883,-0.2854287666352092,-0.2419301059955764,-0.25628602201816336,-1.321156104077071,-0.29539949371943997,-0.3844068382522698,-0.22872636554424136,25.481610133636337,0.04743431077963933,-5.2199008920191226,0.0033292935470647933,7,28.649826610639444,34.05255839900009,-0.054718724602956674,0.0021014059997160077,-0.5
420,420,Path I 82A,0.24,13925.0,160.993,I 82A,,,,I,82,55.4583333333333,1982.174,1985.762735,1985.762735,-1.5854465103896578,25.4821128223853,-1.5073549223072282,-5.262095741158035,1985.7485926666668,1985.7583668611114,-1.507354922307228,25.447002145363058,-5.296153448976376,-1.3578266576899507,25.508684460680517,-5.236320986295289,-1.400041000274644,25.536630755988035,-5.209212800384044,0.26139666171164444,0.1848748168360139,0.17933042107906758,-0.22761985269970708,-0.02657163829521636,-0.02577475486274583,-0.14957811794026776,-0.06493477402210839,-0.062987380149185,-0.18540551011501383,-0.05451793360273527,-0.05288294077399058,1985-10-06 09:33:30.960000649,-0.5808701003896577,-0.5028633663072282,-0.3196413072455062,-0.35601586826075504,0.27526338301519915,-0.2612287931441515,-0.22485423212890265,-0.18324456145878654,-1.302719256547061,-0.28272725384259667,-0.36283316155121875,-0.21803693883843894,25.50329057502706,-0.021177752641758474,-5.231348414620283,-0.03074732653775225,10,29.07760007384816,34.08482086549394,-0.1343107791153937,0.01243640833435802,-0.33471800000000307
421,421,Path I 83A,0.27,13476.0,155.633,I 83A,,,,I,83,55.5833333333333,1982.299,1985.912644,1985.912644,-1.3200626587355158,25.329849169287908,-1.433179081510657,-5.409793007299037,1985.925286,1985.9436501388886,-1.4331790815106569,25.3927428059838,-5.348785550767654,-1.3543118336385171,25.50130155555375,-5.243482478097309,-1.3837912061806508,25.53157268956945,-5.214119175390734,0.2611533663528993,0.1771867278230158,0.1718728978555676,0.03424917490300139,-0.17145238626584103,-0.16631052920172795,-0.07797664288442552,-0.10929173977845252,-0.10601408050249599,0.06372854744513501,-0.2017235202815435,-0.19567383190830245,1985-11-30 02:45:41.184000008,-0.31458679473551565,-0.42635463151065783,-0.31151067013851713,-0.33636862391676164,0.27560950043218885,-0.0030761245969985196,0.021781829181245993,-0.11396506156961152,-1.3019663094075402,-0.018096349327975547,-0.34993642882495496,0.03534963408943931,25.509702419714365,-0.17985325042645783,-5.240962790730045,-0.1688302165689919,11,29.709454787237675,33.872962154216715,-0.3686552219385637,0.03167539880543882,-0.34517280000004136
422,422,Path I 84A,0.212,10022.0,115.597,I 84A,,,,I,84,55.7083333333333,1982.424,1986.100479,1986.100479,-1.394028075406798,25.36626642627819,-1.4074482633177718,-5.37446790384589,1986.0779106666666,1986.135210777778,-1.4074482633177716,25.313320777460834,-5.425825712655211,-1.3534688245502269,25.49611762105249,-5.248510946402876,-1.3819387623936417,25.525975745488882,-5.219548267118328,0.2618156102436473,0.17619715444583783,0.1709130017839709,-0.04055925085657108,-0.12985119477430018,-0.12595695744301416,-0.05175572804001797,-0.18384330082537303,-0.17832984023361695,-0.0120893130131563,-0.1597093192106911,-0.15491963672756182,1986-02-06 16:11:45.743998431,-0.3836069994068001,-0.3969136846511064,-0.30601673243911587,-0.33113229126864163,0.2802879310385248,-0.07759026696768423,-0.052474708138158466,-0.08866971120668586,-1.3062129310646715,-0.08781514434212645,-0.285603628177471,-0.09800337122932912,25.510267529555573,-0.14400110327738247,-5.24837579736924,-0.1260921064766496,2,29.670848621240857,33.89508000176316,-0.3502088508110134,0.07546779688695006,-0.5
423,423,Path I 85A,0.196,7797.0,89.697,I 85A,,,,I,85,55.8333333333333,1982.549,1986.220609,1986.220609,-1.508254055811002,25.243846736816415,-1.4860523629287476,-5.4932162268207065,1986.2333569999998,1986.3288149999998,-1.4860523629287474,25.312916241421267,-5.426218116658958,-1.3592969476445176,25.494073058252393,-5.250494192764598,-1.3789291122533625,25.520663621419736,-5.22470108058664,0.25514529267945985,0.17689258891859552,0.17158758017689066,-0.14895710816648444,-0.2502263214359779,-0.2427220340561087,-0.13013372768037423,-0.18110111810651,-0.17566989557449317,-0.12932494355763957,-0.27681688460332055,-0.26851514623406647,1986-03-22 12:32:05.423998980,-0.49254725981100345,-0.46978465492874794,-0.30720451775562896,-0.32477221583669574,0.27890594862288737,-0.1853427420553745,-0.1677750439743077,-0.16588848349518934,-1.3140172275045665,-0.19423682830643552,-0.2661029087463029,-0.22644435106470057,25.508345066730858,-0.2644983299144421,-5.2478817806247156,-0.24533444619599099,3,30.088245693450467,33.910002472990435,-0.4353210874923586,0.15542854775742762,-0.2852691999999747
424,424,Path I 86A,0.246,14610.0,169.094,I 86A,,,,I,86,55.9583333333333,1982.674,1986.378983,1986.378983,-1.555874957568443,25.32863556116919,-1.4471863013875297,-5.4109702193102756,1986.3506426666665,1986.5195058888885,-1.4471863013875295,25.384244778358006,-5.357028722544953,-1.3549901335503756,25.49186139927844,-5.252639524085919,-1.3746357659680188,25.524977374741663,-5.220516696726838,0.25768662786138186,0.17684899482323135,0.17154529346844638,-0.2008848240180674,-0.16322583810925195,-0.1583306952243566,-0.09307261088661178,-0.10330081593068267,-0.10020282446092092,-0.18123919160042412,-0.1963418135724737,-0.19045352258343762,1986-05-19 07:53:27.888001956,-0.5331997055684403,-0.425758024054195,-0.2984672641059314,-0.3171539102180189,0.28448453595398604,-0.23473244146250893,-0.2160457953504214,-0.128034042942166,-1.3211539757225736,-0.23472098184586931,-0.23653807204538158,-0.29666163352305874,25.502013725141772,-0.17337816397258266,-5.251132429071345,-0.15983779023893074,5,29.64376381577532,33.91166161819507,-0.3367884670734954,0.09291824053201526,-0.09522039999992124
425,425,Path I 87A,0.278,13255.0,153.415,I 87A,,,,I,87,56.0833333333333,1982.799,1986.452336,1986.452336,-1.2774298907831438,25.580252037088403,-1.2619098491680967,-5.166899721503878,1986.4916383333332,1986.7051385000002,-1.2619098491680962,25.574980182709037,-5.172013472970406,-1.34805399030786,25.47670232533522,-5.2673439774015804,-1.3705017585992414,25.526836127638006,-5.218713687829858,0.25622632123014233,0.16331997607445103,0.15842200999193823,0.07062409952471627,0.10354971175318184,0.10044425589770256,0.08660450538241982,0.0963726883635007,0.09348247143947752,0.09307186781609755,0.05341590945039698,0.05181396632598023,1986-06-15 02:27:48.096001873,-0.2515271067831413,-0.23427776250142984,-0.28750016147452706,-0.3097374275714638,0.28348626942734245,0.035973054691385786,0.0582103207883225,0.05375103577130889,-1.3229432480654755,0.045513357282331635,-0.2260995347554636,-0.025427572027677675,25.500352151913926,0.07989988517447699,-5.251372691223161,0.08447296971928342,6,29.0065840918529,34.26824831518264,-0.03614490990307284,0.04278489520826679,-0.007196799999844378
426,426,Path I 88A,0.244,13066.0,151.045,I 88A,,,,I,88,56.2083333333333,1982.924,1986.643596,1986.643596,-0.952424699152703,25.816052949869523,-1.0132001257108922,-4.938170478097064,1986.651074,1986.8896423333333,-1.013200125710892,25.715089794527742,-5.036105748410144,-1.3424989397933134,25.46725875842295,-5.27650433174215,-1.3692750759062902,25.532729446808204,-5.212997109301572,0.2539575528548096,0.15468624257955008,0.1500472021645466,0.39007424064061036,0.3487941914465722,0.3383338536450866,0.32599164801089914,0.2431744799214274,0.23588167726858167,0.41685037675358716,0.28332350306131815,0.27482663120450823,1986-08-23 21:54:03.455996487,0.08189352484729207,0.02144713028910572,-0.2781189692377581,-0.30527281671184553,0.2808733081598341,0.36001249408505015,0.3871663415591376,0.29632630039978625,-1.324348368850425,0.37192366969772195,-0.21171449898725328,0.2936080238345453,25.507395024685195,0.30865792518432755,-5.247379269883127,0.3092087917860633,8,28.04771630191284,34.61388316504829,0.3303416795102895,-0.03803524867655869,0.4669455999996598
427,427,Path I 89A,0.304,14621.0,169.429,I 89A,1.0,56.0,,I,89,56.3333333333333,1983.049,1986.85729,1986.85729,-0.8097457871968301,25.748964396625304,-0.9600518968916688,-5.0032470456294895,1986.8448693333332,1987.0781354444448,-0.9600518968916685,25.7077942918415,-5.04318245897083,-1.3270223910642007,25.471784860060776,-5.272113967892445,-1.3814861390913267,25.53395502537896,-5.211808285832155,0.2539889691478472,0.15857309710309064,0.15381748992092753,0.5172766038673706,0.2771795365645282,0.26886692226295583,0.3692837613908087,0.23543939824541602,0.22837857069203427,0.5717403518944966,0.2150093712463459,0.2085612402026653,1986-11-09 21:51:37.439997502,0.23397497280316637,0.08345957377499251,-0.2590183796197568,-0.31428380156354907,0.2823118073562516,0.4929933524229232,0.5482587743667154,0.3448489590296926,-1.318401696947257,0.5086559097504268,-0.2001716202726876,0.43414659307585396,25.52037211902917,0.22859227759613532,-5.249766357933894,0.24651931230440471,11,28.831036992763213,34.53133202435159,0.12086311715589965,0.0012970295008399263,1.0574959999997715
428,428,Path I 90A,0.302,14282.0,165.411,I 90A,,,,I,90,56.5833333333333,1983.299,1987.033722,1987.033722,-1.1179852043254734,25.55836552902966,-1.0055518473699012,-5.188129853185938,1987.0251786666665,1987.2689689722222,-1.0055518473699008,25.61501960291946,-5.133174834972095,-1.3184856439899184,25.478021062304514,-5.266064789353998,-1.3784512841669967,25.539596377484244,-5.20633611787651,0.26961919866138445,0.1612458094028568,0.15641004757882482,0.20050043966444497,0.08034446672514761,0.07793493616806035,0.3072603810616356,0.13624018112802597,0.13215433809599553,0.26046607984152326,0.018769151545416918,0.01820626469057185,1987-01-13 07:24:16.991996780,-0.06548977632548092,0.047738473963428785,-0.2470308069065857,-0.30808580258366347,0.3026410869529961,0.18154103058110477,0.24259602625818255,0.2890840414968177,-1.3039395872142179,0.18595438288874444,-0.17036861330990843,0.10487883698442751,25.518107737769814,0.04025779125984741,-5.2592777160879525,0.07114786290201458,1,29.856256932852627,34.52330422413665,-0.10829778257108867,-0.1414358152232644,1.2
429,429,Path I 91A,0.194,8942.0,103.099,I 91A,,,,I,91,56.8333333333333,1983.549,1987.184524,1987.184524,-1.0889245505874,25.537728883103412,-1.0880811228290745,-5.208147606100859,1987.1903593333334,1987.4499431111112,-1.088081122829074,25.564596111789985,-5.182086125602598,-1.2929286502404909,25.48653234300901,-5.257808761957829,-1.3690480398139497,25.540433740024056,-5.205523867839265,0.27884937685518696,0.1654002435144528,0.16043989021141566,0.20400409965309096,0.05119654009440211,0.049661155856970396,0.21234035092820433,0.08144363026220229,0.07900113579063846,0.28012348922654984,-0.0027048569206442608,-0.0026237382615938998,1987-03-09 08:25:48.864000326,-0.025269774587399096,-0.02399453216240932,-0.21798751607382466,-0.295574421786172,0.31296987074065113,0.19271774148642556,0.2703046471987729,0.20141616703005516,-1.302869054454166,0.213944503866766,-0.14462403304391516,0.11935425845651607,25.51609415224191,0.02163473086150347,-5.266711437915646,0.05856383181478719,3,29.28810623127942,34.22863025732102,-0.11590790561517443,-0.15661400167419107,1.1285711999999226
430,430,Path I 92A,0.31,14344.0,166.112,I 92A,,,,I,92,57.0833333333333,1983.799,1987.352832,1987.352832,-1.0573336135743505,25.59769392323688,-1.0776492290669502,-5.149980917520995,1987.3849046666667,1987.6365486944446,-1.0776492290669497,25.64145608985668,-5.107531178278119,-1.2898501270414273,25.48490403926982,-5.25938823286788,-1.3604566683227381,25.540511144235182,-5.2054487849804305,0.2801931637267598,0.16437948176344258,0.15944974110531784,0.2325165134670768,0.11278988396705714,0.10940731534688464,0.20901278765805298,0.15817959300659723,0.15343578701232907,0.30312305474838763,0.057182779001696105,0.055467867459435105,1987-05-09 18:48:29.952001100,0.018775954425652053,0.0008337162663836958,-0.21121377459698337,-0.28390169340607146,0.3156992519480693,0.22998972902263543,0.3026776478317235,0.20877418698212766,-1.289736545305665,0.23240293173131454,-0.1286646252837655,0.14744057970941754,25.50826937182072,0.08942455141615824,-5.271303439374471,0.12132252185347525,5,29.09472952993105,34.231385782306255,-0.07212504762003558,-0.2153093014343749,0.9733984000000176
431,431,Path I 93A,0.25,13115.0,153.295,I 93A,1.0,57.0,,I,93,57.3333333333333,1984.049,1987.617358,1987.617358,-1.0866895230390996,25.788945463229755,-1.1721246372810683,-4.9644650112125035,1987.6060806666665,1987.8243975555556,-1.1721246372810679,25.696688478953842,-5.0539552085299855,-1.2772072728930906,25.478393108271423,-5.265703901045636,-1.3556923886158656,25.540092790386645,-5.205854592397051,0.26246975266898204,0.16143677590158145,0.15659528699225256,0.19051774985399095,0.31055235495833244,0.3012388898331322,0.11057342882466974,0.2175186387721316,0.21099525479535478,0.269002865576766,0.2488526728431104,0.24138958118454745,1987-08-14 08:03:21.887998972,0.008994968960898131,-0.07727466794773348,-0.19462012147642416,-0.27611144953253247,0.2951022259109324,0.2036150904373223,0.2851064184934306,0.122816405741338,-1.2601319090416758,0.17344238600257622,-0.11034195689678152,0.11933692585767965,25.500094138105247,0.28885132512450795,-5.273774856128333,0.3093098449158296,8,27.432390744754855,34.407098715992404,0.37266029422042446,-0.21002479304109967,1.681659199999905
432,432,Path I 94A,0.304,14971.0,175.481,I 94A,,,,I,94,57.4761904761904,1984.191857142857,1987.848052,1987.848052,-1.3723507752297546,25.703426050394885,-1.1883045085287505,-5.047419696856458,1987.863031,1988.0110463333335,-1.1883045085287502,25.605062634995154,-5.142833193428353,-1.2810367983826958,25.47421237300388,-5.269759256062506,-1.344867710958265,25.547550122962164,-5.198620905225469,0.26459891222246823,0.16001714864718586,0.15521823435921536,-0.09131397684705878,0.22921367739100518,0.22233955920604753,0.0958241298419263,0.12843480734498178,0.12458304747270492,-0.02748306427148961,0.15587592743272083,0.1512012083690104,1987-11-06 12:56:07.872001652,-0.25959492722975064,-0.07670773619541649,-0.19443932499380723,-0.26229455926382056,0.2950103235712476,-0.06515560223594341,0.002699632034069921,0.12074342183266805,-1.2486277420362644,-0.1237230331934902,-0.11030458430100976,-0.14929034292874088,25.49925947609671,0.2041665742981742,-5.271198203232564,0.22377850637610575,11,28.63773296429847,34.20304455129808,0.01566064047903848,-0.10983855802906328,1.364675199999933
433,433,Path I 95A,0.298,14250.0,164.987,I 95A,,,,I,95,57.6190476190476,1984.3347142857144,1988.123683,1988.123683,-1.1058732273173977,25.322816391360814,-1.1730684185494373,-5.416614872216098,1988.1341113333335,1988.1943602222225,-1.1730684185494369,25.451534531363773,-5.291756989231828,-1.2941418438362442,25.477278001675206,-5.266785565595033,-1.3394512740174525,25.551900569271577,-5.194400928800878,0.27211209911905987,0.16067630346286327,0.15585762112197118,0.18826861651884652,-0.15446161031439232,-0.14982930662106497,0.11551948907207943,-0.02818804754266206,-0.027342687996859166,0.23357804670005478,-0.22908417791076374,-0.22221394341521972,1988-02-15 06:25:53.299200892,0.020476749682603046,-0.04930601654943545,-0.20329402761402254,-0.25395756715634143,0.2998745523178504,0.2237707772966256,0.2744343168389445,0.1484046993498592,-1.2432564475791439,0.1373832202617462,-0.0850566852200653,0.10553343490266835,25.493077165481743,-0.17026077412092988,-5.259130577507025,-0.15748429470907244,2,29.390634709202978,33.95743945148911,-0.2605000315710218,-0.09861222709383492,0.5047411999999027
434,434,Path I 96A,0.272,12636.0,146.142,I 96A,,,,I,96,57.7619047619047,1984.4775714285715,1988.430599,1988.430599,-1.0409812531011593,25.328361152335617,-1.1886762196272638,-5.411236398622929,1988.478718,1988.3741309444445,-1.1886762196272633,25.3091010239086,-5.429918915798418,-1.2905850806456096,25.487677362040216,-5.256698082047369,-1.3324701767871574,25.55753565648743,-5.188934837850628,0.26848039056930983,0.1606996088853242,0.1558802276148136,0.24960382754445032,-0.15931620970459903,-0.15453831657556005,0.10398372521817263,-0.17884787226340393,-0.1734842245742246,0.2914889236859981,-0.22917450415181406,-0.22230156077230134,1988-06-06 14:22:53.817600925,0.09120012789884124,-0.05558057762726376,-0.1953987950900545,-0.244093123092713,0.2921106520908967,0.2865989229888958,0.33529325099155427,0.14189149251446928,-1.2403734521672165,0.1993921990660572,-0.05087583605911248,0.14207596395795372,25.481892033684446,-0.15353088134882853,-5.24877033536338,-0.16246606325954893,6,29.36183442823905,33.922809556773394,-0.2697474193871729,0.04497421175506224,-1.1668752000003833
435,435,Path I 97A,0.6,11655.0,134.617,I 97A,,,,I,97,57.9047619047619,1984.6204285714286,1988.881872,1988.881872,-1.4191741784632343,25.27612552802937,-1.3678266522927744,-5.461905476556229,1988.80375,1988.5514373888889,-1.3678266522927742,25.325839729075273,-5.413682204399695,-1.2932529100544552,25.498891324800592,-5.24582042603018,-1.326069037979368,25.566215452146242,-5.1805153492636205,0.27315923499500955,0.15716441471918596,0.152451053921718,-0.12592126840877915,-0.22276579677122044,-0.21608505052604876,-0.0760919059050269,-0.1730414818664343,-0.1678519678252585,-0.09310514048386631,-0.2900899241168702,-0.2813901272926085,1988-11-18 18:21:49.132797796,-0.27841861046323557,-0.2285224759594419,-0.19372338772112238,-0.2347935850488125,0.28926532044409026,-0.08469522274211319,-0.04362502541442306,-0.03632313475687913,-1.2262915460460637,-0.19288263241717063,-0.0372371801674497,-0.24118143029578587,25.476578644996806,-0.2004531169674344,-5.241392003869212,-0.22051347268701704,11,29.858669410308373,33.8529467279986,-0.4104894263862887,0.089194775304215,-1.8
436,436,Path I 98A,0.22,10850.0,125.413,I 98A,,,,I,98,58.047619047619,1984.7632857142858,1989.098779,1989.098779,-1.64332452531393,25.373032506860827,-1.5364822124732822,-5.367904738019927,1989.0744556666666,1988.7263812222218,-1.536482212473282,25.337761357422163,-5.4021181056869265,-1.2913662484631778,25.51007494598431,-5.2349722016457605,-1.3136206532075059,25.565141962672843,-5.181556644787717,0.2711626296917525,0.1570993229933107,0.15238791429670284,-0.3519582768507521,-0.13704243912348346,-0.1329325363741667,-0.2474723683716392,-0.17305781379285298,-0.16786780995720285,-0.32970387210642405,-0.192109455812016,-0.18634809323221013,1989-02-06 01:18:14.543997548,-0.49834894531393137,-0.39195372313994997,-0.18747584079651167,-0.21953207392972798,0.2824898799625203,-0.3108731045174197,-0.2788168713842034,-0.2068638287975658,-1.219441111983825,-0.4238834133301048,-0.04098367907941417,-0.4573652662345172,25.474678176638776,-0.1016456697779482,-5.246765012242915,-0.12113972577701215,2,29.77356133992908,34.10505019984174,-0.2783190388471491,0.1833180007238343,-1.4943956000003658
437,437,Path I 99A,0.282,13420.0,155.27,I 99A,,,,I,99,58.1904761904761,1984.9061428571429,1989.242716,1989.242716,-1.5469479336426826,25.36412603737629,-1.5002192997662143,-5.376544102484623,1989.273172,1988.9029320555553,-1.500219299766214,25.430845574167183,-5.311825484602092,-1.282410373787296,25.523491242860146,-5.2219582595132295,-1.3057517859507612,25.565018154517674,-5.181676739936312,0.2674443836711346,0.16381121399251675,0.15889851568484545,-0.2645375598553865,-0.15936520548385502,-0.1545858429713931,-0.21557420980175324,-0.08662108685396792,-0.08402332045921579,-0.24119614769192133,-0.20089211714138244,-0.19486736254831083,1989-03-30 14:11:31.775999150,-0.39909361364268303,-0.35175585976621554,-0.1740704545095189,-0.20882754870076126,0.27594752647986326,-0.22502315913316412,-0.19026606494192178,-0.17546941059805055,-1.217511264949149,-0.3294366686935335,-0.04056979772188639,-0.35852381592079663,25.47306119674434,-0.10893515936804832,-5.253034963113396,-0.12350913937122687,3,29.67099100492778,34.025790818042545,-0.2914202930571545,0.18923966554588878,-0.9762224000000493
438,438,Path I 100A,0.236,10628.0,122.717,I 100A,1.0,58.0,,I,100,58.3333333333333,1985.049,1989.478021,1989.478021,-1.31038544034203,25.555378178264426,-1.3321135834686442,-5.191027613301724,1989.5110869999999,1989.077193527778,-1.332113583468644,25.452565066727818,-5.2907573596233455,-1.2801586476429088,25.518833794218992,-5.226476031269637,-1.3043819301285087,25.564052554788184,-5.1826133813299124,0.2648796453829867,0.16601751173117446,0.16103864655432085,-0.03022679269912132,0.0365443840454347,0.03544841796791243,-0.05588814706514215,-0.06746917477305558,-0.0654457742216102,-0.0060035102135214125,-0.008674376523757132,-0.008414231971811681,1989-06-24 11:27:50.255996808,-0.15782502034203216,-0.17889184346864537,-0.1673130521984647,-0.2047028994757307,0.2677452167623762,0.009488031856432544,0.046877879133698536,-0.015525551435513466,-1.2180695503167984,-0.09231589002523166,-0.062251811206261456,-0.0955732091357707,25.438862529279422,0.1165156489850041,-5.255918132189535,0.06489051888781106,6,29.149487960345486,34.186351015165556,-0.10443754549028961,0.032989629488209174,-0.3763748000000735
439,439,Path I 101A,0.278,14147.0,165.55,I 101A,,,,I,101,58.5833333333333,1985.299,1989.812524,1989.812524,-1.1390073764212196,25.438190984542747,-1.2076890810716767,-5.30470036308369,1989.7461309999999,1989.2487088611108,-1.2076890810716765,25.464493571987088,-5.279186590236802,-1.2661072877803008,25.517777687423493,-5.22750046542234,-1.3018747675411324,25.564898537562232,-5.181792769579256,0.2616190871007998,0.16637832138211306,0.1613886355238278,0.12709991135908116,-0.07958670288074643,-0.07719989766134994,0.06631815192627522,-0.053855095883416006,-0.052239981557871275,0.16286739111991277,-0.12670755301948589,-0.1229075935044337,1989-10-24 13:42:36.863998089,0.02024310357877912,-0.0497664610716777,-0.1487153693914124,-0.1994369091244657,0.2613753148151845,0.1689584729701915,0.21968001270324483,0.1068413888892375,-1.2231327439470727,0.08412536752585309,-0.09906988634765826,0.11931298992643738,25.43746175192683,0.0007292326159173967,-5.248865106595155,-0.05583525648853449,10,29.449117064508524,34.42242759827177,-0.06412148784988174,0.05462623813399114,-0.2
440,440,Path I 102A,0.286,15905.0,186.297,I 102A,,,,I,102,58.8333333333333,1985.549,1989.947848,1989.947848,-1.1736744264517804,25.399911553154098,-1.1484004734478759,-5.341831794324992,1989.9389199999998,1989.4179185833334,-1.1484004734478757,25.43154979002415,-5.3111423881786735,-1.275755763570646,25.518434521969034,-5.226863329344816,-1.3071055917062964,25.56867786966585,-5.178126779645428,0.26993854821570556,0.1656603388923163,0.16069218532889995,0.10208133711886558,-0.11852296881493629,-0.11496846498017632,0.12324101456956409,-0.08582215243171731,-0.08324834608028908,0.13343116525451593,-0.16876631651175344,-0.16370501467956444,1989-12-12 23:08:54.528000686,-0.011717466451780068,0.012607290552124025,-0.15379512829286884,-0.20195142652574105,0.2664194417293324,0.14207766184108878,0.19023396007396098,0.1623447831806754,-1.2193576303035214,0.04568320385174096,-0.09709656229522465,0.08537909584344458,25.45121975415862,-0.05130820100452027,-5.22683559317684,-0.11499620114815201,12,29.88731192377719,34.41066423450825,-0.16581786645784244,0.018183072666339284,-0.11258239999989436
441,441,Path I 103A,0.234,13082.0,151.503,I 103A,,,,I,103,59.0833333333333,1985.799,1990.056388,1990.056388,-1.1325196174706276,25.456546832375604,-1.1951537777390335,-5.286895007127338,1990.0718873333335,1989.5846233888888,-1.1951537777390333,25.405151893915587,-5.336748611382938,-1.2730614127013729,25.515903617975074,-5.229318331527997,-1.3208954955714562,25.57384880420782,-5.173110921430374,0.26920739033188973,0.16871928664098798,0.1636593952345895,0.14054179523074528,-0.05935678559946922,-0.05757667559934099,0.07452900780977705,-0.11495813178287051,-0.11151053741070231,0.18837587810082868,-0.11730197183221591,-0.11378408569696408,1990-01-21 13:57:31.967999051,0.029296234529373022,-0.03437615573903363,-0.14670198020137326,-0.2129856989186785,0.2635094887793625,0.17599821473074628,0.24228193344805152,0.1089966042727402,-1.2224701871223658,0.0899505696517382,-0.0952117949767277,0.12450802950610072,25.455289663819045,0.0012571685565596624,-5.213895940097236,-0.07299906703010262,1,29.75685453220426,34.25973021183697,-0.2050375571342143,0.03440575851770609,0.11766559999988901
442,442,Path I 104A,0.288,13610.0,157.647,I 104A,1.0,59.0,,I,104,59.3333333333333,1986.049,1990.211426,1990.211426,-1.2792672892946924,25.358997296217066,-1.2527873204803168,-5.381519032696485,1990.1969840000002,1989.748107527778,-1.2527873204803166,25.419623421281347,-5.322711085122879,-1.2602311803744124,25.52599193715127,-5.219532561043895,-1.325381576874534,25.575002327490484,-5.171991992310953,0.26868414279875263,0.16273918060719147,0.1578586325807461,-0.01903610892027996,-0.16699464093420602,-0.16198647165258961,0.011546314894928486,-0.1037776680545252,-0.10066537578957006,0.046114287579841706,-0.21600503127341852,-0.20952704038553183,1990-03-19 04:05:30.336002335,-0.12070723529469385,-0.0939239844803171,-0.12962117154107974,-0.21476741823564532,0.260361672467571,0.008913936246385895,0.09406018294095148,0.039877178246780505,-1.221152292522927,-0.05811499677176535,-0.09294978846188416,-0.027757446832809687,25.45480009048359,-0.09580279426652538,-5.199320619489735,-0.18219841320674934,3,29.72520844739648,34.349787542218884,-0.1575496068454118,-0.04899586330024976,0.3
443,443,Path I 105A,0.294,15402.0,180.158,I 105A,,,,I,105,59.5833333333333,1986.299,1990.323138,1990.323138,-1.346575054675631,25.44332613525137,-1.2271746351296988,-5.299719215544815,1990.3600666666669,1989.9104457499998,-1.2271746351296986,25.494695569046076,-5.249890351069612,-1.259708313049951,25.528307712881272,-5.217286235428036,-1.3281509065115802,25.568268780579743,-5.178523600149841,0.2681100751827677,0.16042730421051504,0.15561608935720558,-0.08686674162568009,-0.08498157762990033,-0.08243298011677958,0.03368235434930603,-0.03570766200699064,-0.03463678922340119,-0.018424148164050802,-0.12494264532837107,-0.12119561539497425,1990-04-28 22:41:19.967999108,-0.19036095267563047,-0.07173603512969955,-0.12508033643884015,-0.2149415526782469,0.2544810501480064,-0.06528061623679032,0.024580600002616443,0.0545281920715279,-1.211317499698678,-0.13525755497695302,-0.09334605853020522,-0.09701489414542525,25.463801035817358,-0.02047490056598633,-5.189695940024723,-0.11002327552009206,4,29.369829295333695,34.17646672394464,-0.1573605756996801,-0.021586351794102485,0.3
444,444,Path I 106A,0.294,12593.0,145.2,I 106A,,,,I,106,59.8333333333333,1986.549,1990.545636,1990.545636,-1.0556815614187731,25.6817632756698,-1.0351060282135218,-5.068432804967536,1990.5271253333333,1990.072078833333,-1.0351060282135214,25.592958100808943,-5.154574712634315,-1.262631475012651,25.536910043126667,-5.208941889066701,-1.3225165624512305,25.56429138898621,-5.182381709769485,0.2688813757090639,0.171231251014157,0.16609602579620925,0.20694991359387793,0.14485323254313442,0.14050908409916563,0.23476246999170206,0.06119473122075073,0.05935950123144096,0.2668350010324574,0.11747188668359243,0.11394890480194952,1990-07-19 03:46:16.896001849,0.09586008258122569,0.11682433978647773,-0.12409117362376278,-0.20667819125678635,0.25404434400940323,0.21995125620498845,0.302538273838012,0.24824249056577571,-1.2013907476258363,0.1457091862070632,-0.07950852197713065,0.17536860455835634,25.482771777462993,0.19899149820680861,-5.186538469096016,0.11810566412848011,7,28.555192408119723,34.23919073025862,0.05008534352564308,0.020914535496080133,0.30476319999998375
445,445,Path I 107A,0.294,14598.0,169.21,I 107A,,,,I,107,60.0833333333333,1986.799,1990.712602,1990.712602,-0.7030614685461607,25.65378489150566,-0.83604428801076,-5.095572117390596,1990.6879000000001,1990.2314074444444,-0.8360442880107598,25.682844319618425,-5.067384181526934,-1.2872657065530688,25.53007235275664,-5.2155745171025325,-1.326781116792019,25.56558422912062,-5.181127641910706,0.2800420456294656,0.16455039343839697,0.1596155271391444,0.5842042380069081,0.12371253874901811,0.12000239971193682,0.44657835678114494,0.1489712291487019,0.14450358198653243,0.6237196482458582,0.08820066238503799,0.08555552452011028,1990-09-18 02:23:36.672001917,0.444973889453838,0.3125098119892389,-0.1450829422752913,-0.20828374548646333,0.2674079922902683,0.5900568317291293,0.6532576349403013,0.45304271779966254,-1.2009168843853144,0.4978554158391537,-0.06480503609609302,0.509778925549931,25.50522623768514,0.14855865382051903,-5.181842676951594,0.08627055956099827,9,28.162537874942416,34.35331444350276,0.18782500388024348,-0.004985839261756155,0.39487759999984545
446,446,Path I 108A,0.27,12044.0,138.942,I 108A,1.0,60.0,,I,108,60.3333333333333,1987.049,1990.805462,1990.805462,-0.7493898340673462,25.71298479167981,-0.8566014732846193,-5.03814762222267,1990.9086183333336,1990.3862913055555,-0.856601473284619,25.641224778566187,-5.107755552543011,-1.2979707528099946,25.534636875525855,-5.211146884371165,-1.335059090544683,25.570659899299624,-5.1762041910803696,0.26839005794587006,0.17286484967480492,0.16768063283302453,0.5485809187426485,0.17834791615395318,0.17299926214849481,0.43803518451548196,0.10562910531131682,0.10246128844302937,0.5856692564773369,0.1423248923801843,0.13805656885769935,1990-10-21 23:50:49.632001076,0.396695463932653,0.29071146138204695,-0.1524246015322172,-0.2138786283363498,0.2602356262343149,0.5491200654648702,0.6105740922690028,0.439901854274741,-1.2042019737273997,0.4548121396600535,-0.053243715684500995,0.44993917961715396,25.519096875368348,0.19388791631146063,-5.17130740858362,0.13315978636094972,10,28.902154743693703,34.05077028874486,-0.11103556964735432,0.044792976743096916,0.31655439999996504
447,447,Path I 109A,0.326,14515.0,169.905,I 109A,,,,I,109,60.5333333333333,1987.249,1991.207791,1991.207791,-1.1173531172403512,25.5569046525131,-1.0975003669309482,-5.189546918015768,1991.1350783333335,1990.5409341388888,-1.0975003669309478,25.56864153895184,-5.178162020801325,-1.2986735140372403,25.54207779148212,-5.203929121484425,-1.3322125014023665,25.578045129880415,-5.169040443564699,0.2679380545831175,0.17955136224829163,0.17416661689443402,0.18132039679688905,0.014826861030979188,0.014382203468656485,0.19730873255423206,0.026214287731432268,0.02542812124236556,0.21485938416201522,-0.021140477367314503,-0.02050647445106968,1991-03-17 20:14:56.976001353,0.030465030759649903,0.0514592804023862,-0.15006363487057367,-0.20824397215236665,0.2614296847771526,0.18052866563022357,0.23870900291201655,0.19776182801719602,-1.2210961903832502,0.10374307314289899,-0.03558236806447825,0.06604739882412816,25.607869254128484,-0.05096460161538374,-5.147639538388573,-0.041907379627195596,3,29.269387032780106,33.86123834755679,-0.2771160226833187,0.12449439161120972,0.20065079999985816
448,448,Path I 110A,0.298,12680.0,146.527,I 110A,,,,I,110,60.7333333333333,1987.449,1991.391982,1991.391982,-1.425758149485147,25.436035172662613,-1.3465927576288614,-5.306791522165536,1991.3357893333334,1990.6913880277777,-1.3445386401966513,25.482350131107964,-5.261865549323963,-1.2877830316083054,25.55056708665325,-5.195694420275482,-1.3367401740516456,25.581168776092277,-5.166010475502729,0.28418226428242654,0.18643282021905153,0.18084169994065247,-0.13797511787684158,-0.11453191399063556,-0.11109710189005462,-0.052739439192792746,-0.06657851169865125,-0.0645818221328085,-0.08901797543350143,-0.14513360342966308,-0.14078104666280744,1991-05-24 01:45:44.352003098,-0.2727826534851443,-0.19313653886331802,-0.13641940644163883,-0.20984353077386794,0.28026799479747805,-0.13636324704350547,-0.06293912271127636,-0.05256540810019988,-1.2293819747925776,-0.1963761746925694,-0.0358919842407303,-0.236890669244414,25.630159030609107,-0.19412385794649367,-5.138599773296643,-0.16819174886889332,5,29.133085343343495,33.9248810101258,-0.21849047560119664,0.06945937962072639,0.5203784000001364
461,461,12 SPL A4 Path H 1A,0.23,12325.0,156.808,H 1A,,60.3,,H,1,60.6333333333333,1987.349,1992.271127,1991.407595,-1.4905046538644569,25.454110568148177,,-5.289258207790585,1991.4325610000003,1990.8422248888887,-1.5297729578225663,25.484863811551776,-5.2594272541566625,-1.288941057366031,25.554141050284475,-5.192227639813558,-1.3345975280096325,25.579547486329446,-5.167583142785573,0.2832999363819523,0.1885829153999723,0.18292731376709792,-0.20156359649842592,-0.1000304821362974,-0.09703056797702736,-0.24422601857229917,-0.0681276972912137,-0.06608454764944849,-0.15590712585482436,-0.12543691818126845,-0.1216750650050118,1991-05-29 18:31:55.919996882,-0.33709199386445965,-0.37566124982256666,-0.13523035097714214,-0.20465712935685493,0.2810349876866418,-0.2018616428873175,-0.13243486450760472,-0.24364376766489185,-1.230084321552089,-0.26042033231236794,-0.033979520170030635,-0.303112473694429,25.632149654207918,-0.17803908605974073,-5.137833515160369,-0.15142469263021585,5,29.023375280182403,33.936908798719166,-0.18894175484064107,0.060099067870243744,0.5391139999999169
462,462,12 SPL A4 Path H 2A,0.226,12115.0,147.048,H 2A,,,,H,2,60.75,1987.4656666666667,1992.379426,1991.498106,-1.673056070118096,25.56444569384453,-1.655090503948047,-5.182232032513866,1991.473937,1990.9857138055559,-1.553409243381213,25.56285751205121,-5.183772584735208,-1.279916728776466,25.554266389591238,-5.192106059432603,-1.343892737990011,25.57486033243167,-5.172129728937955,0.2948648928588834,0.18874486406347,0.18308440559017736,-0.3931393413416302,0.010179304253291832,0.009874026918736512,-0.273538604024792,0.00981248503376501,0.009518208607603404,-0.32916333212808513,-0.010414638587139535,-0.01010230357591091,1991-07-01 19:24:30.816000221,-0.517109102118096,-0.3981390073812138,-0.12440268905424372,-0.21081492474001096,0.2939621121371533,-0.3927064130638523,-0.30629417737808506,-0.2736042913025705,-1.2261131016571556,-0.4469429684609405,-0.01828286549696903,-0.498826236621127,25.64378735463726,-0.07934166079273197,-5.13236966418319,-0.049862368330676254,7,28.546230140123203,34.15042173221453,0.012110998373791093,0.011028247276659386,0.6477272000000126
449,449,Path I 111A,0.21,10481.0,120.876,I 111A,,,,I,111,60.9333333333333,1987.6490000000001,1991.407595,1991.51611,-1.4966670061610865,25.670016274160915,-1.3856032518455497,-5.079827513901172,1991.5207739999998,1991.1278066388888,-1.6571446213802565,25.626962062609465,-5.1215905296481905,-1.2707541319267663,25.550727641176614,-5.195538680782273,-1.350631429559462,25.57243934782687,-5.1744781082144575,0.29702752635872737,0.1870550804856858,0.18144529862189043,-0.22591287423432016,0.11928863298430059,0.11571116688110106,-0.3834935642793642,0.07113367808875755,0.06900037908287586,-0.14603557660162458,0.09757692633404602,0.09465059431328537,1991-07-08 09:07:24.960000822,-0.34021592616108576,-0.500562949380257,-0.11397110820454426,-0.214236620559462,0.2956857160990194,-0.2262448179565415,-0.12597930560162376,-0.3835690444367718,-1.228552188838567,-0.2681148173225194,-0.015812592370224483,-0.3244033337908613,25.645697306877477,0.024318967283438297,-5.13196711605468,0.05213960215350788,7,28.48528414842562,34.22363485391835,0.0584650197984226,0.0025888722766540012,0.669331999999996
463,463,12 SPL A4 Path H 3A,0.228,11458.0,145.164,H 3A,,,,H,3,60.8666666666666,1987.5823333333333,1992.433109,1991.548106,-1.8017107878615881,25.646424219822958,-1.6710456145259516,-5.102712042529532,1991.5547993333332,1991.2622430555557,-1.6122492598736151,25.673779888173772,-5.076176770672558,-1.2702823105994456,25.562491122794277,-5.184127985978322,-1.3545625089205517,25.573701580951468,-5.173253729461264,0.29731027498654655,0.1856232847170229,0.18005644240833008,-0.5314284772621425,0.08393309702868024,0.08141594344879,-0.3400703327621902,0.1086109748930042,0.10535373175596192,-0.44714827894103637,0.07272263887148966,0.07054168693173146,1991-07-20 01:24:30.815998789,-0.6443638198615893,-0.454714878540283,-0.11260791757166816,-0.2147610291427739,0.2964354402753451,-0.5317559022899212,-0.4296027907188154,-0.34023369231774675,-1.2335987283511283,-0.5681120595104598,-0.014116471279240473,-0.6302473485823489,25.64758679135807,-0.0011625715351115673,-5.131399426406697,0.028687383877164407,7,28.364705743382352,34.32817614040671,0.1320358472297377,-0.009593594000313715,0.69227280000013
464,464,12 SPL A4 Path H 4A,0.252,14114.0,175.803,H 4A,,,,H,4,60.9833333333333,1987.699,1992.600864,1991.600182,-1.538369985598171,25.70489917053745,-1.6251914100194405,-5.0459907555869705,1991.6259056666665,1991.3951276666662,-1.5248217911167246,25.729214144693874,-5.022404987505492,-1.2755003388080628,25.582287975871417,-5.164924840524965,-1.3600111188504538,25.57848405674369,-5.168614680118053,0.29480880398723375,0.19756018182921173,0.19163535197612702,-0.26286964679010816,0.12261119466603176,0.11893408493799473,-0.25416372512118995,0.15074547565135768,0.14622461883657203,-0.17835886674771717,0.12641511379375814,0.12262392453108273,1991-08-08 01:35:39.551996984,-0.3795648895981738,-0.3652964324500598,-0.11686453289139659,-0.2167487169060095,0.29451928278888045,-0.2627003567067772,-0.1628161726921643,-0.2532355623248952,-1.239749944340851,-0.2986200412573199,-0.012104102969281435,-0.36746078662889237,25.650244139373058,0.05465503116439052,-5.130100577815012,0.08410982222804186,8,28.132807807322674,34.42402349554788,0.2261847080919943,-0.011466831410383748,0.6297816000001419
450,450,Path I 112A,0.28,13129.0,151.702,I 112A,,,,I,112,61.1333333333333,1987.849,1991.498106,1991.729429,-1.2343845998904157,25.836319043721225,-1.270216387129092,-4.918512164399974,1991.7244743333333,1991.518460861111,-1.4360826806957159,25.63419816919769,-5.114571433896548,-1.2661915485790962,25.590626908461864,-5.156835992522906,-1.364410578478392,25.583451774227875,-5.163795944481218,0.29543269251610416,0.19047666654459733,0.18476427131489753,0.0318069486886805,0.24569213525936107,0.2383238281229314,-0.17208150152362656,0.04182268538189623,0.0405684230472915,0.13002597858797627,0.2528672694933505,0.24528378008124374,1991-09-24 05:47:52.943999428,-0.07196058789041637,-0.2737973993623834,-0.1067101599124295,-0.21762603908950298,0.29509136202404046,0.034749572022013134,0.1456654511990866,-0.16928894834770128,-1.244314353940122,0.009929754049706307,-0.0137518534166538,-0.05820873447376257,25.6511215389822,0.1851975047390262,-5.124931616170685,0.20641945177071097,9,28.234441942669815,34.60186072533825,0.2838519384680645,-0.05497469743488091,0.6506296000000463
465,465,12 SPL A4 Path H 5A,0.254,13381.0,169.844,H 5A,,,,H,5,61.1,1987.8156666666666,1992.600864,1991.843812,-1.5354934565985618,25.3613762933344,-1.5804237431282264,-5.379211381702699,1991.8368426666666,1991.6394576666669,-1.2831585372749168,25.547262771600955,-5.1988996389193565,-1.2503116501291096,25.604211567114103,-5.143658737783648,-1.3665306393665295,25.586587460923724,-5.160754297029376,0.2898943812912113,0.19194818103103478,0.1861916550818877,-0.28518180646945224,-0.24283527377970415,-0.23555264391905162,-0.027345070183159608,-0.05749026988965037,-0.05576613669565974,-0.16896281723203233,-0.22521116758932536,-0.21845708467332337,1991-11-04 23:47:35.232002232,-0.36986672059855996,-0.11772694260825034,-0.0899506602402206,-0.21614367544986274,0.2892891542055078,-0.2799160603583394,-0.15372304514869722,-0.022251838655382022,-1.2607130044651111,-0.2747804521334507,-0.019988082707619963,-0.34987863789094,25.655195487371042,-0.2938191940366437,-5.11445493084492,-0.26475645085777977,11,28.724279070037237,34.77604118014253,0.25446896489271176,-0.020863737885210867,1.0502976000002038
451,451,Path I 113A,0.274,12995.0,150.041,I 113A,1.0,61.0,,I,113,61.3333333333333,1988.049,1991.51611,1991.937287,-1.0795975553357737,25.444092977747246,-1.120115949088876,-5.298975370655395,1991.928431,1991.756750972222,-1.4274995997074271,25.386321494669716,-5.355014286955427,-1.2509372025670664,25.619420648895854,-5.128905776364536,-1.369855740303687,25.58680706177496,-5.160541282007673,0.2905762658799717,0.19406150914962214,0.18824160449019975,0.1713396472312927,-0.17532767114860803,-0.170069594290859,-0.1772707483274528,-0.23105441719050765,-0.22412509521896476,0.29025818496791334,-0.14271408402771257,-0.13843408864772222,1991-12-09 02:38:02.831999034,0.08864648066422531,-0.25955945170742756,-0.08976449170595521,-0.21582575963702055,0.28908661046263023,0.17841097237018053,0.30447224030124587,-0.17053335168856432,-1.2747032419807873,0.1951056866450136,-0.02441817837360822,0.11306465903783353,25.65977978140942,-0.21568680366217308,-5.108460550743532,-0.19051481991186314,12,29.455010988002403,34.80809592507175,0.10813259137682571,-0.07314512877248308,1.4242332000000935
466,466,12 SPL A4 Path H 6A,0.276,14655.0,185.496,H 6A,,,,H,6,61.2166666666666,1987.9323333333334,1992.782959,1992.004194,-1.6674077871879467,25.35349521292751,-1.4999775626331555,-5.386856108508187,1992.0144443333331,1991.8728945277778,-1.348012262212226,25.357580691056807,-5.382893153867989,-1.2494377014437477,25.62849551957072,-5.1201030610612035,-1.3685353473616746,25.584148406428532,-5.163120204280258,0.29039995378072553,0.1985674266676769,0.19261238954188908,-0.417970085744199,-0.27500030664321073,-0.2667530474469837,-0.09430650792116595,-0.27213740452512286,-0.2639760037634152,-0.2988724398262721,-0.23065319350102342,-0.22373590422792944,1992-01-02 12:50:24.345603090,-0.497458115187948,-0.17902176754556032,-0.08736314811041429,-0.21082374025056366,0.28886406477293225,-0.41009496707753373,-0.28663437493738436,-0.08735051406931521,-1.287078080798522,-0.38032970638942465,-0.029985874040892414,-0.4674722411470556,25.667070389224033,-0.3135751762965242,-5.109806365688263,-0.27704974281992456,1,29.5432405955041,34.74986475592808,0.06251805839673885,-0.14760206522345742,1.6100656000002163
467,467,12 SPL A4 Path H 7A,0.266,13481.0,166.427,H 7A,-1.0,61.0,,H,7,61.3333333333333,1988.049,1992.782959,1992.101852,-1.297031444112958,25.275153882495662,-1.5004969883962405,-5.462847982440383,1992.070694666667,1991.9813482222223,-1.3369349744471142,25.41189177419422,-5.330210860113861,-1.2607423588623663,25.64123811827921,-5.10774261288798,-1.3741294539384328,25.58282298002882,-5.164405881142246,0.293878671220534,0.20071363160995867,0.19469422979795276,-0.03628908525059171,-0.36608423578354987,-0.3551053695524029,-0.0727102731789447,-0.22922762181016765,-0.22235308543208307,0.07709800982547477,-0.3076690975331573,-0.29844210129813753,1992-02-07 06:40:04.684800255,-0.12825366811295824,-0.16778331044711448,-0.09788612061236618,-0.21271289828565523,0.29171810685092986,-0.030367547500592063,0.08445923017269699,-0.06644459417894509,-1.3132131262948608,0.016181682181902746,-0.03310315498223417,-0.09515051313072406,25.67922119890392,-0.4040673164082591,-5.115627282558981,-0.3472206998814027,2,29.452576000843994,34.515028263781254,-0.023212157000432866,-0.20953093212981275,1.6277776000000157
452,452,Path I 114A,0.278,13130.0,152.015,I 114A,,,,I,114,61.5,1988.2156666666667,1991.548106,1992.106038,-1.0463656920404383,25.6070262271595,-1.1695423229388557,-5.140928489393012,1992.143683,1992.0900531666666,-1.293482956680404,25.431394532368127,-5.311292989657594,-1.2824940434983947,25.653624550163244,-5.0957276500961495,-1.3815990872731785,25.584168702884174,-5.163100516515324,0.31543872914058213,0.19914832362480156,0.19317586539927115,0.2361283514579564,-0.04659832300374234,-0.04520083929686258,-0.013813149160586477,-0.21960744234687013,-0.21302141515088882,0.3352333952327402,0.02285752427532728,0.02217202712231181,1992-02-08 19:26:16.051196794,0.12236185195956284,-0.12520715268040372,-0.11876688008172803,-0.21651451955095632,0.3115996227611214,0.24112873204129087,0.3388763715105192,-0.00930029499391935,-1.3138165612554888,0.26745086921505057,-0.03335684766849153,0.15571869962805437,25.67967833062288,-0.0726521034633798,-5.11570962518096,-0.025218864212051884,2,29.45149748735096,34.50205052404255,-0.028814867338421778,-0.21058496090676362,1.6227544000001424
468,468,12 SPL A4 Path H 8A,0.24,12374.0,157.021,H 8A,,,,H,8,61.5555555555555,1988.2712222222221,1992.963394,1992.223159,-1.537051733887817,25.412003487449216,-1.5577800708695035,-5.330102497139386,1992.200108,1992.198266027778,-1.3220270491228698,25.63632188017711,-5.112511413009401,-1.2957730201986926,25.658143255702534,-5.091344460535985,-1.3854715551949714,25.589142171082997,-5.15827620262778,0.3189869928833474,0.19637506934968102,0.1904857810198615,-0.24127871368912435,-0.24613976825331818,-0.238758036603401,-0.02652208698540755,-0.020879133719573655,-0.02025296849932327,-0.15158017869284546,-0.17713868363378182,-0.17182629451160558,1992-03-22 16:13:43.161596710,-0.36972964188781576,-0.15442834512286926,-0.1310675723653593,-0.2167688887505271,0.3143163172837189,-0.23866206952245647,-0.15296075313728866,-0.023689213013184707,-1.3307001986242317,-0.20635153526358518,-0.04381454543119979,-0.325915096456616,25.690686268970044,-0.27868278152082837,-5.118013507223272,-0.21208898991611402,3,28.918095970620183,34.52984926495232,0.10104289672875795,-0.24127784647329373,1.4644184000001326
453,453,Path I 115A,0.234,11354.0,131.204,I 115A,,,,I,115,61.6666666666666,1988.3823333333332,1991.600182,1992.271127,-1.382663721440355,25.88993592592261,-1.20805228864232,-4.866503252495807,1992.2912373333331,1992.3047075,-1.586324163311969,25.62394516997344,-5.124516945674061,-1.3082478227153,25.65983523582427,-5.089703222898101,-1.388207768721167,25.592178552453205,-5.155330882334862,0.32700377557733584,0.1939716672857004,0.18815445698377942,-0.07441589872505494,0.23010069009833956,0.22319997040229378,-0.2841391539709224,-0.035822333718648736,-0.03474802193042592,0.005544047280811926,0.29775737346940545,0.2888276298390551,1992-04-09 05:34:46.444799323,-0.21591724544035484,-0.4198190113119688,-0.1423829438819667,-0.21592740976283362,0.32118988315177216,-0.07353430155838814,1.0164322478772858e-05,-0.28358970147092205,-1.337850719502149,-0.04481300193820603,-0.0578394273821448,-0.15807781805821003,25.699894432785023,0.19004149313758845,-5.118158484699549,0.251655232203742,4,29.124805953472748,34.51530733079252,0.04902283310636632,-0.26376284647332343,1.3492952000001437
469,469,12 SPL A4 Path H 9A,0.226,12500.0,152.385,H 9A,,,,H,9,61.7777777777777,1988.4934444444443,1992.963394,1992.379426,-1.8392570346077362,25.5698960965485,-1.5065311256672886,-5.17694508738699,1992.3612206666667,1992.4149557500002,-1.4723494028314186,25.79103974626273,-4.96243353572769,-1.302534185109148,25.66132401954947,-5.0882590877968195,-1.395288429573216,25.590623814723184,-5.156838993480363,0.3281100781567332,0.1924622333721021,0.18669029099324988,-0.5367228494985881,-0.09142792300096758,-0.08868599959017054,-0.15990878604999073,0.13085879507799328,0.12693433981360633,-0.4439686050345202,-0.02072771817468322,-0.020106093906626654,1992-05-18 20:52:40.742398947,-0.6738101466077357,-0.3066840508314192,-0.13523741327581462,-0.21945915646210518,0.3229486090129487,-0.5385727333319211,-0.4543509901456306,-0.16162756132776898,-1.354670680717971,-0.48458635388976523,-0.0674404866367807,-0.606369659970955,25.706777301029586,-0.1368812044810852,-5.116195135861454,-0.06074995152553608,5,28.54251744522882,34.46509922548376,0.15453264780654621,-0.31545738296914716,1.0787552000001404
454,454,Path I 116A,0.23,10308.0,118.651,I 116A,,,,I,116,61.8333333333333,1988.549,1991.729429,1992.433109,-1.1951274524461661,25.913287216317077,-1.0915527856774219,-4.843852267300271,1992.471133,1992.5234326944442,-1.3925563651867379,25.769807272106963,-4.983029247983523,-1.3265398425198367,25.65938359818047,-5.090141315928967,-1.4027423653171431,25.58369804040221,-5.163557063829451,0.3408983147093932,0.19260236724773186,0.18682622225394935,0.13141239007367056,0.2539036181366079,0.24628904862869572,-0.06565417694392746,0.1084718207654068,0.10521875086065376,0.207614912870977,0.32958917591486525,0.31970479652918016,1992-06-07 12:25:46.041601853,-0.030324760446166943,-0.2282099611867384,-0.15754911135316976,-0.2234664781226988,0.33408088481303283,0.12722435090700282,0.19314171767653185,-0.07037230305503907,-1.3629226884767678,0.16779523603060165,-0.07536893958800371,0.04504417914183677,25.71194257982716,0.2013446364899174,-5.115501070621185,0.27164880332091457,6,28.2323358333856,34.420688813268136,0.20278791937494176,-0.3045148050314765,0.8210767999994651
470,470,12 SPL A4 Path H 10A,0.248,13153.0,166.976,H 10A,,,61.0,H,10,62.0,1988.7156666666667,1993.214445,1992.600864,-1.1432846085063124,25.82623850345532,-1.2481184456429357,-4.9282903892633065,1992.5449456666668,1992.6314050277776,-1.0117597480327405,25.860956409678778,-4.894613673047487,-1.3516325370994473,25.66329873629474,-5.086343592806743,-1.4129595294358253,25.578267091842072,-5.168825138242273,0.3266425107893143,0.19391337995901745,0.18809791769402398,0.2083479285931349,0.16293976716058012,0.1580532035434361,0.3381298293617679,0.19687632593643656,0.1909720049216057,0.26967492092951284,0.24797141161324632,0.2405347489789662,1992-08-07 21:59:21.753600046,0.019505023493687546,0.15170090396725877,-0.18072644976611393,-0.23035006194971436,0.31972033102977776,0.20023147325980148,0.2498550854434019,0.3306262337506561,-1.3865014826218072,0.24321687411549475,-0.09219882184138778,0.11170384533507532,25.717445397122216,0.10879310633310268,-5.1157717468686466,0.18748135760534002,8,27.508755360260018,34.30997451971412,0.3121542006954901,-0.270144793041085,0.18688960000007399
455,455,Path I 117A,0.22,11049.0,127.265,I 117A,,,,I,117,62.0,1988.7156666666667,1991.843812,1992.600864,-0.6968671831457443,25.843343509263942,-0.99700572548146,-4.911698362578882,1992.6615623333334,1992.7408083333332,-0.9797247775015085,25.798646208893402,-4.955055190911313,-1.3714963525642423,25.66955791675182,-5.080272125171567,-1.4249424189139992,25.577258632045282,-5.169803354329757,0.3103073077031452,0.19912946096848752,0.19315756843402115,0.674629169418498,0.17378559251212167,0.1685737625926853,0.3891949260736758,0.12854948690630272,0.12469428779398258,0.728075235768255,0.2660848772186597,0.25810499175087465,1992-08-07 21:59:21.753600046,0.4659224488542557,0.18233647449849152,-0.1985004282309086,-0.23909849623344379,0.3041075039385127,0.6644228770851643,0.7050209450876995,0.37823652948108305,-1.3865014826218072,0.6896342994760629,-0.09219882184138778,0.5581212706956435,25.717445397122216,0.12589811214172641,-5.1157717468686466,0.20407338428976463,8,27.508755360260018,34.30997451971412,0.3121542006954901,-0.270144793041085,0.18688960000007399
456,456,Path I 118A,0.222,10744.0,123.915,I 118A,,,,I,118,62.1666666666666,1988.8823333333332,1992.004194,1992.782959,-1.0990225408524699,25.726356613960938,-0.9615924611773566,-5.025176820891751,1992.7222606666664,1992.84301275,-0.8525678059376572,25.787719267166064,-4.965654433656247,-1.383630221061864,25.67743351291473,-5.072632718137577,-1.4331055998849465,25.579028407134608,-5.168086654795357,0.3086215122143106,0.2001507475004953,0.19414822658293485,0.2846076802093942,0.04892310104620634,0.04745589724582633,0.529803646313103,0.11182150248138949,0.10846797562197234,0.3340830590324766,0.1473282068263302,0.14290983390360612,1992-10-13 13:30:42.681596573,0.06158195114753129,0.30876506606234316,-0.2084732869507525,-0.24413122217661323,0.3022656052302718,0.2700552380982838,0.3057131733241445,0.5159876835353253,-1.395984467771015,0.29696192691854506,-0.11980090920701841,0.1813828603545497,25.72033107328564,0.006025540675299368,-5.120353457057882,0.09517663616613081,10,27.987366669994564,34.35090376707265,0.22527787102002536,-0.1346949137811189,-0.189550799999798
471,471,12 SPL A4 Path H 11A,0.254,13658.0,166.957,H 11A,,,,H,11,62.1666666666666,1988.8823333333332,1993.321867,1992.782959,-0.7618136938147586,25.79345767827331,-0.9825318636538801,-4.960088117498106,1992.8431039999998,1992.943858472222,-0.967777841102599,25.698615133234213,-5.052086334611478,-1.3919877831261749,25.68070186438747,-5.069462384525512,-1.4391499225875934,25.580626760289434,-5.166536236251643,0.3138249336340402,0.1970325977795939,0.19112359017216335,0.6301740893114163,0.11275581388584044,0.10937426702740538,0.4263443861591892,0.020733910180329218,0.020112100214019435,0.6773362287728348,0.21283091798387588,0.20644811875353675,1992-10-13 13:30:42.681596573,0.39879079818524255,0.19210491089740103,-0.21469413723728573,-0.24715191932370484,0.30590952537795074,0.6134849354225282,0.6459427175089474,0.40889089378881854,-1.395984467771015,0.6341707739562563,-0.11980090920701841,0.518591707392261,25.72033107328564,0.07312660498767087,-5.120353457057882,0.16026533955977573,10,27.987366669994564,34.35090376707265,0.22527787102002536,-0.1346949137811189,-0.189550799999798
472,472,12 SPL A4 Path H 12A,0.242,7455.0,95.178,H 12A,1.0,62.0,,H,12,62.3333333333333,1989.049,1993.465275,1992.963394,-1.0424972886405692,25.5760311074684,-0.9627895708919175,-5.170994065444578,1992.903249,1993.0477689722222,-0.9643995473297275,25.70526350511281,-5.0456373474055205,-1.4067486775973261,25.675508291859458,-5.074500201813405,-1.4440189084197912,25.578736658923688,-5.168369653477433,0.33063787504729636,0.2054598818596027,0.19929814000261303,0.3642513889567569,-0.09947718439105913,-0.0964938636311734,0.43755294467233236,0.030659888370990984,0.029740398318746013,0.40152161977922196,-0.002705551455289168,-0.002624411967144802,1992-12-18 14:27:10.425603401,0.11594198335942929,0.19476146467027156,-0.22719052448621468,-0.24919664387812457,0.31992006894355884,0.343132507845644,0.36513862723755386,0.4171160897464054,-1.3999879507323867,0.35749066209181746,-0.1442748765435012,0.26021685990293053,25.720394983539176,-0.14436387607077705,-5.12477498756065,-0.04621907788392843,12,29.56586759350198,34.30647056867059,-0.14198726419128302,-0.07820230560811979,-0.08785439999958207
457,457,Path I 119A,0.268,12888.0,150.352,I 119A,1.0,62.0,,I,119,62.3333333333333,1989.049,1991.937287,1992.963394,-1.0888876595338557,25.746301729596727,-1.1389134896659037,-5.005829859273877,1993.0470776666668,1993.1539037499997,-1.120071738928603,25.787793566725927,-4.965582362340181,-1.4071210152826794,25.667600693978535,-5.082170650833883,-1.4444886379515454,25.576223931038836,-5.170807024653018,0.33095373380239157,0.21510813230901318,0.20865703942104585,0.3182333557488237,0.07870103561819164,0.07634079156000606,0.2907314710965631,0.12018197149235614,0.11657771416730107,0.3556009784176897,0.17007779855789096,0.16497716537914098,1992-12-18 14:27:10.425603401,0.06955161246614283,0.041151857404729895,-0.22517921350490144,-0.2469932127987675,0.31826864458184106,0.2947308259710443,0.31654482526491035,0.26998285780026626,-1.3999879507323867,0.311100291198531,-0.1442748765435012,0.21382648900964404,25.720394983539176,0.025906746057550833,-5.12477498756065,0.1189451282867724,12,29.56586759350198,34.30647056867059,-0.14198726419128302,-0.07820230560811979,-0.08785439999958207
458,458,Path I 120A,0.274,13131.0,151.796,I 120A,,,,I,120,62.5666666666666,1989.2823333333333,1992.101852,1993.214445,-1.2288302686113852,26.04104786311266,-1.2957285831847905,-4.719923162302088,1993.1665686666668,1993.2621690833334,-1.1339252194552216,25.78789223133161,-4.965486656686022,-1.4185399371954936,25.659725799862724,-5.089809376875158,-1.4491684319725275,25.580195145254216,-5.166954907151959,0.341068827228144,0.22014740329321136,0.21354518266842762,0.18970966858410843,0.3813220632499359,0.3698862145730706,0.2835515405863201,0.12609113715559536,0.1223096639523001,0.22033816336114231,0.46085271785844384,0.4470317448498715,1993-03-20 06:32:17.520002170,-0.06203802361138244,0.03155080187811343,-0.23412326319549326,-0.24910105305586072,0.3260235714097679,0.17208523958411082,0.18706302944447828,0.26457630947521044,-1.4143173299326246,0.18548706132123938,-0.1953788100068374,0.13334078639545496,25.728537827668685,0.3125100354439745,-5.136126141302789,0.41620297900070113,3,28.799351609822647,34.44525073740672,0.08909732420607414,-0.16303456522330542,0.5146680000003204
473,473,21 SPL A4 Path H 13A,0.266,12031.0,148.473,H 13A,,,,H,13,62.6666666666666,1989.3823333333332,1993.454664,1993.321867,-1.0840577302204246,25.576327101285447,-1.066067733325136,-5.170706948482103,1993.3303253333333,1993.3727611666666,-1.128178726648741,25.826485060913182,-4.928051226063602,-1.4267693276464526,25.658076788686788,-5.091408934205926,-1.4619535030239252,25.58486192216635,-5.162428086879418,0.3539105531567602,0.22047198018186018,0.21386002549618569,0.34271159742602797,-0.08174968740134148,-0.07929801427617633,0.29940933112977614,0.1682746639061996,0.16322810673565158,0.3778957728035006,-0.008534820880903737,-0.008278861602684984,1993-04-28 11:33:17.712003505,0.08713881677957991,0.043364612017929106,-0.2397740460908966,-0.25930279273225854,0.33497720177171214,0.3269128628704765,0.34644160951183844,0.2839224609075571,-1.435314898788742,0.35125716856831746,-0.2084127552729652,0.2955515720525451,25.72281392272205,-0.14648682143660352,-5.144655388565464,-0.0260515599166391,4,28.55515440343878,34.30747811831538,0.08082302701958052,-0.14606154364064514,0.7
474,474,22 SPL A4 Path H 14A,0.256,14165.0,177.92,H 14A,,,62.0,H,14,63.0,1989.7156666666667,1993.716857,1993.454664,-1.071648181114414,25.862080218341443,-1.1373697704124657,-4.893523567406614,1993.4139353333333,1993.4855388333335,-1.2417245775813228,25.783353433715348,-4.969889335761775,-1.437454908493606,25.65682860247144,-5.092619687316675,-1.4746068635096359,25.591949127366373,-5.155553426963344,0.3630652808914691,0.22032647416274195,0.2137188832025807,0.36580672737919184,0.2052516158700044,0.1990961199100605,0.1965671361139508,0.1284904103335028,0.1246369829275995,0.4029586823952218,0.27013109097507026,0.26202985955672986,1993-06-15 22:51:23.904002946,0.10499304288558986,-0.06675322891465323,-0.2477762373824944,-0.2694099297735246,0.34178381485157294,0.3527692802680843,0.3744029726591145,0.1818358310398792,-1.4587631501070761,0.38711496899266207,-0.24099233347139712,0.345985376356987,25.710188376090105,0.151891842251338,-5.137760104730027,0.24423653732341322,6,27.632450121257648,34.28409450653459,0.27329532749969215,-0.18746364196197282,0.604403199999801
459,459,Path I 121A,0.238,12079.0,139.557,I 121A,,,,I,121,62.8,1989.5156666666667,1992.106038,1993.465275,-1.5694678214091302,25.91165298151915,-1.4480910445040003,-4.845437491396609,1993.5263759999998,1993.599038138889,-1.2991731341420338,25.885268907473474,-4.871030307061655,-1.4506509049457625,25.649683678987305,-5.0995503345455235,-1.480299042086216,25.600255389380266,-5.147496269747247,0.36410531041813426,0.2185025840085828,0.2119496915141438,-0.11881691646336767,0.26196930253184547,0.25411284314891436,0.15004641465924395,0.2315047038769175,0.22456187780764747,-0.08916877932291412,0.31139759213888496,0.3020587783506379,1993-06-19 19:48:32.400000619,-0.39239154640912943,-0.11959171814203295,-0.25821689639020656,-0.27246663960010464,0.34200041720725743,-0.13417465001892287,-0.11992490680902479,0.1371854821407261,-1.4603580994873624,-0.10910972192176782,-0.2431332297630916,-0.14925831664603784,25.70941249485099,0.20224048666815975,-5.136548704579113,0.29111121318250355,6,27.59695993100415,34.28939474948643,0.2834882820065538,-0.18736797868487065,0.5750099999997018
475,475,23 SPL A4 Path H 15A,0.284,15244.0,192.486,H 15A,,,,H,15,63.0833333333333,1989.799,1993.659189,1993.659189,-1.2564033999025581,25.882073522559825,-1.428262218121926,-4.874129862381743,1993.6137736666667,1993.71220975,-1.4572820882677242,25.89688368070912,-4.859763860875346,-1.4595528329644656,25.654780329330922,-5.09460653274571,-1.4828971819496781,25.60890028274817,-5.139110636731444,0.37010695089849116,0.21367203825324657,0.20726401382601028,0.20314943306190747,0.22729319322890262,0.22047667036396756,0.003106960016701225,0.24522263612518577,0.23786840926779065,0.22649378204712,0.27317323981165487,0.26498077434970124,1993-08-29 14:29:44.303999033,-0.07137665090255929,-0.2741173679343927,-0.26433846707557646,-0.2723808217135667,0.3460048209300479,0.19296181617301716,0.2010041708110074,-0.0089548764092268,-1.4802679713244216,0.22386457142186345,-0.2718298428032959,0.20045319190073663,25.702070057935142,0.18000346462468286,-5.128443075575293,0.2543132131935506,8,26.991082511061734,34.34523625236889,0.44191001242126343,-0.20621046450391714,0.2589731999999994
460,460,Path I 122A,0.302,11188.0,129.156,I 122A,,62.7,,I,122,63.0333333333333,1989.749,1992.223159,1993.716857,-1.545975043491485,25.896924538048385,,-4.859724228847686,1993.7457573333334,1993.8261307222226,-1.586371172247616,25.874940387195835,-4.881049075016164,-1.4709634069430486,25.650519125433576,-5.098739943138176,-1.486968473310601,25.61255427645869,-5.135566226292303,0.36434549446805486,0.21944541049043875,0.2128642426298089,-0.07501163654843634,0.2464054126148092,0.23901571429049007,-0.11869804417637164,0.22410342291147126,0.21738256125835628,-0.059006570180883955,0.28437026158969303,0.27584199744461735,1993-09-19 15:40:02.351996556,-0.3585839064914893,-0.3977951215809517,-0.27293211110971494,-0.27369278307448974,0.340789919571256,-0.08565179538177436,-0.08489112341699956,-0.1281613727597075,-1.491768805126303,-0.05420623836518201,-0.28086449441084954,-0.07771941208063976,25.700458555269776,0.1964659827786086,-5.12628382875061,0.26655959990292466,9,27.11304171684961,34.375209208938514,0.428566813305943,-0.19278546666569674,0.18977160000005866
476,476,24 SPL A4 Path H 16A,0.25,13394.0,166.986,H 16A,,,,H,16,63.1666666666666,1989.8823333333332,1993.861226,1993.861226,-1.956735073348806,25.845823100979306,-1.6079004173109055,-4.909293133819062,1993.8433779999998,1993.9424066388888,-1.704424298507214,25.787322623605878,-4.966039181876062,-1.4725031443062198,25.647211438088604,-5.101948432939674,-1.4920135312912957,25.613285312267905,-5.134857114247012,0.36531523029000457,0.22488046157513444,0.2181362965324747,-0.4842319290425863,0.19861166289070198,0.1926552991206112,-0.22655652747579672,0.13726783983406085,0.13315117731743786,-0.4647215420575104,0.23253778871140085,0.22556398042794967,1993-11-11 08:20:23.135999616,-0.7634248073488066,-0.5118458005072161,-0.2716306682784416,-0.2759116899718511,0.33999651660311603,-0.49179413907036496,-0.48751311737695546,-0.23488252107765092,-1.5087231516783994,-0.4480119216704066,-0.2988354289814219,-0.4645893783673847,25.701604529042935,0.14421857193637067,-5.1174948256122486,0.20820169179318615,11,28.113182241042193,34.31688783779278,0.1822912708734654,-0.12981877385643564,0.016528800000029625
477,477,25 SPL A4 Path H 17A,0.314,17109.0,218.132,H 17A,,,,H,17,63.25,1989.9656666666667,1993.952051,1993.952051,-1.610562778681352,25.619220231789942,-1.765219343974241,-5.129100182961437,1993.9521986666666,1994.0597047777778,-1.7652193439742405,25.62831730445626,-5.120275931504381,-1.4901367618449841,25.65243378779327,-5.09688270150265,-1.4981431280451287,25.615489138953293,-5.132719380323916,0.37186557401115405,0.21807335685362086,0.2115333368815593,-0.12042601683636778,-0.03321355600332865,-0.03221748145878767,-0.27410206525199604,-0.022328572509272487,-0.021658938619718054,-0.11241965063622317,0.0037310928366487417,0.003619197362478843,1993-12-14 11:58:00.335999466,-0.4135286876813524,-0.5683380349742401,-0.28632705890053933,-0.279225494503462,0.34501941350560705,-0.1272016287808131,-0.1343031931778904,-0.2810465905945884,-1.519907485255625,-0.09065529342572698,-0.2980216528636058,-0.1155070348177466,25.698507318071574,-0.0792870862816315,-5.110819009569219,-0.01828117339221791,12,29.07319674166908,33.98965133046646,-0.17616833370754903,-0.10226274268137149,0.09246120000006382
478,478,26 SPL A4 Path H 18A,0.27,14168.0,172.403,H 18A,1.0,63.0,,H,18,63.3333333333333,1990.049,1994.043319,1994.043319,-1.7283601798925647,25.419908580599536,-1.4932690198093574,-5.322434477732642,1994.095815,1994.1796512777776,-1.4932690198093572,25.512017053916015,-5.233088337530925,-1.5107119300155305,25.652292405014727,-5.0970198442116645,-1.5020751330424622,25.61723999737788,-5.131021030143483,0.3670709410069447,0.21810528448259314,0.21156430700093865,-0.21764824987703424,-0.2323838244151908,-0.22541463352097768,0.012582952274941661,-0.14157480769503294,-0.13732897921225776,-0.22628504685010253,-0.19733141677834354,-0.19141344758915935,1994-01-16 19:28:27.984003484,-0.5280606098925613,-0.29157038280935593,-0.3039166059599745,-0.28032280119523967,0.3396887219805181,-0.22414400393258682,-0.24773780869732165,0.007435666506424243,-1.5303534406168706,-0.19800673927569412,-0.3040868246167176,-0.22397378527584372,25.69114335571813,-0.27123477511859306,-5.1058518475480446,-0.21658263018459767,1,29.205188358349236,33.90176325410175,-0.2447561134087458,-0.06015413356853969,0.1
479,479,27 SPL A4 Path H 19A,0.256,13610.0,172.738,H 19A,,,,H,19,63.5,1990.2156666666667,1994.292075,1994.292075,-1.1408841008541561,25.496922349358567,-1.5963765029834276,-5.247730351898696,1994.262066666667,1994.3029771111114,-1.5963765029834274,25.509579678781268,-5.235452615785383,-1.516707224392383,25.656049392025146,-5.093375529241688,-1.5110261428253877,25.619792512129994,-5.128545065308782,0.3692694100017909,0.21499056320191653,0.20854299621146977,0.3758231235382268,-0.1591270426665794,-0.15435482265700795,-0.07792165680286267,-0.14131344900525988,-0.13707545866959,0.3701420419712316,-0.12287016277142726,-0.11918528658991345,1994-04-17 14:34:37.200002145,0.06687814914584589,-0.3895145029834252,-0.3067744830868271,-0.2863623889503876,0.34068955861292394,0.373652632232673,0.3532405380962335,-0.08100842686767558,-1.546930653713862,0.4060465528597059,-0.33646606226911874,0.4033442114149646,25.667922463090914,-0.17100011373234736,-5.101052677852453,-0.14667767404624232,4,29.33982666192603,33.9703927235817,-0.24349328112421942,0.07041831247448044,0.3004899999999911
480,480,28 SPL A4 Path H 20A,0.232,12696.0,153.8,H 20A,,,,H,20,63.6666666666666,1990.3823333333332,1994.450806,1994.450806,-1.9198852282035619,25.611908106385695,-1.5557226008232898,-5.1361930177248105,1994.4474956666666,1994.4268585555558,-1.5557226008232894,25.634520106454563,-5.1142591515380085,-1.5279453841337811,25.644337586319704,-5.104736097894026,-1.5162463932390444,25.622607907825284,-5.125814103330396,0.37122456393970105,0.21336339303799443,0.2069646248807619,-0.3919398440697808,-0.032429479934009464,-0.03145691983078436,-0.03476538995416245,-0.011383462342981451,-0.011042072307313985,-0.40363883496451747,-0.010699801439589152,-0.010378914394414629,1994-06-14 13:03:38.016001794,-0.7073610482035602,-0.3432977308232885,-0.3148271393004476,-0.2886154550862664,0.34190453759017086,-0.39253390890311257,-0.41874559311729376,-0.035480518704161655,-1.5616364104294624,-0.35824881777409945,-0.3403705099124469,-0.3669905382911133,25.64352487120472,-0.03161676481902376,-5.10009944959251,-0.03609356813230047,6,28.65505661893655,33.96042574272476,-0.09732901749446199,-0.011988917741364276,0.4
481,481,29 SPL A4 Path H 21A,0.23,11967.0,151.984,H 21A,,,,H,21,63.8333333333333,1990.549,1994.599606,1994.599606,-1.6063984734121513,25.794729863619427,-1.6635902974718906,-4.95885408499052,1994.598131,1994.5494471111112,-1.6635902974718901,25.781651086046633,-4.971540630023907,-1.5182190240812177,25.637323728047782,-5.11153961055637,-1.52361620985329,25.619825994183003,-5.128512587382544,0.36740232555021574,0.21992955380171936,0.21333386648318248,-0.08817944933093358,0.1574061355716445,0.15268552556585036,-0.138886059379672,0.1471315452047056,0.14271907016401877,-0.08278226355886131,0.17490386943642378,0.16965850239202407,1994-08-07 20:32:54.815999821,-0.3894102934121513,-0.446646367471889,-0.30185001397010625,-0.2929306514782899,0.33671647147198247,-0.08756027944204503,-0.09647964193386138,-0.13832880892596736,-1.576567036574121,-0.029831436838030356,-0.3613714250549986,-0.02803886835715269,25.616532076746346,0.1781977868730813,-5.101385313884936,0.14253122889441627,8,27.820413362337938,34.079551302183795,0.13989900053503707,-0.07522817433604632,0.4
482,482,30 SPL A4 Path H 22A,0.308,17679.0,213.082,H 22A,,,63.0,H,22,64.0,1990.7156666666667,1994.743981,1994.743981,-1.464487190799958,25.93831528813477,-1.5416860157889472,-4.819574787356391,1994.743579,1994.6726100000003,-1.5416860157889467,25.857823755377424,-4.897652379046345,-1.527948306061656,25.62189730815829,-5.126503392113381,-1.5349481500074067,25.615818397558254,-5.1323999961845175,0.3632157300463724,0.2194961647840309,0.21291347480213232,0.06346111526169818,0.3164179799764817,0.30692860475699035,-0.00922646447773623,0.2339369191059184,0.22692115090193413,0.07046095920744877,0.32249689057651665,0.3128252088281265,1994-09-29 13:16:24.816002402,-0.2431677607999556,-0.3203786457889461,-0.30827552236721145,-0.30114045618796226,0.3335794475319828,0.06510776156725584,0.057972695388006645,-0.007625681144402319,-1.5896606790616907,0.1251734882617328,-0.3802294812875293,0.1370617204875737,25.605776156507737,0.3325391316270334,-5.101562414765846,0.28198762740945504,9,27.704164407457952,34.25437819794973,0.24414585915198947,-0.13583206522329147,0.6427772000001045
483,483,31 SPL A4 Path H 23A,0.224,11776.0,147.623,H 23A,,,,H,23,64.1666666666666,1990.8823333333332,1994.88715,1994.88715,-1.554172383154732,25.840426114378072,-1.5817633192516762,-4.914528264792125,1994.8845196666668,1994.7937889444443,-1.581763319251676,25.777479076064626,-4.975587521426551,-1.5512113237907585,25.612439472608443,-5.135677587175087,-1.5477828259819713,25.61185695250302,-5.136242637502543,0.3646909625453349,0.21776846257563276,0.21123758638296256,-0.002961059363973506,0.22798664176962902,0.2211493223829617,-0.02923405324700871,0.1635369066037254,0.1586324347746825,-0.006389557172760796,0.2285691618750505,0.2217143727104185,1994-11-20 19:26:02.400000621,-0.32855788315473133,-0.35615296925167533,-0.3281333575963139,-0.3108140878291932,0.33478543941800765,-0.00042452555841743234,-0.01774379532553816,-0.02673566329330444,-1.6022161028878634,0.048043719733131374,-0.4113710676273678,0.08281318447263647,25.593416729434836,0.24700938494323665,-5.105446952582573,0.19091868779044852,11,28.836220920116318,34.333752533636094,0.03081188259390375,-0.08594229903628821,1.014580000000037
484,484,32 SPL A4 Path H 24A,0.278,16012.0,203.151,H 24A,1.0,64.0,,H,24,64.3333333333333,1991.049,1995.022428,1995.022428,-1.7266303838003387,25.553695825681036,-1.7675665405936576,-5.1926595121311365,1995.019317,1994.9170724722223,-1.7675665405936574,25.55375463239965,-5.1926024690260135,-1.5784281681615877,25.60748972761597,-5.140478889315232,-1.555043504094135,25.61012578971597,-5.1379218827176105,0.334414288170966,0.2143687494026998,0.20793983060808477,-0.14820221563875102,-0.053793901934934496,-0.05218062281590452,-0.1945671140064901,-0.05525925777328666,-0.053602032632664866,-0.17158687970620368,-0.05642996403493328,-0.054737629413526,1995-01-09 04:28:09.407999709,-0.496733263800339,-0.537417693926991,-0.3518430379115876,-0.3149176891219128,0.30592354598381816,-0.1448902258887514,-0.18181557467842618,-0.19106773286760145,-1.6266925683238755,-0.09993781547646319,-0.4432056616530889,-0.05352760214725011,25.58107079177258,-0.027374966091542774,-5.1093560193689,-0.08330349276223625,1,29.652604071266687,34.30161799406799,-0.16325295023497513,-0.11398571906948382,1.0230864000000601
485,485,33 SPL A4 Path H 25A,0.242,13652.0,168.474,H 25A,,,,H,25,64.4666666666666,1991.1823333333334,1995.148373,1995.148373,-2.0218968548259024,25.267141957139845,-1.8116624884723544,-5.470619630154779,1995.163253,1995.0369940555554,-1.8116624884723542,25.36686998431735,-5.373882446512323,-1.5893587878091564,25.6071124702944,-5.140844832689727,-1.5629339013701096,25.60961260817411,-5.138419673945031,0.3245832697691175,0.21416543854012826,0.20774261703828167,-0.432538067016746,-0.3399705131545545,-0.3297747974650518,-0.2196931404610675,-0.23906639107148328,-0.23189679000324936,-0.45896295345579285,-0.3424706510342652,-0.33219995620974796,1995-02-24 03:44:50.927999757,-0.7869619348259027,-0.5761323684723538,-0.3590734876702675,-0.31970339718955415,0.29886780202926344,-0.42788844715563523,-0.46725853763634856,-0.21449666037773377,-1.6365193671131342,-0.38537748771276825,-0.46606929081049087,-0.32089264401541184,25.57157079292502,-0.3044288357851741,-5.113396347359988,-0.35722328279479143,2,29.666660630144875,33.96499225544379,-0.31782698839954654,-0.09127726306506975,0.6439047999999674
486,486,34 SPL A4 Path H 26A,0.236,12313.0,156.424,H 26A,,,,H,26,64.6,1991.3156666666666,1995.318958,1995.318958,-1.6864602267908224,25.279772170131178,-1.8720350922130378,-5.458368197251055,1995.2936643333333,1995.1587748611112,-1.8720350922130375,25.311144737754272,-5.427936492930978,-1.6081210880631167,25.60320692825614,-5.144633247522263,-1.5699616982229736,25.611231637452413,-5.136849199354783,0.29340522086911275,0.21194057401651906,0.20558447620173473,-0.0783391387277057,-0.3234347581249608,-0.3137349497287918,-0.2668007522635054,-0.292868468729593,-0.2840853433523926,-0.11649852856784881,-0.33145946732123477,-0.3215189978962716,1995-04-27 10:04:19.488002082,-0.4447019067908198,-0.6312885188797047,-0.37399059870200535,-0.3236240109868623,0.27216978271135217,-0.07071130808881443,-0.1210778958039575,-0.2602620509579503,-1.654052463883906,-0.03240776290691638,-0.4966974165968356,0.051995509806015805,25.552820793376878,-0.2730486232456997,-5.114754592523461,-0.3436136047275937,4,29.627159033582355,33.888230312357685,-0.34367947502868224,0.05694252110756042,0.23450079999996387
487,487,35 SPL A4 Path H 27A,0.24,12903.0,157.03,H 27A,,,,H,27,64.7333333333333,1991.449,1995.413662,1995.413662,-1.907748195022389,25.386520085991794,-1.8973924219697722,-5.354821651387098,1995.4206803333334,1995.27774875,-1.897392421969772,25.41778402453744,-5.324495318358436,-1.6182231439763242,25.601720220901058,-5.146075368523764,-1.5676462468543515,25.612085839072016,-5.136020615241753,0.2792956142955145,0.21232402447428136,0.20595642698026856,-0.28952505104606474,-0.2152001349092636,-0.2087462828633342,-0.27925949350808893,-0.1831580810863412,-0.17766517023456144,-0.3401019481680374,-0.22556575308022175,-0.2188010361453454,1995-05-31 23:40:44.831997829,-0.6622017150223916,-0.6515652086364396,-0.3800153173929907,-0.31822828495157346,0.2632698429554899,-0.28218639762940084,-0.3439734300708181,-0.2716985070914233,-1.6670459537780515,-0.24070224124433737,-0.506639007977017,-0.15556270704537456,25.552779410554916,-0.16625932456312142,-5.117825889318354,-0.2369957620687444,5,29.121905257420128,33.96636787730639,-0.19736175228324687,0.0019518016831643764,0.05360560000004044
488,488,36 SPL A4 Path H 28A,0.238,12547.0,159.626,H 28A,,,,H,28,64.8666666666666,1991.5823333333333,1995.529421,1995.529421,-2.0979688440961057,25.58705981748935,-1.9762559784047307,-5.160296106437155,1995.5344203333334,1995.3989688055553,-1.9762559784047307,25.544514790088684,-5.201565208466074,-1.6280545533456092,25.59789916771415,-5.1497818283255965,-1.5697046121822558,25.61182000718754,-5.136278474828017,0.2660452452406372,0.2108806094195398,0.20455629994301794,-0.4699142907504965,-0.010839350224799205,-0.010514278111558362,-0.3446945235508238,-0.05117029560347793,-0.0496356984383303,-0.52826423191385,-0.024760189698188384,-0.024017631609138057,1995-07-13 05:43:40.655998632,-0.8477920040961076,-0.7258791650713978,-0.3855941885400533,-0.31720044126558894,0.2554838479304151,-0.46219781555605427,-0.5305915628305187,-0.3367623122360098,-1.673115425406362,-0.4248534186897437,-0.5290246600455719,-0.31876734405053564,25.546144661655525,0.04091515583382588,-5.121852718585637,-0.03844338785151802,7,28.671677457304174,34.25552303641552,0.03180817084609697,0.0219068530458635,-0.17061039999976746
489,489,37 SPL A4 Path H 29A,0.236,13339.0,161.633,H 29A,,,64.0,H,29,65.0,1991.7156666666667,1995.660178,1995.660178,-1.9230508960956978,25.65996446678491,-1.9101534041199522,-5.0895778675739685,1995.6683343333334,1995.5155836666668,-1.910153404119952,25.608708694188845,-5.139296479549878,-1.6484066672397875,25.58743586846128,-5.15993133323387,-1.564120522871647,25.60768987657355,-5.140284742824892,0.2626350599107402,0.19716333197426889,0.19125040364832727,-0.27464422885591033,0.07252859832362901,0.07035346565990164,-0.25699227111142803,0.015839900040074184,0.015364861437871191,-0.35893037322405075,0.05227459021136127,0.05070687525092321,1995-08-29 23:09:33.408002749,-0.6676437760956944,-0.6544200307866191,-0.4017410525731204,-0.308519719357758,0.2528054340069098,-0.26590272352257394,-0.35912405673793635,-0.24793838387068803,-1.6752705575720557,-0.24778033852364212,-0.5332174292408784,-0.13442634685481591,25.544683066449338,0.11528140033557221,-5.126410236225685,0.036832368651716685,8,28.505229272971498,34.35696587870132,0.11407604955464111,0.0005314419709020513,-0.6266408000004291
490,490,38 SPL A4 Path H 30A,0.248,12928.0,163.901,H 30A,,,,H,30,65.1111111111111,1991.8267777777778,1995.815404,1995.815404,-1.7094404721680532,25.579101798292275,-1.829484744511874,-5.168015464638511,1995.7978573333332,1995.6313165833333,-1.8294847445118736,25.594640656927286,-5.15294261637396,-1.6830221784401758,25.593271346270882,-5.1542708614037815,-1.564630647188797,25.604430207909118,-5.1434466540260795,0.2681917826383055,0.19991479712220614,0.19391935235647895,-0.026418293727877407,-0.014169547978607255,-0.013744603234729702,-0.14891298460411204,0.002305181467757933,0.002236049075539389,-0.1448098249792562,-0.025328409616843572,-0.02456881061243177,1995-10-25 14:56:20.543998238,-0.4478243121680554,-0.5685704511785414,-0.4321096996346198,-0.30593275111935214,0.2580118966764819,-0.01571461253343559,-0.14189156104870326,-0.13895932745596526,-1.6725606619157736,-0.0368798102522796,-0.536940641032795,0.08911632886473964,25.54824003907259,0.030861759219686036,-5.130590972817942,-0.03742449182056884,10,29.39539338017146,34.46510071836873,-0.03309937682433649,0.041919667390553514,-1.0
491,491,39 SPL A4 Path H 31A,0.244,13124.0,160.717,H 31A,,,,H,31,65.2222222222222,1991.937888888889,1995.91799,1995.91799,-1.8559628652718712,25.54485570570468,-1.685260518668229,-5.201234516909402,1995.9239453333332,1995.7471518888888,-1.6852605186682288,25.471549047146564,-5.272342708777361,-1.7102864340433226,25.59629921164643,-5.151333801710848,-1.5757828663182163,25.5970763584522,-5.150579961537782,0.25376613355180255,0.20486658264042457,0.19872263382700706,-0.14567643122854856,-0.05144350594174796,-0.04990071519855377,0.01746140593703364,-0.12443444435937086,-0.12070265537303342,-0.28017999895365486,-0.052220652747518415,-0.05065455537161956,1995-12-02 01:35:32.639997412,-0.5902432652718745,-0.41959742733489747,-0.45498261895998865,-0.31403013649877165,0.24521837830573998,-0.1352606463118859,-0.2762131287731029,0.02776572943703128,-1.6746161178384225,-0.1813467474334487,-0.5327055682613022,-0.05753769701057232,25.550104989099296,-0.005249283394615389,-5.134291029514029,-0.06694348739537315,12,29.947988096190535,34.50286820507153,-0.13767484216704573,0.05712496715076486,-1.0
492,492,40 SPL A4 Path H 32A,0.244,11840.0,149.662,H 32A,1.0,65.0,,H,32,65.3333333333333,1992.049,1996.038442,1996.038442,-1.490378218564763,25.290689637442735,-1.6897264720329144,-5.44777814478417,1996.048853,1995.8649609444446,-1.6897264720329142,25.3566546038853,-5.38379146768522,-1.7148571613322896,25.598379916600493,-5.149315497098353,-1.5859656863471647,25.598763144777244,-5.148943761934624,0.2526366554673669,0.20850895359335186,0.20225577007505677,0.22447894276752667,-0.3076902791577574,-0.29846264768581676,0.026821141484774474,-0.2404427833125619,-0.2332319042410186,0.09558746778240179,-0.3080735073345089,-0.2988343828495461,1996-01-15 01:40:28.300801007,-0.22072470456476245,-0.42052471436624833,-0.4549971517211781,-0.3211894069443868,0.2452145783626439,0.23427244715641565,0.10046470237962435,0.03614268187366221,-1.6719792879607644,0.1816010693960015,-0.5288008358737758,0.30807613130901335,25.548361139465655,-0.25767150202291944,-5.133761867859643,-0.3140162769245274,1,30.243934157311084,34.46148872237854,-0.22140375424861114,0.05471634823820114,-0.9038696000000457
493,493,40 SPL A4 Path H 33A,0.274,13820.0,174.658,H 33A,,,,H,33,65.5,1992.2156666666667,1996.190127,1996.190127,-1.7228383322621093,25.234418468508483,-1.7150194087784503,-5.502361741362087,1996.1843846666668,1995.9809920833334,-1.7150194087784498,25.329422192604955,-5.410207178951267,-1.7244992451774543,25.596613033346664,-5.151029391523402,-1.603076046737736,25.601520177486766,-5.146269412636061,0.2409952187559991,0.2062940165416894,0.20010725898557313,0.0016609129153450919,-0.36219456483818036,-0.35133234983868533,0.005860961298206346,-0.2640196261296275,-0.2561016775420007,-0.11976228552437318,-0.3671017089782822,-0.35609232872602625,1996-03-10 14:04:32.044802371,-0.45060617326210806,-0.4428848694451159,-0.46002241803856525,-0.3352983822794025,0.23890072877715232,0.009416244776457194,-0.11530779098270555,0.013434073585243808,-1.6729685091509952,-0.0498698231111141,-0.5179919681498958,0.06738579488778773,25.55264978669177,-0.31823131818328676,-5.134831416960032,-0.3675303244020549,3,30.0721933585819,34.28779117492554,-0.26178466752983426,0.1473820175105011,-0.6436951999996778
494,494,41 SPL A4 Path H 34A,0.24,12953.0,159.03,H 34A,,,,H,34,65.6666666666666,1992.3823333333332,1996.324585,1996.324585,-1.9318416755084782,25.463158471863647,-1.8139172513168953,-5.280481650707543,1996.3129413333334,1996.0995171944442,-1.813917251316895,25.433171129168016,-5.309569672995733,-1.7232847037202252,25.58533250625659,-5.161971615606043,-1.6027310012228178,25.604461425466347,-5.1434163726833875,0.24202859241864474,0.2004228189679696,0.194412138627087,-0.20855697178825294,-0.12217403439294472,-0.11851003510150004,-0.09339186415371452,-0.1532619599475152,-0.14866563376868994,-0.32911067428566043,-0.1413029536027004,-0.13706527802415547,1996-04-28 19:09:16.704002216,-0.6573237305084771,-0.5395972486502285,-0.45393725933133605,-0.33194659508392865,0.24428757493389108,-0.2033864711771411,-0.3253771354245485,-0.08838265321852952,-1.67664858793972,-0.25519308756875825,-0.5090216582655812,-0.14830207224289593,25.55969159579697,-0.09653312393332314,-5.136642792871791,-0.14383885783575234,4,29.865864723794793,34.32076555682688,-0.20155388165554963,0.14881363621545188,-0.36049799999997095
495,495,42 SPL A4 Path H 35A,0.264,13142.0,167.089,H 35A,,,,H,35,65.8333333333333,1992.549,1996.424112,1996.424112,-1.787071746180099,25.601936447131916,-1.823931917714362,-5.145865626917569,1996.4705286666667,1996.216410916667,-1.8239319177143616,25.53744997960663,-5.208418145281773,-1.713792212591863,25.577353727743336,-5.169711110551685,-1.6102928249050823,25.606499684030137,-5.141439241493925,0.23929693761594634,0.19541120732970263,0.18955082522184993,-0.07327953358823591,0.024582719388579477,0.02384548363411554,-0.10878053031492192,-0.04222434474442238,-0.04095803664553769,-0.1767789212750166,-0.004563236898221135,-0.004426385423643708,1996-06-04 05:23:59.308797559,-0.5108618421801003,-0.546932930381029,-0.439684108925196,-0.3364780592106378,0.2406563728547431,-0.07117773325490434,-0.17438378296946255,-0.10586646428714507,-1.6791979372159844,-0.10787380896411447,-0.48036583795406906,-0.03049600422603127,25.55484364738095,0.04709279975096692,-5.139019947412566,-0.0068456795050027,6,29.222129657913904,34.550585364423476,0.04348673116310546,0.046819619429012166,-0.3
496,496,43 SPL A4 Path H 36A,0.284,13483.0,163.94,H 36A,,,65.0,H,36,66.0,1992.7156666666667,1996.662889,1996.662889,-1.7528823314545088,25.547255019824323,-1.7757305165884336,-5.198907158220209,1996.6059533333334,1996.3341709722222,-1.7757305165884334,25.539167462494287,-5.206752169705916,-1.7083772458862316,25.576336739053225,-5.17069759975098,-1.6235341620292532,25.602645460931072,-5.145177876442253,0.2438616847862769,0.19528232123968878,0.18942580442567547,-0.04450508556827715,-0.029081719228901903,-0.02820955846922857,-0.06373920945057694,-0.038645955916474385,-0.03748696369853999,-0.12934816942525562,-0.05539044110674851,-0.05372928177795533,1996-08-30 14:49:01.113598421,-0.47261321845450954,-0.49642930992176776,-0.42957803002512013,-0.34668016544591973,0.2492710045384309,-0.043035188429389415,-0.1259330530085898,-0.06322798559872632,-1.6828356712867223,-0.07004666016778649,-0.4712292023712732,-0.0013840160832363502,25.55545895340227,-0.008203933577945577,-5.143642968224105,-0.0552641899961035,8,28.806859118292294,34.65184586399113,0.18041347384850517,0.028089439572814626,-0.3454667999999815
497,497,44 SPL A4 Path H 37A,0.25,12003.0,152.788,H 37A,,,,H,37,66.1111111111111,1992.8267777777778,1996.730859,1996.730859,-1.7872374721306934,25.468310920526623,-1.6764092921002165,-5.275483723979971,1996.7287873333335,1996.4556966666667,-1.6764092921002163,25.444321046370117,-5.29875414181052,-1.7138044629354754,25.579749788435723,-5.167386907719464,-1.6321165701633467,25.600068467483933,-5.147677585855909,0.246479189069998,0.1935361546248725,0.18773200534763762,-0.073433009195218,-0.11143886790910074,-0.10809681626050693,0.04097081129666602,-0.13567172815989656,-0.13160293303238202,-0.15512090196734674,-0.13175754695731,-0.12780613812406116,1996-09-24 11:51:55.641600300,-0.5058128691306933,-0.3950199074335505,-0.4303418340188085,-0.35219285596890176,0.24962327038901458,-0.07547103511188485,-0.15362001316179158,0.0389512128799984,-1.6909710898153674,-0.09626638231532603,-0.4636260292083886,-0.042186839922304764,25.55893396660883,-0.09062304608220728,-5.147759379924528,-0.12772434405544253,9,29.09675336609571,34.55815039294328,0.07447378109276276,0.03713121602665979,-0.4
498,498,45 SPL A4 Path H 38A,0.252,13384.0,161.657,H 38A,,,,H,38,66.2222222222222,1992.937888888889,1996.792614,1996.792614,-1.4891080727154478,25.317397198759412,-1.6072423828626976,-5.421871543231383,1996.7968153333331,1996.5749483888887,-1.6072423828626974,25.38121473986041,-5.359967890188002,-1.7299586013689408,25.5838917961011,-5.163369118863972,-1.6428616352616165,25.590718880619605,-5.156746778610175,0.22606964550118777,0.1933083532959735,0.18751103578059278,0.240850528653493,-0.266494597341687,-0.25850242436741055,0.11424283096768884,-0.20008858504704108,-0.19408792838148217,0.1537535625461688,-0.27332168186019246,-0.26512476462120826,1996-10-17 02:19:16.953598663,-0.2066336347154485,-0.3246965221960318,-0.4419934968967183,-0.3598376283727276,0.23511964849557654,0.2353598621812698,0.1532039936572791,0.108852651976947,-1.7020746483440419,0.2129665756285941,-0.4622665547468196,0.2556329200313711,25.565465043544013,-0.2480678447846003,-5.15375708704531,-0.26811445618607266,10,29.374178464806963,34.47687895275913,-0.023131889306742235,0.027968708157938636,-0.4
499,499,46 SPL A4 Path H 39A,0.23,11774.0,149.689,H 39A,1.0,66.0,,H,39,66.3333333333333,1993.049,1996.866973,1996.866973,-1.545381603741952,25.357936100295202,-1.6717476410704675,-5.382548403352651,1996.8742976666665,1996.6942990555556,-1.671747641070467,25.387029907571826,-5.354327119356255,-1.7206925771867434,25.580268390185537,-5.166883858836122,-1.6560467689434057,25.589331178186868,-5.158092863846954,0.22489580439383475,0.19398952609372636,0.1881717802061407,0.1753109734447913,-0.2223322898903355,-0.21566454451652906,0.05122400608654957,-0.190469507464312,-0.18475732693545943,0.11066516520145364,-0.23139507789166558,-0.22445553950569685,1996-11-13 07:29:26.995197352,-0.2616430627419535,-0.38788458073713405,-0.4283121916034099,-0.3698940028600722,0.23356166394311625,0.1666691288614564,0.1082509401181187,0.04273546963284541,-1.7103760436162605,0.1649944398743084,-0.4658829661904178,0.20423990344846432,25.57395649970504,-0.21602039940983886,-5.159231870202029,-0.22331653315062194,11,30.07637643650383,34.31762355226115,-0.24928035882425548,0.05204176571188691,-0.4
500,500,47 SPL A4 Path H 40A,0.258,15144.0,185.519,H 40A,,,,H,40,66.6666666666666,1993.3823333333332,1996.963306,1996.963306,-1.9807532467540019,25.485756423660856,-1.7342694769971825,-5.258561411484731,1996.95645,1996.8132797499998,-1.7342694769971823,25.502948404497033,-5.24188501815383,-1.718263762915366,25.56833805882177,-5.178456399562292,-1.6755107726751954,25.583964730663332,-5.163298371609262,0.22663087375475052,0.1936298501511839,0.18782289094511354,-0.2624894838386358,-0.08258163516091344,-0.08010501192243868,-0.013260930496579023,-0.06463907459014351,-0.06270054874318613,-0.30524247407880645,-0.0982083070024764,-0.09526303987546925,1996-12-18 13:40:47.654403236,-0.6953770447540002,-0.4482153833305176,-0.42155446260981055,-0.3861719773140842,0.23819290181509986,-0.27382258214418964,-0.309205067439916,-0.023883916116951603,-1.7103562718628895,-0.27039697489111236,-0.47216535753814554,-0.22321168721585466,25.58138935451344,-0.09563293085258451,-5.161797056743589,-0.09676435474114164,12,30.25098921031401,34.4928004488424,-0.20886556295411526,0.07298694919967692,-0.5
501,501,48 SPL A4 Path H 41A,0.226,12009.0,152.071,H 41A,,,66.0,H,41,67.0,1993.7156666666667,1997.039071,1997.039071,-1.676673580495593,25.665152689535045,-1.716650558471513,-5.084545239624109,1997.034171,1996.9306149722224,-1.7166505584715128,25.62122815452678,-5.127152477827475,-1.7240692993997002,25.554155988254227,-5.192213149833519,-1.6858285283850425,25.582757042130364,-5.164469841563123,0.22258503698011037,0.18422627934962507,0.1787013332318897,0.04739571890410721,0.1109967012808184,0.10766791020940936,0.006279391342311295,0.06612411666238079,0.06414105440367705,0.009154947889449483,0.08239564740468097,0.0799246019390134,1997-01-15 06:15:43.055997531,-0.38762604249559907,-0.42723910913818064,-0.42312774742747783,-0.39323319020448666,0.23716581347373406,0.035501704931878764,0.005607147708887594,-0.005224342028060269,-1.715550891060042,0.0388773105644491,-0.4697520171208016,0.08212597462520255,25.583418471275117,0.08173421825992833,-5.16633575856211,0.08179051893800082,1,29.845779347421654,34.532150800555364,-0.1020117415325337,0.03200828333440586,-0.5
502,502,49 SPL A4 Path H 42A,0.222,12284.0,151.847,H 42A,,,,H,42,67.1111111111111,1993.8267777777778,1997.100136,1997.100136,-1.4925248481649442,25.712775350384444,-1.5354849772059527,-5.038350782373584,1997.1020916666666,1997.0493357222222,-1.5354849772059527,25.67692873493844,-5.073122357822363,-1.7264567871264065,25.542818066517206,-5.2032110472976445,-1.701233969636184,25.578566367910767,-5.168534837462876,0.22116706337871303,0.17857822174656943,0.17322266087634683,0.23393193896146225,0.1699572838672374,0.16486026492406047,0.19265039150743113,0.13176293269437758,0.12781136234287485,0.20870912147123977,0.13420898247367674,0.1301840550892921,1997-02-06 13:11:28.896000644,-0.19871424016494266,-0.24152182720595503,-0.42136209129307306,-0.4053411334278507,0.23812465620287787,0.2226478511281304,0.20662689326290806,0.18154567141483602,-1.7214891507938257,0.22896430262888146,-0.46805721472445627,0.2693429745595136,25.58013417314255,0.13264117724189362,-5.172393299344163,0.13404251697057923,2,29.810146556256083,34.37493979199512,-0.1649174917959274,0.06924331247451482,-0.42983680000000263
503,503,49 SPL A4 Path H 43A,0.232,12754.0,161.336,H 43A,,,,H,43,67.2222222222222,1993.937888888889,1997.167068,1997.167068,-1.4372565029573212,25.65285816489583,-1.445317550879438,-5.096471051469397,1997.1712193333333,1997.1697965277776,-1.4453175508794374,25.629381052655276,-5.119244085113853,-1.733880019614045,25.53852335196075,-5.207376963364552,-1.7125029339669,25.57421999534231,-5.172750862318006,0.22561311698994255,0.18016126841757474,0.1747582319776884,0.2966235166567237,0.11433481293507697,0.11090591189515475,0.2858529576502529,0.08661558548083548,0.08401798407226597,0.2752464310095788,0.07863816955351766,0.07627981084860913,1997-03-02 23:30:56.447999118,-0.13822519895732333,-0.1459624428794358,-0.42471265714182255,-0.41327183389745537,0.24005624585104532,0.2864874581844992,0.27504663494013204,0.27608163909469924,-1.7216850291795045,0.2844285262221833,-0.45858636139223447,0.32036116243491114,25.580012788877788,0.07284537601804075,-5.180452256691041,0.08398120522164376,3,29.58569905689988,34.32367415485063,-0.13860858140239563,0.09673750911718526,-0.248555199999963
504,504,50 SPL A4 Path H 44A,0.24,12608.0,154.325,H 44A,1.0,67.0,,H,44,67.3333333333333,1994.049,1997.246454,1997.246454,-1.4061713015160482,25.52250964268556,-1.4287487337671625,-5.222910421498579,1997.246946,1997.2892061666664,-1.4287487337671623,25.594703874149804,-5.1528812950359475,-1.7331747188486208,25.546954983045367,-5.199198196896162,-1.733339239782281,25.56715811838985,-5.17960095358066,0.22472494704728602,0.17409847770496487,0.16887726435854947,0.32700341733257265,-0.024445340359807943,-0.023712224602417287,0.30299333852906724,0.047354101092597745,0.0459339516008308,0.3271679382662329,-0.04464847570429242,-0.043309467917918454,1997-03-31 22:56:13.344002687,-0.10094788951604139,-0.12348694576715806,-0.4200574974875098,-0.4307500446017255,0.23438882551328086,0.3191096079714684,0.3298021550856841,0.2951955579087011,-1.725261560795081,0.3190902592790328,-0.4460165811190751,0.3450686916030337,25.57918350588215,-0.056673863196589735,-5.190336624852601,-0.032573796645977815,3,29.324682606011898,34.365424119635,-0.06239747561437178,0.03903346362266075,0.08297920000043998
505,505,51 SPL A4 Path H 45A,0.236,12180.0,154.971,H 45A,,,,H,45,67.5,1994.2156666666667,1997.327316,1997.327316,-1.442818396828118,25.608743814868024,-1.603498689048654,-5.139262412139868,1997.3287833333334,1997.4062460000002,-1.6034986890486538,25.598540849187675,-5.149159390879458,-1.7281714784260231,25.5565709841655,-5.1898705796496225,-1.7493621889991566,25.562418126710853,-5.1841987929092035,0.22777899831467274,0.16838597185717377,0.16333607656113378,0.28535308159790507,0.05217283070252421,0.05060816750975494,0.12390647243256676,0.042727455279939854,0.04144605889609535,0.30654379217103855,0.04632568815717164,0.044936380769335926,1997-04-30 11:17:17.376003465,-0.13128774882810945,-0.2918535890486505,-0.4112773563982455,-0.44336232345748994,0.23930788888963153,0.279989607570136,0.3120745746293805,0.1186839020251627,-1.7378862321017843,0.2950678352736662,-0.4318515514897884,0.3005638026616789,25.577640749634032,0.03110306523399231,-5.197716394339255,0.05845398219938769,4,28.936531399315694,34.482809762977254,0.07581933510520357,-0.055635296638242834,0.5138960000003989
506,506,52 SPL A4 Path H 46A,0.248,14921.0,182.525,H 46A,,,,H,46,67.6666666666666,1994.3823333333332,1997.41258,1997.41258,-1.9615063688017957,25.664369090009455,-1.9115136330214397,-5.085305338999927,1997.4093826666667,1997.5243511388887,-1.9115136330214393,25.68650573576949,-5.063832571246237,-1.720869287169018,25.56391421451235,-5.182747572780875,-1.7663378112667605,25.55565482749772,-5.190759260778936,0.22606486962974276,0.1665120513371259,0.1615183549174828,-0.24063708163277764,0.1004548754971033,0.0974422337809484,-0.19467613845747853,0.12724301472343788,0.12342699671188188,-0.19516855753503526,0.10871426251173588,0.10545392177900936,1997-05-31 14:12:02.879997933,-0.6433251288018007,-0.5935817850214357,-0.4002776193356847,-0.4568741172528714,0.23652934996213162,-0.24304750946611603,-0.1864510115489293,-0.1973083289019193,-1.7459842997924209,-0.21552206900937487,-0.40441895166507147,-0.23890617713672924,25.57356008504192,0.09080900496753586,-5.20486735836865,0.11956201936872368,5,28.28377499636501,34.660003552310606,0.2991629444820184,-0.07696436138640092,0.9803839999998494
507,507,53 SPL A4 Path H 47A,0.212,10989.0,139.714,H 47A,,,,H,47,67.8333333333333,1994.549,1997.488252,1997.488252,-2.330216133434405,25.78640430243099,-2.1149612950212995,-4.966929962598915,1997.5085223333335,1997.6457740277776,-2.114961295021299,25.807285588100513,-4.946674906686622,-1.7014717180968417,25.557302964460305,-5.189160551443857,-1.7825149029715897,25.546908326163514,-5.199243454538131,0.22271791835577737,0.17024977828333945,0.16514398743257933,-0.6287444153375632,0.2291013379706861,0.2222305888449423,-0.4102454979713501,0.24953592399403016,0.24205234163345,-0.5477012304628153,0.23949597626747732,0.23231349193921602,1997-06-28 05:05:15.072003225,-1.006132477434397,-0.7892965530212956,-0.3772653926246194,-0.46956627247158944,0.232002816414532,-0.6288670848097775,-0.5365662049628075,-0.40875246074912447,-1.7573719609220773,-0.5728441725123277,-0.3846469820589793,-0.6214854953754176,25.56734333229779,0.21906097013320291,-5.210058513785474,0.24312855118655907,6,27.8609007133594,34.739646226731736,0.4280344779724287,-0.10249478122342134,1.3436096000005935
508,508,54 SPL A4 Path H 48A,0.234,14418.0,174.162,H 48A,,,67.0,H,48,68.0,1994.7156666666667,1997.624735,1997.624735,-2.0531613828276973,25.971083371861088,-2.039130506691349,-4.787789418461024,1997.6064626666666,1997.7694824166667,-2.0391305066913485,25.914682011385892,-4.842499302135569,-1.6918063858839876,25.552031813346787,-5.194273620735483,-1.802990845095388,25.547603770061844,-5.19856886700231,0.2203649030276919,0.1699177363201576,0.16482190340787242,-0.36135499694370976,0.4190515585143011,0.40648420227445925,-0.3410661961341823,0.3634140728111639,0.35251528476755717,-0.25017053773230935,0.4234796017992437,0.4107794485412857,1997-08-17 00:40:42.960003175,-0.7184320528276895,-0.7058264186913457,-0.3640892648562099,-0.4865353231370547,0.22848308833331954,-0.3543427879714796,-0.2318967296906348,-0.3354270739952905,-1.7685600436249733,-0.284601339202724,-0.37223324181346423,-0.3461988110142253,25.561474690769916,0.40960868109117143,-5.211915511392041,0.4241260929310169,8,27.28923451346018,34.88828075627994,0.6206865392777594,-0.1991247452234202,1.8990460000003613
509,509,55 SPL A4 Path H 49A,0.254,13675.0,172.957,H 49A,,,,H,49,68.0833333333333,1994.799,1997.706401,1997.706401,-1.734014003811944,25.9865583598656,-1.7968979349893761,-4.772778525346769,1997.722482,1997.8911658055558,-1.796897934989376,25.92536915238286,-4.832132668497099,-1.7009148276906698,25.544469037917096,-5.201609588530039,-1.8186598741195203,25.543866317227632,-5.202194233626024,0.22776698718750044,0.17467092131955553,0.16943254038913844,-0.03309917612127422,0.4420893219485045,0.4288310631832699,-0.0951980172212022,0.3789535485537113,0.3675887316325876,0.08464587030757631,0.4426920426379688,0.42941570827925446,1997-09-15 20:04:21.935997300,-0.3929147258119505,-0.4545443389893778,-0.36984337660733674,-0.49872551721674213,0.2332115965933899,-0.02307134920461379,0.1058107914047916,-0.08388667623046336,-1.7711707942523705,0.03715679044042641,-0.36727025278837294,-0.025644473023577585,25.562886147226113,0.42367221263948807,-5.210156409689004,0.4373778843422347,9,27.114481041117582,34.919955093181756,0.6733857487665852,-0.2569442732232883,2.0953623999999724
510,510,56 SPL A4 Path H 50A,0.248,13809.0,168.695,H 50A,,,,H,50,68.1666666666666,1994.8823333333332,1997.83631,1997.83631,-1.6035184183284867,25.8184657254219,-1.6132613243905556,-4.935830061683504,1997.8421573333333,1998.0137704722224,-1.6132613243905551,25.765283216031094,-4.98741762761768,-1.7123785397298639,25.54274596022357,-5.203280991123537,-1.8226704583423963,25.540912686173144,-5.205059285285184,0.24548975689343153,0.17497269514980457,0.16972526402221816,0.10886012140137713,0.2757197651983283,0.26745092944003357,0.10289936026043038,0.21870447347088393,0.21214552631149383,0.21915204001390953,0.27755303924875463,0.26922922360168045,1997-11-02 06:04:32.159997232,-0.2522862383284934,-0.26157305239056083,-0.37804034681319715,-0.49916115564795177,0.2460141416662396,0.12575410848470375,0.24687491731945838,0.12027640656598032,-1.7705965505606869,0.16707813223220014,-0.3532272277617167,0.10094098943322333,25.577234433649515,0.24123129177238312,-5.213714368825512,0.27788430714200807,11,28.084819249790364,35.03787413666509,0.5129749557424643,-0.21996783860462893,2.3535719999998523
511,511,57 SPL A4 Path H 51A,0.264,12613.0,159.559,H 51A,,,,H,51,68.25,1994.9656666666667,1997.983761,1997.983761,-1.5022515510312355,25.490825562805778,-1.5735917873624965,-5.253644295822767,1997.9631570000001,1998.1370826388888,-1.5735917873624963,25.62262612090994,-5.12579643645615,-1.7351886865324235,25.55252122953996,-5.193798882133945,-1.8258299485912373,25.536996961860456,-5.2088575770257375,0.26187599771914544,0.1702551728435604,0.16514922020993844,0.232937135501188,-0.06169566673418103,-0.05984541368882201,0.1532502407714047,0.07029992004073075,0.06819162543871175,0.32357839756000173,-0.046171399054678375,-0.044786718797029224,1997-12-26 01:44:46.895998694,-0.13951819303123858,-0.214038608029166,-0.39766465344909,-0.49875966327179305,0.2608375123834979,0.25814646041785144,0.3592414702405545,0.1752838993547348,-1.7657142593456028,0.26346270831436724,-0.34184214869968793,0.20232395566844935,25.587210759882115,-0.09638519707633719,-5.212842661093569,-0.04080163472919729,12,29.296242305040263,34.802104491629116,0.14036555899984318,-0.16439690897334275,2.3389736000000285
512,512,57 SPL A4 Path H 52A,0.254,13957.0,173.425,H 52A,1.0,68.0,,H,52,68.3333333333333,1995.049,1998.0694,1998.0694,-1.615005392727767,25.55858707450214,-1.5109603070125412,-5.187914951862179,1998.0815246666668,1998.2644801944443,-1.5109603070125406,25.54400709208461,-5.202057680607008,-1.7329588581394157,25.561711412844094,-5.184884312427103,-1.8293182979528315,25.53044989735305,-5.215208295068565,0.2623255363805876,0.16128690795675613,0.1564499135870883,0.11795346541164875,-0.003124338341955024,-0.00303063943507631,0.22190517053313238,-0.014258982132410836,-0.013831355258257775,0.21431290522506452,0.028137177149087478,0.027293343206385323,1998-01-26 07:56:38.400002742,-0.25031139272776604,-0.14651314434587492,-0.3922625218894157,-0.49860360060560915,0.26172210449544636,0.14195112916164965,0.24829220787784312,0.24567226727387223,-1.7694332267432011,0.15442783401543414,-0.32954501106759293,0.0792336183398269,25.596330110107907,-0.03774303560576797,-5.212908856655817,0.02499390479363761,1,29.311964612198196,34.63222799840896,0.060462221783888145,-0.16969289855670922,2.1001599999998692
513,513,12 SPL A4 Path H 53A,0.212,11454.0,145.484,H 53A,,,,H,53,68.5555555555555,1995.2712222222221,1998.191413,1998.191413,-1.4156239772786203,25.58260863894591,-1.6514564545572439,-5.164613794136077,1998.2263523333334,1998.3902403888892,-1.6514564545572437,25.56132469060584,-5.185259436865429,-1.7304488879651805,25.560565580267006,-5.185995781485202,-1.829146737172669,25.523383643928366,-5.222062631553047,0.26079605102136666,0.16215127334814095,0.1572883566603856,0.31482491068656016,0.02204305867890355,0.021381987349124998,0.08179825882528029,0.002899520619669952,0.002812563996286895,0.41352275989404874,0.0592249950175443,0.05744883741697038,1998-03-11 20:46:40.368000359,-0.049709847278620156,-0.28519293122391026,-0.3866290595207362,-0.4948029116032246,0.25801007966916906,0.336919212242116,0.44509306432460444,0.10425217089009521,-1.7762895142876518,0.3606655370090315,-0.3056841883879546,0.2559743411093344,25.59605580508662,-0.013447166140711175,-5.215225867638565,0.05061207350248775,3,29.447263053351293,34.26245511399073,-0.13570123040574317,-0.2007485220578701,1.5015219999995693
514,514,12 SPL A4 Path H 54A,0.246,14726.0,180.037,H 54A,,,,H,54,68.7777777777777,1995.4934444444443,1998.418244,1998.418244,-1.9237399936653443,25.54277835836947,-1.6872656851342906,-5.203249564598028,1998.3982646666666,1998.5155712777778,-1.6872656851342904,25.590473874209163,-5.156984437278371,-1.736356394042976,25.55299851684741,-5.19333590867284,-1.8350933520002037,25.52037668760833,-5.224979409253046,0.26449772187178927,0.16646444288719525,0.16147217424496402,-0.18738359962236828,-0.010220158477938668,-0.009913655925188003,0.05084471417986499,0.03792332752344881,0.03678600693101982,-0.08864664166514058,0.02240167076114119,0.021729844655017594,1998-06-02 15:49:02.783998700,-0.5555575536653445,-0.3192830384676238,-0.38944372493186497,-0.497087109986315,0.2599494841084011,-0.16611382873347957,-0.05847044367902954,0.07194496596690192,-1.7830668685674527,-0.14067312509789165,-0.28120282460285495,-0.2743547290624896,25.571950914417712,-0.029172556048241205,-5.210464912677265,0.007215348079236961,6,29.363165219610966,34.27784429632162,-0.11027456973159606,-0.14895213117057757,0.18864320000001378
515,515,12 SPL A4 Path H 55A,0.304,15545.0,196.219,H 55A,,,68.0,H,55,69.0,1995.7156666666667,1998.585137,1998.585137,-1.722433084458907,25.6460346253121,-1.7441604785895695,-5.1030899531010085,1998.5836036666667,1998.6366794722223,-1.7441604785895695,25.556759492369068,-5.189687724807079,-1.74752591593431,25.54408754294272,-5.201979642470131,-1.8417863142898925,25.520183101880207,-5.2251671893451785,0.27355084029689225,0.17514077778614723,0.16988830586029757,0.025092831475402866,0.10194708236938155,0.09888968936912246,0.0030595868660100076,0.012030747465855049,0.011669945349352062,0.1193532298309854,0.1258515234318942,0.12207723624417,1998-08-02 13:48:00.432000995,-0.35258171445890674,-0.3743244419229031,-0.3976112288509765,-0.5000919450398924,0.2671565409191378,0.04502951439206976,0.14751023058098567,0.02297658181971309,-1.803407459109503,0.08097437465059598,-0.3057013460415048,-0.04688036841740195,25.55787359569933,0.08816102961277039,-5.203201626006204,0.10011167290519563,8,28.41756672373937,34.37987700499548,0.14367181561743375,-0.20125163956384404,-0.9564931999999831
516,516,12 SPL A4 Path H 56A,0.268,13823.0,170.726,H 56A,,,,H,56,69.1111111111111,1995.8267777777778,1998.74743,1998.74743,-1.5863083576444572,25.481465493425635,-1.609234200581979,-5.262723656722201,1998.7384926666666,1998.758910333333,-1.6092342005819786,25.49757935108714,-5.247093053651962,-1.7577778863894524,25.537100174919512,-5.208757459326323,-1.8561670493257425,25.52093981638977,-5.224433168703761,0.2818710238064663,0.18308780822252937,0.1775970048538937,0.17146952874499521,-0.055634681493877736,-0.05396619739587827,0.15715857146113987,-0.043262764308921696,-0.04196531400729834,0.2698586916812853,-0.039474322964135666,-0.038290488018440705,1998-09-30 19:29:12.479996681,-0.21483405764445807,-0.23784927391531263,-0.4048481174450076,-0.5108153106590758,0.27362174831348596,0.19001405980054953,0.29598125301461775,0.1756165054333613,-1.8163637797942889,0.23005542214983166,-0.31994979311201377,0.1051157354675557,25.555615526538467,-0.07415003311283286,-5.199071880768893,-0.06365177595330795,9,28.971080671216267,34.27125487698077,-0.026981203136725883,-0.14287891618491722,-1.3469159999998794
517,517,12 SPL A4 Path H 57A,0.222,11897.0,149.193,H 57A,,,,H,57,69.2222222222222,1995.937888888889,1998.882911,1998.882911,-1.5189611596425725,25.365237934523687,-1.5929186738410028,-5.375465551132677,1998.8661299999997,1998.880814666667,-1.5929186738410026,25.42482139188414,-5.317669001658465,-1.7938745138055938,25.541338628325956,-5.204646117137538,-1.8548297749516063,25.5223405461442,-5.223074446834664,0.32620199947348305,0.17958912531238225,0.17420324744422155,0.2749133541630213,-0.1761006938022689,-0.1708194339951392,0.19865653932025773,-0.11666892692047408,-0.11317002580213043,0.3358686153090338,-0.15710261162051253,-0.1523911042980135,1998-11-19 06:18:01.295997534,-0.1461320496425731,-0.22025737384100297,-0.4379379917500381,-0.5058285739793842,0.31748088887401305,0.291805942107465,0.3596965243368111,0.21536080664433113,-1.8231737870814892,0.30421262743891675,-0.3419111602963165,0.19577911065374343,25.556265694931252,-0.19102776040756453,-5.203575364955994,-0.17189018617668328,11,29.69038462633303,34.148034661391556,-0.24067717334344263,-0.07475503284927162,-1.5094931999999148
518,518,12 SPL A4 Path H 58A,0.25,12932.0,162.941,H 58A,1.0,69.0,,H,58,69.3333333333333,1996.049,1998.968049,1998.968049,-1.6734865042359786,25.4277607477031,-1.6108565350649038,-5.314817797120515,1999.004019,1999.0070965277778,-1.6108565350649033,25.408419871357395,-5.333578640584611,-1.823073239288735,25.546032153168376,-5.200093351105141,-1.8598086686033466,25.516505871481918,-5.2287341396038265,0.349534179117737,0.17684599736838064,0.17154238590726043,0.14958673505275644,-0.11827140546527559,-0.1147244460153738,0.20160796029298145,-0.13839525969147815,-0.13424478585333124,0.18632216436736804,-0.08874512377881771,-0.08608365751668856,1998-12-20 08:06:33.264002036,-0.29980601423597775,-0.2369774420649038,-0.46406843226095706,-0.5071145070200135,0.34043846096687214,0.16426241802497932,0.20730849278403574,0.21646904020964763,-1.812487561857855,0.13900105762187653,-0.3456575586339949,0.04585154439801714,25.55940538145601,-0.13164463375290936,-5.209098121812202,-0.10571967530831294,12,29.931638050101622,34.23444181736611,-0.25486970465961284,-0.027718447434774134,-1.588341199999853
519,519,12 SPL A4 Path H 59A,0.264,14677.0,180.739,H 59A,,,,H,59,69.5,1996.2156666666667,1999.161097,1999.161097,-1.64012194131616,25.432260931845402,-1.7691583996358196,-5.3104525735006405,1999.162721,1999.1363763888887,-1.7691583996358193,25.41970259373238,-5.322634287053653,-1.8204457329793264,25.553074611652292,-5.19326209595116,-1.8635024480390332,25.506726075953964,-5.2382206390638935,0.3486694620661174,0.17940662078396485,0.17402621622661285,0.18032379166316637,-0.12081367980688995,-0.11719047754948075,0.05336118149046117,-0.12988066394303033,-0.12598554283137867,0.22338050672287313,-0.07446514410856153,-0.07223193443674703,1999-02-28 19:12:34.991997697,-0.2649942623161605,-0.3940513036358195,-0.4583330228126595,-0.5071236654279224,0.33816187710788403,0.19333876049649895,0.2421294031117619,0.06636225770342376,-1.8077561806459945,0.16763423932983446,-0.35230288453651387,0.08730862222035335,25.558890717048733,-0.12662978520333112,-5.220760849753128,-0.08969172374751277,2,29.566107675511503,34.273235926435596,-0.15699567274317536,0.2040435283018478,-1.2133672000000966
520,520,12 SPL A4 Path H 60A,0.242,13436.0,172.325,H 60A,,,,H,60,69.6666666666666,1996.3823333333332,1999.359017,1999.359017,-1.9938667533553203,25.39908610164864,-1.8768315739807078,-5.342632490539803,1999.3224113333333,1999.269012361111,-1.8768315739807075,25.467342569893376,-5.276423033777728,-1.8240397711107807,25.549643008205564,-5.196590785610521,-1.8656140091941218,25.497028528156083,-5.247627357403317,0.3478109221093801,0.17838014309803293,0.17303052260648136,-0.16982698224453951,-0.15055690655692544,-0.14604170492928148,-0.050120712575790906,-0.08067247685598389,-0.07825310927507208,-0.12825274416119847,-0.09794242650744422,-0.0950051331364854,1999-05-12 00:59:20.111999823,-0.6173536343553203,-0.5005746946473746,-0.4588392289441138,-0.5055693981802332,0.3380666355140774,-0.15851440541120654,-0.11178423617508715,-0.03902721735356918,-1.8061387204670658,-0.18772803288825446,-0.3651083628146608,-0.2522452715406595,25.532662661428738,-0.1335765597800993,-5.223005683888086,-0.11962680665171632,5,30.061464427726964,34.17782295089305,-0.3089100009118066,0.09056406787019387,-1.0
521,521,12 SPL A4 Path H 61A,0.238,11335.0,137.703,H 61A,,,,H,61,69.8333333333333,1996.549,1999.44712,1999.44712,-1.9965060272706432,25.570680676186083,-1.8322387840677559,-5.176184037292739,1999.4461763333331,1999.4013409722222,-1.8322387840677556,25.53190499609688,-5.213796834736065,-1.8356470801246434,25.54132752039022,-5.204656891946285,-1.8701307759486743,25.49501767869598,-5.24957790148811,0.34337563418067546,0.17753369788207068,0.1722094622825444,-0.1608589471459998,0.029353155795863728,0.028472854653545987,0.007175963511200978,-0.008788282942902015,-0.008524722337443613,-0.12637525132196892,0.07566299749010241,0.07339386419537153,1999-06-13 04:46:16.320001287,-0.6193761872706429,-0.4551155497344223,-0.4674701801246434,-0.5064204136153412,0.3351898930891796,-0.1519060071459995,-0.11295577365530174,0.016157416788978512,-1.8132238315349594,-0.18328219573568383,-0.3719396653015723,-0.24743652196907062,25.523293311521527,0.047387364664555065,-5.21583200596009,0.03964796866735121,6,29.483577291359442,34.26266407877276,-0.14359631683736704,0.014784319668699936,-1.0
522,522,12 SPL A4 Path H 62A,0.24,11824.0,150.43,H 62A,,,69.0,H,62,70.0,1996.7156666666667,1999.532392,1999.532392,-1.5063435715773041,25.62594821045592,-1.7159063028727173,-5.1225739763756515,1999.5483196666667,1999.5344545277776,-1.7159063028727168,25.61583508837346,-5.13238380592686,-1.8585573915014462,25.531109308523565,-5.214568659639056,-1.8819220150216869,25.498791735989997,-5.2459170281723395,0.34354989413877063,0.18147349836294593,0.1760311081469979,0.352213819924142,0.09483890193235567,0.09199468326340465,0.14232893234330923,0.08398413456198146,0.08146545036646764,0.37557844344438274,0.1271564744659237,0.12334305179668803,1999-07-14 07:45:14.112002291,-0.12861682757730364,-0.33806806520605,-0.48750949050144565,-0.5145687558133536,0.33650590292540267,0.358892662924142,0.38595192823604996,0.14916160150997596,-1.8177271754884883,0.31138360391118414,-0.3860625295580962,0.2574457019807926,25.516385215785274,0.10956299467064667,-5.209654082492188,0.08708010611653627,7,28.960147461970024,34.35086057432281,0.011246664348129737,-0.006031488300268392,-1.0888704000000164
523,523,12 SPL A4 Path H 63A,0.286,16081.0,195.679,H 63A,,,,H,63,70.1111111111111,1996.8267777777778,1999.665447,1999.665447,-1.644869309770204,25.650876378478376,-1.5169564129484219,-5.0983934041121906,1999.6994946666666,1999.6671058888887,-1.5169564129484217,25.541959801516697,-5.204043572930785,-1.8805012340219893,25.52311603252065,-5.222322217294643,-1.8946330792954105,25.50584624168363,-5.23907408710446,0.3390283902236494,0.18808021211740894,0.18243968655596512,0.23563192425178525,0.127760345957725,0.1239288131824523,0.36427015195536044,0.019414525408199285,0.018832283791206866,0.2497637695252064,0.14503013679474464,0.14068068299226955,1999-08-31 21:18:56.592002701,-0.26621118077020345,-0.13805995028175522,-0.5067093295219892,-0.5236437281565219,0.3335252455245811,0.24049814875178577,0.2574325473863185,0.3693976717146194,-1.8259107914458328,0.18104148167562872,-0.4038258847516081,0.13761470398140463,25.508255472268022,0.14262090621035384,-5.208378400850157,0.10998499673796669,8,28.85751181870233,34.22323983333147,-0.023602832093287764,0.034584547486536395,-1.1485364000001468
524,524,12 SPL A4 Path H 64A,0.222,11384.0,144.583,H 64A,,,,H,64,70.2222222222222,1996.937888888889,1999.900645,1999.900645,-1.399656357497758,25.349054815615805,-1.5398748679003045,-5.391163338304512,1999.8932573333334,1999.7998223055556,-1.539874867900304,25.49004474026412,-5.254401701496402,-1.904621069187912,25.513410487281288,-5.231736693232276,-1.9061484057892022,25.510850033223765,-5.234220359272616,0.3378859539337314,0.19249847290875932,0.18672544370618274,0.5049647116901539,-0.16435567166548282,-0.15942664507223636,0.3607069460707935,-0.024257694291775305,-0.02353020603996529,0.5064920482914441,-0.16179521760795978,-0.15694297903189636,1999-11-25 17:39:00.719998121,-0.019351842497758565,-0.15962206656697112,-0.5281540459656895,-0.5315198889280913,0.3335160499060426,0.5088022034679309,0.5121680464303328,0.3644628893856077,-1.831070669099248,0.4314143116014899,-0.4706627636015236,0.45131092110376503,25.477648352580538,-0.12859353696473264,-5.213546751336462,-0.17761658696804972,11,30.04469833023739,34.12662817151122,-0.3282591129563037,0.09770764101164332,-1.561547999999913
525,525,12 SPL A4 Path H 65A,0.258,17056.0,208.034,H 65A,1.0,70.0,,H,65,70.3333333333333,1997.049,2000.11368,2000.11368,-1.5750989364329508,25.470203026698176,-1.670699890379777,-5.273648362072503,2000.0701103333333,1999.9361320833332,-1.6706998903797767,25.375366575045774,-5.365640668539847,-1.916623138703392,25.506380783865744,-5.238555575842391,-1.9049575268691439,25.509571177671134,-5.23546086194722,0.34750137051780366,0.1914461707031691,0.18570470004373693,0.3415242022704412,-0.0361777571675681,-0.035092786230111805,0.2440346828341914,-0.13187591328750395,-0.1279209546480112,0.32985859043619303,-0.039368150972958205,-0.03818750012528316,2000-02-11 14:33:54.431997824,-0.19330317643295136,-0.28920911804644417,-0.5373914923700585,-0.5267210899663662,0.3413113204387518,0.3440883159371071,0.3334179135334149,0.24629304361196824,-1.8290481387000077,0.25394920226705686,-0.5230732961555233,0.329770119722572,25.461700166078614,0.008502860619561403,-5.224381048151352,-0.0492673139211508,2,30.528969336189274,34.25199290879054,-0.3783846024674635,0.15623324053205578,-1.440752000000285
526,526,12 SPL A4 Path H 66A,0.24,13663.0,172.2,H 66A,,,,H,66,70.5,1997.2156666666667,2000.196006,2000.196006,-2.0373443772086217,25.306841882823345,-1.9603666041081411,-5.432110305242524,2000.2138146666666,2000.073954027778,-1.960366604108141,25.419956606086412,-5.322387892530121,-1.9229595117506006,25.501936193852806,-5.242866872600839,-1.9100278958165626,25.50373439304557,-5.241122601401867,0.35720260508163,0.18655426848325493,0.1809595059713963,-0.11438486545802107,-0.19509431102946095,-0.18924343264168542,-0.03816128255823766,-0.07996019408938675,-0.07756218786864455,-0.1273164813920591,-0.19689251022222365,-0.19098770384065755,2000-03-12 17:43:00.134396760,-0.6549723352086225,-0.5778699014414748,-0.5409609466394897,-0.5282059677332294,0.3469783871655729,-0.11401138856913284,-0.12676636747539316,-0.03759628328046035,-1.8391576292022085,-0.19818674800641323,-0.5305772831009735,-0.124395052107649,25.46137465041769,-0.1545327675943433,-5.2316743980482565,-0.20043590719426785,3,30.10156239090245,34.31495720699535,-0.25602113527945075,0.21112945156316618,-1.1443784000001365
527,527,12 SPL A4 Path H 67A,0.248,13582.0,170.231,H 67A,,,,H,67,70.6666666666666,1997.3823333333332,2000.331758,2000.331758,-2.2686564986828506,25.482824908737708,-2.205848126449459,-5.261405010275336,2000.335148,2000.2100527777777,-2.205848126449459,25.47742204146462,-5.266645845558905,-1.9270333141957172,25.49143342280884,-5.2530546655412,-1.9163247858174113,25.50029871260527,-5.244455245785762,0.35955847256516127,0.16922569807159132,0.16415061938637196,-0.34162318448713336,-0.008608514071131168,-0.008350344734136428,-0.279022599349852,-0.014849649337865145,-0.014404308354219944,-0.3523317128654393,-0.017473803867563475,-0.016949764489574193,2000-05-01 10:09:44.179201145,-0.8853341926828504,-0.8225020904494594,-0.5424684154734956,-0.5309716374285223,0.3478881453533841,-0.34286577720935485,-0.35436255525432814,-0.2802505832202226,-1.8561281025972176,-0.41252839608563296,-0.5365120037526057,-0.34882218893024475,25.454362276503158,0.028462632234550256,-5.233418542097212,-0.027986468178124113,5,29.884079140890154,34.40865635704217,-0.16601021116652798,0.19160187362556644,-0.7518904000000037
528,528,12 SPL A4 Path H 68A,0.25,14261.0,176.891,H 68A,,,,H,68,70.8333333333333,1997.549,2000.47768,2000.47768,-2.311543503456905,25.6425993328328,-2.0742548374178624,-5.106422221158855,2000.5286256666666,2000.348324472222,-2.0742548374178624,25.563563103009262,-5.183088154449983,-1.9304837553525032,25.4834454557458,-5.260803073472017,-1.92892149023009,25.497849644190126,-5.246830866639133,0.3582468897204689,0.15099114334219033,0.14646291895329822,-0.3810597481044018,0.1591538770869967,0.154380852313162,-0.14602893023344884,0.07947651336630084,0.07709301273044715,-0.382622013226815,0.14474968864267268,0.14040864548027798,2000-06-23 19:56:28.031998857,-0.9271997434569053,-0.689554457751196,-0.5433251595747255,-0.5400571601745348,0.34754712759565215,-0.38387458388217977,-0.3871425832823705,-0.14845762990011543,-1.8838929759697012,-0.4276505274872038,-0.5472879528063761,-0.37991179065052916,25.452082853958643,0.19051647887415513,-5.232289050166607,0.1258668290077516,6,29.197889127000323,34.61439933563234,0.07753593039755158,0.08073658862283628,-0.6
529,529,12 SPL A4 Path H 69A,0.254,13419.0,169.817,H 69A,,,70.0,H,69,71.0,1997.7156666666667,2000.776439,2000.776439,-1.642564510113832,25.565265067457286,-1.93186358760225,-5.1814372319157584,2000.7020236666667,2000.4871814999997,-1.9318635876022496,25.543257633126213,-5.202784663291241,-1.9271606520050204,25.47738089037425,-5.266685762528074,-1.951503606436115,25.499101281216397,-5.245616766207283,0.361902679949616,0.14121884752260444,0.13698369428533644,0.2845961418911884,0.08788417708303697,0.08524853061231585,-0.0008648210879294016,0.06445975493635932,0.06252660688581783,0.3089390963222831,0.06616378624088881,0.06417953429152412,2000-10-11 04:14:24.633599434,-0.25612943711383207,-0.5459494219355835,-0.5374969085050209,-0.5591449773250041,0.3542616216003968,0.2813674713911888,0.30301554021117205,-0.004585418615707419,-1.9087028590146284,0.26613834890079646,-0.6275215814282611,0.371392144314429,25.456914327767983,0.10835073968930331,-5.22898617089633,0.04754893898057144,10,29.61119082301257,34.3630447847544,-0.12649997995258458,0.06152479775741085,-0.5817267999999208
530,530,12 SPL A4 Path H 70A,0.242,13433.0,163.215,H 70A,,,,H,70,71.0833333333333,1997.799,2000.851952,2000.851952,-1.8414827492360129,25.421908499088556,-1.8279297414435274,-5.32049453679911,2000.854805,2000.6271136666667,-1.8279297414435272,25.438898576857483,-5.304013991462475,-1.9353518921854378,25.47556728844951,-5.268444974531086,-1.9645405186560119,25.50536958736516,-5.23953644655992,0.35528730366612926,0.1414602858310476,0.1372178918589092,0.09386914294942494,-0.053658789360955694,-0.052049562268024374,0.10774152720445056,-0.035222002788235805,-0.03416569492461896,0.12305776941999902,-0.08346108827660359,-0.0809580902391902,2000-11-07 19:32:46.924799461,-0.45451908523601303,-0.44094610644352733,-0.5432699418798822,-0.5686384652532345,0.34924880012648757,0.08875085664386917,0.11411938001722144,0.10261674844519124,-1.9212102206632153,0.07972747142720249,-0.6409439343472559,0.1864248491112429,25.463731054741423,-0.04182255565286752,-5.229473349892074,-0.09102118690703609,11,30.353702064971372,34.36036383242158,-0.2910588887089934,0.10448081846969672,-0.6723423999999544
531,531,12 SPL A4 Path H 71A,0.232,12830.0,163.132,H 71A,,,,H,71,71.1666666666666,1997.8823333333332,2000.936024,2000.936024,-1.9997419649807373,25.329522164026603,-1.9987366112530915,-5.410110205672556,2000.93692,2000.7682846111109,-1.998736611253091,25.325963540790195,-5.413562105798106,-1.9445012617534754,25.46941356011339,-5.2744141525544075,-1.9713184567729516,25.505236196847626,-5.239665836695832,0.35101743815699427,0.14255987599348963,0.13828450531237899,-0.055240703227261934,-0.1398913960867887,-0.13569605311814836,-0.051515740568728395,-0.14383562078525122,-0.13952199051790468,-0.02842350820778572,-0.17571403282102338,-0.17044436897672366,2000-12-08 14:02:05.337602802,-0.6121897969807368,-0.6111174139197583,-0.549921714281253,-0.571855944272952,0.3457728185169046,-0.06226808269948381,-0.04033385270778478,-0.0585214652168767,-1.9293182341423467,-0.0704237308383906,-0.6512025096998101,0.03901271271907325,25.471978320281202,-0.14245615625459962,-5.236675998873262,-0.17343420679929356,12,30.41621506391951,34.3504726579307,-0.309262782897397,0.14737194556808025,-0.7
532,532,12 SPL A4 Path H 72A,0.244,14676.0,177.412,H 72A,,,,H,72,71.25,1997.9656666666667,2001.022784,2001.022784,-2.1549851195425247,25.22645995925542,-2.103678497679692,-5.510081574922651,2001.0299926666667,2000.9106613333336,-2.103678497679692,25.25758259832438,-5.4798923037993665,-1.9618094581141763,25.464416636163428,-5.27926121875511,-1.970600667793166,25.5017930226345,-5.243005750114304,0.3393626220363969,0.14162851143296637,0.1373810723750244,-0.1931756614283484,-0.23795667690800926,-0.23082035616754126,-0.1449855358423718,-0.20723293887612235,-0.20101802303922925,-0.1843844517493587,-0.27533306337908314,-0.26707582480834713,2001-01-09 07:35:16.224000046,-0.7666433595425248,-0.7150580050130251,-0.5645961899475098,-0.5675577372931659,0.33497902679241526,-0.202047169595015,-0.19908562224935888,-0.15360468491644544,-1.9394947284724489,-0.21549039107007584,-0.6626954973906632,-0.10394786215186158,25.47631056553606,-0.24985060628064204,-5.247785509390693,-0.2622960655319586,1,30.51817841323041,34.25251293423728,-0.3757765809659153,0.14780658862281779,-0.7
533,533,12 SPL A4 Path H 73A,0.256,13030.0,165.059,H 73A,1.0,71.0,,H,73,71.3333333333333,1998.049,2001.13117,2001.13117,-2.156308408515815,25.216765671691125,-2.3666267292516294,-5.519485130802892,2001.1117080000001,2001.0505785277778,-2.3666267292516294,25.304402384112645,-5.434476643386895,-1.9697681656443098,25.460616415324694,-5.2829474709708935,-1.978312860770269,25.49674712711736,-5.24790031922489,0.341795238896446,0.1413008679996475,0.13706325496826988,-0.18654024287150528,-0.24385074363356907,-0.23653765983199815,-0.3953090222379528,-0.15660457860954344,-0.15190800729704387,-0.17799554774554616,-0.27998145542623476,-0.27158481157800196,2001-02-17 21:02:57.120003501,-0.7663408585158136,-0.9769511092516291,-0.5698420560609765,-0.5717458901730468,0.33630952408393144,-0.19649880245483708,-0.1945949683427668,-0.40559265244165593,-1.9454203028584813,-0.21088810565733374,-0.6752970584357252,-0.09104380008008839,25.48319579096225,-0.26643011927112425,-5.254798606926129,-0.2646865238767626,2,30.13626158132617,34.27139018132214,-0.2832601306940473,0.23864295276223765,-0.49259599999986003
534,534,12 SPL A4 Path H 74A,0.266,16137.0,199.007,H 74A,,,,H,74,71.5555555555555,1998.2712222222221,2001.18117,2001.18117,-2.7885866596965494,25.469981521391386,-2.5138102631157992,-5.273863224435143,2001.2418200000002,2001.1897998333334,-2.513810263115799,25.404550062568294,-5.337332393808129,-1.9823754972825445,25.457987836678438,-5.285497218543551,-1.9876584037448697,25.49302952155068,-5.251506433800624,0.34078049072881084,0.13860754409271805,0.13445070384530747,-0.8062111624140049,0.011993684712948038,0.011633994108407819,-0.5334400512346912,-0.05645558880036816,-0.054762485692245434,-0.8009282559516797,-0.023048000159295867,-0.022356790634519008,2001-03-08 03:02:57.120002068,-1.3978691096965485,-1.1221829631157987,-0.5796371244214333,-0.577583441522648,0.3349332660973523,-0.8182319852751152,-0.8202856681739006,-0.5445749175032094,-1.9480998053931704,-0.840486854303379,-0.6808078542969309,-0.7170612553996176,25.487050439980127,-0.017068918588741155,-5.257303181407722,-0.016560043027420868,3,30.057737291866488,34.14474716819065,-0.32297412214646326,0.22245590240253751,-0.43259599999986004
535,535,12 SPL A4 Path H 75A,0.234,12033.0,152.156,H 75A,,,,H,75,71.7777777777777,1998.4934444444443,2001.41312,2001.41312,-2.596535721135033,25.526902994622372,-2.4237618001489563,-5.218648826186353,2001.4038903333333,2001.3276606111112,-2.4237618001489563,25.578723148365174,-5.168382758854297,-1.9889669727164692,25.464412702102855,-5.279265034833207,-2.002672032389538,25.49179984175523,-5.252699235499008,0.33514913098529947,0.14494272168342878,0.140595889460077,-0.6075687484185637,0.062490292519516544,0.06061620864685402,-0.4328631187188426,0.1163650740573902,0.11287528548640857,-0.5938636887454947,0.03510315286714061,0.03405040931265457,2001-05-31 18:55:52.319997961,-1.202338921135034,-1.0297034451489564,-0.5833449563553584,-0.5891036595839824,0.3315006355921183,-0.6189939647796755,-0.6132352615510516,-0.4444845677466205,-1.9599163517719693,-0.6366193693630635,-0.6726228815285881,-0.5297160396064459,25.488142785472146,0.03876020915022593,-5.260626001172239,0.04197717498588638,5,29.32977889527881,34.213139947391554,-0.13204653052596066,0.058480722546563814,-0.20851200000007203
536,536,12 SPL A4 Path H 76A,0.232,12849.0,159.28,H 76A,,,71.0,H,76,72.0,1998.7156666666667,2001.617381,2001.617381,-1.8861630196152868,25.739284929081766,-2.0962525646594243,-5.012636225941396,2001.6148223333332,2001.4674606388892,-2.096252564659424,25.60260096305231,-5.145221039829626,-2.0013535742913273,25.46467368414206,-5.27901187964536,-2.0150251816411617,25.49227630549637,-5.252237060905463,0.3253799656056136,0.14476739930764257,0.14042582500234058,0.11519055467604056,0.274611244939706,0.2663756537039639,-0.09850051676403633,0.1398067797527721,0.13561397442798562,0.12886216202587497,0.2470086235853941,0.23960083496406703,2001-08-14 08:15:27.216000728,-0.4889023046152865,-0.6990302296594249,-0.5926745514302163,-0.5979809552383839,0.3234733902615869,0.1037722468149298,0.1090786506230974,-0.10998386592144442,-1.9749336373288844,0.08877061771359762,-0.6594814847789784,0.1705791801636919,25.47879993841935,0.26048499066241604,-5.264676669083041,0.2520404431416452,8,28.164783193263634,34.509377075678145,0.2575592254662833,-0.07278873788516921,-0.1
537,537,12 SPL A4 Path H 77A,0.242,11704.0,147.481,H 77A,,,,H,77,72.1666666666666,1998.8823333333332,2001.813966,2001.813966,-1.8060589532279532,25.541614965452798,-1.867536648502415,-5.20437806736113,2001.7651043333333,2001.6078668333332,-1.867536648502415,25.564772561188857,-5.1819149679211955,-2.002935596678367,25.459296163653704,-5.284228128294269,-2.026113505652446,25.493233670707884,-5.251308407076643,0.32387527991395143,0.1496896157561475,0.14520042417955586,0.1968766434504139,0.08231880179909368,0.07985006093313896,0.1354834855747622,0.10636961532528251,0.10317959056167769,0.220054552424493,0.048381294744913816,0.04693033971551319,2001-10-25 02:20:31.775998004,-0.4058494632279541,-0.46806008350241596,-0.591119583428367,-0.605616170944113,0.3250521571363086,0.1852701202004129,0.1997667077161589,0.12313019647290942,-1.985403665162292,0.17934471193433876,-0.6512535723485903,0.24540410912063615,25.473873960970153,0.0677410044826452,-5.267405300459904,0.063027233098774,10,29.16476826779113,34.35777192222381,-0.03065980305821997,0.030122017510427212,-0.3
538,538,12 SPL A4 Path H 78A,0.274,14766.0,184.243,H 78A,1.0,72.0,,H,78,72.3333333333333,1999.049,2001.863966,2001.863966,-1.9103879726640056,25.413417789032007,-1.9928248794713885,-5.3287306104610614,2001.8790293333332,2001.7459373333331,-1.992824879471388,25.413345097393712,-5.3288011220771265,-2.0047712312618375,25.45123898979496,-5.292043667508992,-2.044882081496481,25.4923120115202,-5.252202425705289,0.3219416989908594,0.1587202989594014,0.15396027719354624,0.09438325859783192,-0.037821200762952145,-0.036686942952069757,0.011871240603114508,-0.0406706222329151,-0.03945091027214964,0.13449410883247537,-0.078894222488195,-0.07652818475577217,2001-11-12 08:20:31.775996570,-0.5094284826640072,-0.5916394394713899,-0.5897767050673932,-0.6209826292603697,0.32653444421218963,0.08034822240338602,0.11155414659636254,-0.001964619943183347,-1.9889368139416572,0.0785488412776516,-0.659383639362912,0.1499551566989048,25.47472821212826,-0.06131042309625201,-5.2683008111624225,-0.0604297992986389,11,29.742115497931774,34.3038415196528,-0.18194486849330688,0.06249611822982842,-0.3
539,539,12 SPL A4 Path H 79A,0.238,12152.0,151.325,H 79A,,,,H,79,72.6666666666666,1999.3823333333332,2001.959156,2001.959156,-2.262027712522207,25.285002537696325,-2.1228551058139407,-5.453294688409187,2001.9483416666665,2001.8829103333333,-2.1228551058139407,25.311057344436332,-5.4280212653233155,-2.0063815322833043,25.451512005431212,-5.291778839611669,,,,0.32203056634957955,0.15863645833661183,0.15387895095103415,-0.2556461802389025,-0.16650946773488684,-0.16151584879751812,-0.10891441423397581,-0.14006915028393863,-0.13586847646692254,,,,2001-12-17 02:12:23.615996644,-0.8596403725222084,-0.7204036498139409,-0.5881281700888599,,0.3265410516654183,-0.2715122024333485,,-0.12474202004879072,-1.9967106192646764,-0.2653170932575304,-0.6626844843490063,-0.1969558881732021,25.476612858884323,-0.1916103211879978,-5.270248226548385,-0.1830464618608021,12,30.102750714244575,34.248225875353114,-0.2863116774018259,0.03307706939211494,-0.29802560000007716
540,540,12 SPL A4 Path H 80A,0.24,12307.0,156.525,H 80A,,,,H,80,73.0,1999.7156666666667,2002.021903,2002.021903,-2.1961496322556098,25.234751706580656,-2.256436602526381,-5.502038497099697,2002.028722,2002.020926027778,-2.256436602526381,25.259699476842666,-5.477838910467848,-2.0306693111947527,25.450628488934633,-5.292635859448517,,,,0.352769804421161,0.15804124829676447,0.15330159126028145,-0.16548032106085708,-0.2158767823539769,-0.20940263765117972,-0.2237214279787627,-0.19272118767987223,-0.186941479261353,,,,2002-01-08 23:52:13.008002073,-0.7921420942556068,-0.8516933358597125,-0.6090800141391975,,0.3518226100036248,-0.18306208011640923,,-0.24062057447876084,-2.003702683442725,-0.1924469488128846,-0.6655404457816008,-0.126601648474006,25.481657907476936,-0.24690620089628013,-5.271963335616894,-0.23007516148280338,1,30.288798578489146,34.178698698940465,-0.35852942573968094,-0.01368151233876415,-0.14743279999993786
541,541,12 SPL A4 Path H 81A,0.31,17582.0,213.834,H 81A,1.0,73.0,,H,81,73.3333333333333,2000.049,2002.105107,2002.105107,-2.311132462801327,25.25934418625101,-2.300287655472005,-5.478183545894659,2002.148914,2002.1630889444443,-2.300287655472005,25.301798553293803,-5.437002385319475,-2.061094680164798,25.455121499201763,-5.288277594559298,,,,0.3534892483517313,0.1653003691928903,0.1603430111207361,-0.25003778263652876,-0.19577731295075296,-0.18990595133536115,-0.2392238168823594,-0.15271339339671997,-0.14813351872875144,,,,2002-02-08 08:44:14.352002810,-0.9032975408013226,-0.890437611472004,-0.6360100999147983,,0.35109858360826884,-0.26728744088652434,,-0.2544868539471728,-2.015196081821048,-0.29593638098027863,-0.6700263995655149,-0.23327114123580772,25.484156298613275,-0.22481211236226528,-5.274715713230746,-0.20346783266391277,2,30.09891324000877,34.108620195007425,-0.34828996671006307,-0.013891543640584132,-0.023871599999914797
542,542,12 SPL A4 Path H 82A,0.248,12742.0,161.675,H 82A,,,,H,82,73.6666666666666,2000.3823333333332,2002.319732,2002.319732,-2.393580871359079,25.41129976704975,-2.4210129657647745,-5.330785112964069,2002.2915603333333,2002.3056808611113,-2.4210129657647745,25.432347671755362,-5.310368434920583,-2.0914275244093865,25.45778585193518,-5.2856931457643554,,,,0.3634632528899818,0.16927105924975222,0.1641946201827947,-0.30215334694969265,-0.046486084885430046,-0.04509196719971342,-0.33402445235956457,-0.02590124225094333,-0.025124463995836937,,,,2002-04-27 16:51:08.351997819,-0.9758731993590823,-1.0046011904314414,-0.6627621585204979,,0.35872462720175574,-0.31311104083858443,,-0.34628484185030506,-2.027401225466371,-0.366179645892708,-0.6617562123205151,-0.3141169870385673,25.486340038260245,-0.07504027121049361,-5.277531327037554,-0.05325378592651475,4,30.00773551700514,33.94778620530586,-0.40060616488981765,0.08596580647930295,0.2673567999997134
543,543,12 SPL A4 Path H 83A,0.254,13101.0,160.532,H 83A,,,73.0,H,83,74.0,2000.7156666666667,2002.449842,2002.449842,-2.5583255631339186,25.62639906196532,-2.383908235114968,-5.122136645903019,2002.431288,2002.4441887500002,-2.383908235114968,25.54356081443109,-5.202490574393695,-2.108443335641446,25.461839390881966,-5.281761172450583,,,,0.3439682713192623,0.16833756998899016,0.16328912626496345,-0.44988222749247253,0.164559671083353,0.15962452654756376,-0.2745348131816447,0.08520674257725958,0.08265139236736758,,,,2002-06-14 04:36:57.311999673,-1.134632831133919,-0.9610689871149685,-0.6761767873081131,,0.34264589930019995,-0.45845604382580596,,-0.28398178163534854,-2.048609273504692,-0.5097162896292264,-0.6508783469826762,-0.4837544841512429,25.483369532707943,0.143029529257376,-5.282168732247645,0.16003208634462585,6,29.336181976792275,34.176185733637666,-0.15008460133243667,0.07117964340975595,0.6694312000002077
544,544,12 SPL A4 Path H 84A,0.278,14160.0,179.013,H 84A,,,,H,84,74.1666666666666,2000.8823333333332,2002.52429,2002.52429,-2.1998182708519067,25.592983614278207,-2.205457906480683,-5.154549964313997,2002.5527713333333,2002.5806638888887,-2.205457906480682,25.63945807394658,-5.1094692736910785,-2.1282494057491377,25.45543697274435,-5.287971582068249,,,,0.33272470201736065,0.1723457487553591,0.16717709975012895,-0.07156886510276905,0.13754664153385576,0.13342161775425243,-0.0826487447024374,0.18165649030665776,0.17620861216236103,,,,2002-07-11 08:46:49.440002035,-0.7727009308519037,-0.7770304251473491,-0.6923226706102489,,0.332795258844772,-0.08037826024165484,,-0.09016397309132591,-2.059751089809385,-0.14006718104252158,-0.6533433398359125,-0.1193575910159912,25.482827962728262,0.11015565154994533,-5.284503190868642,0.1299532265546448,7,28.687354328282098,34.38728055655488,0.08765013171096112,-0.00480259406955247,0.7791480000000245
545,545,12 SPL A4 Path H 85A,0.248,14165.0,173.401,H 85A,1.0,74.0,,H,85,74.3333333333333,2001.049,2002.684182,2002.684182,-1.8582298854562227,25.69899154559621,-1.8473116180424185,-5.051721210856218,2002.6812116666667,2002.7178965555552,-1.8473116180424183,25.63070551064017,-5.1179593476239305,-2.131734743944152,25.456128387293447,-5.287300903041485,,,,0.33240226520960836,0.17178158965216717,0.16662985977844172,0.27350485848792916,0.2428631583027645,0.23557969218526686,0.2878379120987839,0.17586594790867238,0.17059172813089032,,,,2002-09-07 17:26:03.551998876,-0.42375751345622437,-0.41297588137575164,-0.6920998982497079,,0.33282365842792827,0.2683423847934835,,0.28252296608952454,-2.074328113916389,0.21609822846016646,-0.6498637318250116,0.2261062183687872,25.481960266301527,0.2170312792946838,-5.287431812085559,0.23571060122934018,9,28.03807675444951,34.90481750978222,0.4633828279030457,-0.08516155563098983,0.9710184000000218
546,546,12 SPL A4 Path H 86A,0.236,12778.0,160.911,H 86A,,,,H,86,74.5833333333333,2001.299,2002.835163,2002.835163,-1.4838866978191254,25.600141372046085,-1.7130842602671992,-5.147606867701576,2002.846888,2002.854877722222,-1.713084260267199,25.574889603719217,-5.172101335496318,-2.1454644407303167,25.45295332815669,-5.290380742154728,,,,0.3480583879912185,0.17232951253801437,0.16716135045694194,0.6615777429111913,0.14718804388939688,0.1427738744531517,0.43525497673755936,0.12330192093823082,0.1196040963292931,,,,2002-11-01 20:01:40.367998924,-0.04246919981912689,-0.27119136926720083,-0.7020739735358723,,0.34397346721647176,0.6596047737167454,,0.43374168839496513,-2.088357001437184,0.6044703036180585,-0.6525048438852052,0.6100356440660784,25.4836081266648,0.11653324538128373,-5.290132595505226,0.14252572780365025,11,28.761686275770185,34.84773657431415,0.2785023102456452,-0.06954161558307896,1.2521955999999157
547,547,12 SPL A4 Path H 87A,0.22,12284.0,153.668,H 87A,,,,H,87,74.8333333333333,2001.549,2003.021319,2003.021319,-1.7971361975262494,25.425535893515363,-1.7418018641741646,-5.316975927931161,2003.0026786666665,2002.991401222222,-1.7418018641741642,25.45424337332106,-5.2891293854448405,-2.167818526339807,25.445681332892832,-5.297434650280621,,,,0.38310737822324675,0.1696001006747645,0.16451379365546845,0.37068232881355745,-0.020145439377468932,-0.019541277650539257,0.4279998512400795,0.005022565675807537,0.004871938931188424,,,,2003-01-08 18:45:15.983998378,-0.3473473945262513,-0.29319726450749856,-0.7206253012009182,,0.37322730833200324,0.37327790667466687,,0.42937396327711586,-2.106058294954204,0.30892209742795473,-0.6610236554910318,0.3136762609647805,25.483261391513395,-0.05772549799803173,-5.2933611058772465,-0.023614822053914075,1,29.71077563601872,34.82400193781944,0.05902206724097515,-0.07304670464639275,0.9488344000002165
548,548,12 SPL A4 Path H 88A,0.232,11661.0,144.44,H 88A,,,,H,88,75.0833333333333,2001.799,2003.151554,2003.151554,-1.9443826971771188,25.337052854401723,-1.9267459803224092,-5.402805360701784,2003.1632826666666,2003.1277153611113,-1.9267459803224087,25.388436041554794,-5.352963155331433,-2.196122179172608,25.449027761886228,-5.294188580692737,,,,0.38082543464747803,0.17317784955257992,0.16798424584444008,0.25173948199548946,-0.11197490748450534,-0.10861678000904718,0.26529693004197047,-0.059769261180975995,-0.05797678103815892,,,,2003-02-25 07:36:46.944001036,-0.48977519917711754,-0.4717045216557431,-0.7450144086170531,,0.3706856107103441,0.2552392094399356,,0.2692029912919698,-2.118671961361342,0.1742892641842233,-0.66993343451075,0.1801582353336325,25.484593748391468,-0.14754089398974557,-5.29556081680494,-0.10724454389684368,2,29.911408966008864,34.73666720866071,-0.02441788784031502,-0.059888102393564624,0.5362703999998633
549,549,12 SPL A4 Path H 89A,0.246,12864.0,163.21,H 89A,1.0,75.0,,H,89,75.3333333333333,2002.049,2003.316975,2003.316975,-2.038719046263859,25.402719376747296,-2.0644517360637087,-5.339108177361354,2003.3079306666666,2003.2665778055552,-2.0644517360637082,25.381914213107986,-5.359289394143123,-2.212188025580723,25.44990681342825,-5.293335891906463,,,,0.3776232003612706,0.17311656539014314,0.16792479959403495,0.17346897931686422,-0.04718743668095371,-0.045772285454890316,0.1399333127018536,-0.06792648813737283,-0.0658893727581334,,,,2003-04-26 16:42:03.599998634,-0.5779909712638605,-0.6040583013970414,-0.7570828290251678,,0.36802056167695246,0.17909185776130732,,0.1451980277018544,-2.134997102450341,0.096278056186482,-0.6752447876293527,0.09725381636549224,25.48876114389232,-0.08604176714502287,-5.298275179162166,-0.04083299819918729,4,29.509657471927348,34.364266160635914,-0.1036130275365643,0.03528521894927144,-0.09110999999965416
550,550,12 SPL A4 Path H 90A,0.3,16637.0,202.18,H 90A,,,,H,90,75.6666666666666,2002.3823333333332,2003.455263,2003.455263,-2.2102534647501484,25.405970408174934,-2.1417565114831185,-5.3359546443662325,2003.4564473333332,2003.410037388889,-2.1417565114831185,25.453365192989683,-5.289981229148077,-2.2048449415433553,25.450587528421593,-5.29267559155577,,,,0.38438209529785844,0.17267729625888442,0.16749870414402263,-0.005408523206793081,-0.044617120246659425,-0.04327905281046274,0.06695441276031677,0.0033981752757365293,0.0032962639992174894,,,,2003-06-16 04:06:13.968001861,-0.7444087337501462,-0.6758679601497857,-0.7456717496544668,,0.3788509511075206,0.0012630159043206524,,0.073677083241798,-2.1574096485394305,-0.052843816210717875,-0.6844961887361669,-0.059912545013979246,25.490925680970058,-0.08495527279512416,-5.301766498553139,-0.034188145813093485,6,29.104498840879977,34.27819738505252,-0.05320907498783611,0.056032149404926714,-0.20368439999984156
551,551,12 SPL A4 Path H 91A,0.258,12725.0,161.42,H 91A,,,75.0,H,91,76.0,2002.7156666666667,2003.597104,2003.597104,-2.1762970234353487,25.55140579404682,-2.0700506538170855,-5.1948808657166445,2003.587595,2003.5557143333333,-2.0700506538170855,25.55671228364218,-5.189733517744248,-2.2090998056062277,25.449406711291996,-5.29382099597965,,,,0.3846620831829395,0.17439058146425612,0.16916060792608548,0.03280278217087895,0.10199908275482272,0.09894013026300552,0.14044390226620473,0.10706124767703547,0.10385048085920001,,,,2003-08-06 22:37:51.743998259,-0.7052041754353506,-0.5993096388170869,-0.7458805514951171,,0.37886491093204705,0.040676376059766484,,0.1479807167662037,-2.1720473040631,-0.004249719372248606,-0.6914527255790751,-0.013751449856275522,25.491762964520248,0.059642829526570296,-5.303920740411612,0.10903987469496723,8,28.206600960958127,34.325246051702166,0.16550035637132374,0.005685326863022056,0.16652479999990333
552,552,12 SPL A4 Path H 92A,0.22,11841.0,143.445,H 92A,,,,H,92,76.1111111111111,2002.8267777777778,2003.710418,2003.710418,-1.8236014732657597,25.71276064870479,-1.988259104346188,-5.0383650431498666,2003.741078,2003.70203,-1.9882591043461877,25.546266576895537,-5.199865957745559,-2.217538921100288,25.448958868181847,-5.294255408274924,,,,0.38679750142361075,0.17502463279804203,0.16977564406037135,0.3939374478345281,0.2638017805229431,0.25589036512505725,0.22444365488047793,0.09939103200942039,0.09641029495945741,,,,2003-09-17 07:15:42.047996547,-0.34831600726576384,-0.5118392183461902,-0.7503187656002882,,0.3800454485533574,0.40200275833452437,,0.23365032982492032,-2.1839559841369462,0.36035451087118653,-0.6839061754596165,0.3355901681938527,25.489103978408902,0.2236566702958882,-5.3055817792832665,0.2672167361333999,9,28.004889524197168,34.55165744906324,0.3117619894862995,0.014028511699722003,0.3
553,553,12 SPL A4 Path H 93A,0.246,12504.0,158.499,H 93A,,,,H,93,76.2222222222222,2002.937888888889,2003.915712,2003.915712,-1.9648788163374555,25.374633287935,-1.8396398665908729,-5.366351964370168,2003.882934,2003.8499189444442,-1.8396398665908726,25.440521315587375,-5.302439918667093,-2.211469550973482,25.442261055184506,-5.300752353860477,,,,0.37922103928626344,0.17877066203008682,0.17340932987574711,0.24659073463602654,-0.0676277672495047,-0.06559961050969054,0.37235533209824645,-0.0027254781428685724,-0.0026437410533646974,,,,2003-12-01 05:38:13.631999526,-0.48199747233745605,-0.3580468819242073,-0.7402693274179266,,0.3669922805963246,0.25827185508047057,,0.3827803084871344,-2.2058838667274485,0.24100505038999298,-0.7064802058362307,0.22448273349877468,25.486784013576305,-0.11215072564130324,-5.308490949919739,-0.05786101445042835,12,29.69378747695314,34.015409342936195,-0.3011071951641649,0.035190266910952235,0.4
554,554,12 SPL A4 Path H 94A,0.234,13363.0,163.714,H 94A,1.0,76.0,,H,94,76.3333333333333,2003.049,2004.022672,2004.022672,-1.7304393101694036,25.234170010122323,-1.8005076376093216,-5.5026027484812445,2004.023339666667,2003.992753722222,-1.8005076376093214,25.250335323662615,-5.486922232694024,-2.206977123993588,25.438520457824367,-5.304380770705784,,,,0.37546841592815594,0.17835736363086832,0.17300842629552035,0.4765378138241845,-0.20435044770204414,-0.1982219777754608,0.4162350134882238,-0.18772275726150056,-0.18209295177122828,,,,2004-01-09 07:09:03.052801798,-0.24382716616940203,-0.3141584266093218,-0.7318934782158109,,0.3595098085011535,0.4880663120464088,,0.4275289482937794,-2.2267450275337093,0.49630571736430573,-0.7146973507710775,0.4708701846016755,25.48576039195677,-0.25159038183444693,-5.311032825566146,-0.19156992291509845,1,30.152901977598034,33.885841811294384,-0.4604177763750397,0.015242934776633774,0.4
555,555,12 SPL A4 Path H 95A,0.224,11782.0,148.613,H 95A,,,,H,95,76.6666666666666,2003.3823333333332,2004.131635,2004.131635,-1.7062047863211063,25.142202672930527,-1.8294938955395412,-5.59181198523066,2004.1481173333334,2004.131646666667,-1.8294938955395408,25.26176244920221,-5.475837806649366,-2.2317812783255664,25.43339272976348,-5.309354718202126,,,,0.38308697350295784,0.17200381924864083,0.16684542470931277,0.5255764920044601,-0.29119005683295285,-0.28245726702853347,0.4053337025275708,-0.17386895160535332,-0.1686546217467105,,,,2004-02-18 04:16:54.623998742,-0.21665064132110734,-0.33949472753954124,-0.7528993190755666,,0.3669223305562224,0.5362486777544593,,0.416478214749793,-2.2389008344041805,0.5326960480830742,-0.7232325153853313,0.506581874064224,25.484607137514132,-0.3424044645836055,-5.312426372888653,-0.2793856123420069,2,30.355736153838194,33.52399164196491,-0.6678738639677492,0.027584979141113762,0.2920380000000405
556,556,12 SPL A4 Path H 96A,0.242,13063.0,163.777,H 96A,,,76.0,H,96,77.0,2003.7156666666667,2004.290045,2004.290045,-2.0518375901281134,25.408914664553773,-2.20963614817734,-5.333098686236195,2004.2791216666667,2004.2665442500002,-2.2096361481773394,25.363330473264494,-5.377315807628711,-2.265724391882181,25.434981014834836,-5.307814065800057,,,,0.39812820990188297,0.17329087367032078,0.16809388036888726,0.2138868017540676,-0.026066350281062967,-0.025284620436137217,,,,,,,2004-04-16 03:45:19.007998852,-0.5580063751281144,-0.716099863177341,-0.7831260295766258,,0.3820258525453459,0.22511965444851145,,,-2.2664156121610737,0.21457802203296028,-0.7411891891114825,0.1831828139833681,25.48190097139515,-0.07298630684137564,-5.315354345123708,-0.01774434111248624,4,29.77261986525845,33.60645361295191,-0.5024804211291497,0.06413562708440532,0.2
557,557,12 SPL A4 Path H 97A,0.282,14788.0,182.358,H 97A,,,,H,97,77.1666666666666,2003.8823333333332,2004.415685,2004.415685,-2.8708660680827993,25.538874082309174,-2.5081201709032808,-5.2070367514192775,2004.4519956666666,,-2.5081201709032803,25.578495108978526,-5.168603959339742,,,,,,,,,,,,,,,,,,,2004-06-01 03:22:37.343998086,-1.373642573082801,-1.0099162879032815,,,,,,,-2.2809903164772796,-0.5898757516055197,-0.7602147979335299,-0.6134277751492712,25.47864399769053,0.06023008461864521,-5.3167928668744,0.10975611545512276,6,28.872642923981477,34.26990729875566,-0.005931315607042187,0.035492353241934324,0.24882199999997176
558,558,12 SPL A4 Path H 98A,0.274,13168.0,166.894,H 98A,1.0,77.0,,H,98,77.3333333333333,2004.049,2004.650257,2004.650257,-2.601656854498929,25.787696580072623,-2.7364582083857063,-4.9656764403637546,2004.621566,,-2.7364582083857063,25.691121246421066,-5.059355479759099,,,,,,,,,,,,,,,,,,,2004-08-25 23:51:26.956800334,-1.0980999154989288,-1.2336759263857078,,,,,,,-2.299521471099737,-0.3021353833991922,-0.7801739127703196,-0.31792600272860927,25.474814698871466,0.31288188120115734,-5.3184784446878,0.3528020043240456,8,27.59442520379852,34.77234947342762,0.5013755140440385,-0.06615442133843771,0.6303084000000402
559,559,12 SPL A4 Path H 99A,0.236,12711.0,155.284,H 99A,,,,H,99,77.5555555555555,2004.2712222222221,2004.798756,2004.798756,-2.7368517025753913,25.746793076881406,-2.4502447063087427,-5.005353247494266,2004.7786473333333,,-2.4502447063087422,25.676490624884725,-5.0735473289555655,,,,,,,,,,,,,,,,,,,2004-10-19 08:16:21.734397221,-1.2292852905753937,-0.9432212283087432,,,,,,,-2.3167394881117924,-0.4201122144635989,-0.8009311045406972,-0.42835418603469655,25.470391557409137,0.27640151947226954,-5.319921624715832,0.3145683772215655,10,28.55330065191595,34.39607946883771,0.12110146400227065,-0.02701323428813339,0.7
560,560,12 SPL A4 Path H 100A,0.234,12170.0,154.742,H 100A,,,,H,100,77.7777777777777,2004.4934444444443,2004.886929,2004.886929,-2.012225561851907,25.49498221770015,-2.345731574912379,-5.249612299008675,2004.9041566666667,,-2.3457315749123784,25.493830422775204,-5.250729551603825,,,,,,,,,,,,,,,,,,,2004-11-20 14:47:03.609600291,-0.502278478851907,-0.8353729149123793,,,,,,,-2.3340789439054674,0.3218533820535603,-0.811566657688121,0.30928817883621396,25.467950571458992,0.02703164624115928,-5.321265522017477,0.07165322300880206,11,29.24937946714219,34.179426440530996,-0.1295297350624532,0.004349427582414137,0.7
561,561,12 SPL A4 Path H 101A,0.266,15548.0,187.454,H 101A,,,77.0,H,101,78.0,2004.7156666666667,2005.026785,2005.026785,-2.2881174603098375,25.23971597374405,-2.154386524796962,-5.497223108308532,2005.0166986666666,,-2.154386524796962,25.355476999344962,-5.38493375586539,,,,,,,,,,,,,,,,,,,2005-01-10 18:38:11.760000569,-0.7745549753098373,-0.6412619947969627,,,,,,,-2.3656738037955125,0.07755634348567497,-0.8332670353317168,0.05871206002187945,25.462596320665238,-0.22288034692118686,-5.3234512955736015,-0.17377181273493036,1,29.85641008147418,34.004478802836495,-0.3418029059444679,0.018915254488205392,0.6178580000000368
562,562,12 SPL A4 Path H 102A,0.266,13696.0,173.432,H 102A,,,,H,102,78.1111111111111,2004.8267777777778,2005.136382,2005.136382,-2.162816552229142,25.33173280659069,-2.4046198651745843,-5.4079658602789635,2005.142082333333,,-2.404619865174584,25.313323853383093,-5.425822728979868,,,,,,,,,,,,,,,,,,,2005-02-19 18:42:22.751997234,-0.6469525302291437,-0.8886361361745853,,,,,,,-2.3796570442738183,0.21684049204467648,-0.8442980025576001,0.19734547232845645,25.459677676439423,-0.12794486984873288,-5.324303310042439,-0.08366255023652425,2,29.737358533143865,34.009716217154846,-0.3132547334649919,-0.0069574788923373486,0.5726832000001856
563,563,12 SPL A4 Path H 103A,0.256,14177.0,175.421,H 103A,,,,H,103,78.2222222222222,2004.937888888889,2005.26308,2005.26308,-2.7629255829847734,25.36852277981453,-2.680677573537491,-5.372279218352109,2005.263996,,-2.6806775735374906,25.360354363246397,-5.380202664107359,,,,,,,,,,,,,,,,,,,2005-04-07 00:34:50.879998277,-1.2444009029847747,-1.1621336575374916,,,,,,,-2.406917196129267,-0.3560083868555064,-0.8666368506418173,-0.3777640523429574,25.453343901874405,-0.08482112205987491,-5.32578332745023,-0.04649589090187867,4,30.013956366416178,33.81029920432808,-0.4638439043710714,0.012905338622735144,0.4
564,564,12 SPL A4 Path H 104A,0.282,14884.0,187.473,H 104A,1.0,78.0,,H,104,78.3333333333333,2005.049,2005.392526,2005.392526,-3.1162905853985583,25.38080750333398,-2.8469040601593405,-5.360362913691006,2005.4464513333332,,-2.8469040601593396,25.478355598122686,-5.265740286265014,,,,,,,,,,,,,,,,,,,2005-05-24 06:31:39.936002806,-1.5950475393985566,-1.3245285821593404,,,,,,,-2.424057196192561,-0.6922333892059971,-0.877910874229862,-0.7171366651686946,25.449923392153,-0.0691158888190202,-5.326582437264255,-0.03378047642675064,5,29.06422511066765,34.22789888781168,-0.06698317816775552,0.021270866431342256,0.2579375999997482
565,565,12 SPL A4 Path H 105A,0.222,11774.0,149.349,H 105A,,,,H,105,78.6666666666666,2005.3823333333332,2005.683748,2005.683748,-2.661496012094689,25.68573651121955,-2.7325466058071295,-5.064578726751925,2005.6424246666666,,-2.7325466058071286,25.506699456384922,-5.238246460312062,,,,,,,,,,,,,,,,,,,2005-09-07 13:37:56.927997578,-1.1341373040946905,-1.2060556878071285,,,,,,,-2.452076679176642,-0.20941933291804693,-0.9233092974015845,-0.21082800669310597,25.434487777549013,0.25124873367053624,-5.327699120253032,0.26312039350110705,9,28.262482800269375,34.40693280484776,0.18996539110552568,0.007930170987660858,-0.1
566,566,12 SPL A4 Path H 106A,0.236,12225.0,152.722,H 106A,,,78.0,H,106,79.0,2005.7156666666667,2005.851,2005.851,-2.419853219928141,25.453554354601234,-2.272246723886111,-5.289797740493256,2005.878439,,-2.2722467238861106,25.497772923202593,-5.246905286764252,,,,,,,,,,,,,,,,,,,2005-11-07 14:45:36.000003558,-0.8889822199281385,-0.7415034878861108,,,,,,,-2.474267969163807,0.05441474923566636,-0.9459529053871518,0.05697068545901329,25.425680169140573,0.027874185460660783,-5.328414725514972,0.038616985021715955,11,29.673107111686924,34.11141165902511,-0.2533564636049123,0.0922375570788954,-0.5136000000003274
567,567,12 SPL A4 Path H 107A,0.232,11706.0,148.191,H 107A,,,,H,107,79.1111111111111,2005.8267777777778,2006.100569,2006.100569,-1.735390939635503,25.354027903786996,-2.1544681284565255,-5.3863393930475745,2006.0729076666667,,-2.154468128456525,25.330510933659383,-5.409151089241061,,,,,,,,,,,,,,,,,,,2006-02-06 16:59:03.983998436,-0.20139093963550292,-0.6215111284565248,,,,,,,-2.4983826987945634,0.7629917591590605,-0.9794679185743896,0.7780769789388867,25.411045987095065,-0.05701808330806912,-5.329024686823088,-0.057314706224486756,2,30.11283541235122,33.899355568759496,-0.44552192714106936,0.20111473933298293,-0.8293172000000862
568,568,12 SPL A4 Path H 108A,0.242,12944.0,160.738,H 108A,,,,H,108,79.2222222222222,2005.937888888889,2006.267154,2006.267154,-2.308160225805933,25.183950542589916,-2.1678892439144697,-5.551316134182354,2006.2554189999998,,-2.1678892439144697,25.24620725536758,-5.490926500220894,,,,,,,,,,,,,,,,,,,2006-04-08 12:16:08.543996572,-0.774160225805933,-0.6338892439144698,,,,,,,-2.5221449216343075,0.21398469582837443,-1.001313494095123,0.2271532682891899,25.40030997304663,-0.21635943045671624,-5.329466965342983,-0.22184916883937067,4,29.96768050369141,33.90525409247949,-0.4109335089241919,0.22715625208441906,-0.45883040000033576
569,569,12 SPL A4 Path H 109A,0.246,12144.0,154.275,H 109A,1.0,79.0,,H,109,79.3333333333333,2006.049,2006.398534,2006.398534,-2.4601165663019735,25.200643319725824,-2.4461220424131467,-5.5351239734327535,2006.3902866666665,,-2.4461220424131462,25.20448470526759,-5.531397791043382,,,,,,,,,,,,,,,,,,,2006-05-26 11:09:28.223997694,-0.9261165663019735,-0.9121220424131465,,,,,,,-2.541187064545906,0.08107049824393231,-1.012036165968829,0.08591959966685558,25.394639929143683,-0.19399660941785868,-5.329709359576076,-0.2054146138566777,5,30.006990453434945,34.065760445843054,-0.3473538389155442,0.11873422374554321,-0.07175920000006206
570,570,12 SPL A4 Path H 110A,0.24,12574.0,152.695,H 110A,,,,H,110,79.6666666666666,2006.3823333333332,2006.505172,2006.505172,-2.570089335131533,25.22886025348704,-2.4883380837641234,-5.5077532655150385,2006.4862926666665,,-2.4883380837641234,25.273915020956753,-5.464049690521738,,,,,,,,,,,,,,,,,,,2006-07-04 09:18:24.191996917,-1.036089335131533,-0.9543380837641235,,,,,,,-2.5699559559502676,-0.00013337918126543613,-1.029048770537527,-0.007040564594005927,25.384992678573436,-0.15613242508639757,-5.329896533231083,-0.1778567322839555,7,29.142409149482287,34.36608368266223,-0.02200051319539098,0.02791601169983096,0.05620639999987142
571,571,12 SPL A4 Path H 111A,0.282,14484.0,183.01,H 111A,,,,H,111,80.0,2006.7156666666667,2006.555172,2006.555172,-2.434808349858864,25.392241489657405,-2.5946700868522985,-5.349271832617422,2006.5592903333334,,-2.5946700868522985,25.39192948734473,-5.349574477980737,,,,,,,,,,,,,,,,,,,2006-07-22 15:18:24.192002654,-0.9008083498588639,-1.0606700868522987,,,,,,,-2.584969957737524,0.15016160787866006,-1.0359168853694538,0.13510853551058988,25.38088135023403,0.011360139423373994,-5.329894842273599,-0.01937699034382323,7,28.69011638564554,34.470704322909526,0.1245831809909135,-0.016425464503970033,0.13241280000004957
572,572,12 SPL A4 Path H 112A,0.234,12889.0,160.079,H 112A,1.0,80.0,,H,112,80.3333333333333,2007.049,2006.617527,2006.617527,-2.779112575566499,25.55468671888975,-2.7473106555638136,-5.19169833580975,2006.614326,,-2.7473106555638136,25.5152404788563,-5.229961583104601,,,,,,,,,,,,,,,,,,,2006-08-14 09:32:11.472003445,-1.245112575566499,-1.2133106555638138,,,,,,,-2.6038745157738865,-0.17523805979261242,-1.0432005744215744,-0.20191200114492447,25.376389373626676,0.1782973452630756,-5.329827155064217,0.13812881925446696,8,28.14599172950353,34.648890325587104,0.3244743059766813,-0.06726647169824537,0.2820648000002457
573,573,12 SPL A4 Path H 113A,0.244,12325.0,155.769,H 113A,,80.1,,H,113,80.4333333333333,2007.1490000000001,2006.670279,2006.670279,-3.0280110412660783,25.598793228021737,,-5.148914580886633,,,,,,,,,,,,,,,,,,,,,,,,2006-09-02 15:38:38.543998007,-1.4940110412660783,,,,,,,,-2.6199935018522478,-0.40801753941383057,-1.0531977460658841,-0.4408132952001942,25.36988341488128,0.22890981314045789,-5.329724200470242,0.1808096195836093,9,28.107506588903288,34.54280525131855,0.2852027623910679,-0.07064499687801618,0.4086695999999471
